----------------
IN: 
0xfffffff0:  ea 5b e0 00 f0           ljmpw    $0xf000:$0xe05b

----------------
IN: 
0x000fe05b:  2e 66 83 3e 68 62 00     cmpl     $0, %cs:0x6268
0x000fe062:  0f 85 4d f0              jne      0xfd0b3

----------------
IN: 
0x000fe066:  31 d2                    xorw     %dx, %dx
0x000fe068:  8e d2                    movw     %dx, %ss

----------------
IN: 
0x000fe06a:  66 bc 00 70 00 00        movl     $0x7000, %esp

----------------
IN: 
0x000fe070:  66 ba 0e 07 0f 00        movl     $0xf070e, %edx
0x000fe076:  e9 b7 ee                 jmp      0xfcf30

----------------
IN: 
0x000fcf30:  fa                       cli      
0x000fcf31:  fc                       cld      
0x000fcf32:  66 89 c1                 movl     %eax, %ecx
0x000fcf35:  66 b8 8f 00 00 00        movl     $0x8f, %eax
0x000fcf3b:  e6 70                    outb     %al, $0x70

----------------
IN: 
0x000fcf3d:  e4 71                    inb      $0x71, %al

----------------
IN: 
0x000fcf3f:  e4 92                    inb      $0x92, %al

----------------
IN: 
0x000fcf41:  0c 02                    orb      $2, %al
0x000fcf43:  e6 92                    outb     %al, $0x92

----------------
IN: 
0x000fcf45:  66 89 c8                 movl     %ecx, %eax
0x000fcf48:  2e 0f 01 1e 58 62        lidtw    %cs:0x6258
0x000fcf4e:  2e 0f 01 16 18 62        lgdtw    %cs:0x6218
0x000fcf54:  0f 20 c1                 movl     %cr0, %ecx
0x000fcf57:  66 81 e1 ff ff ff 1f     andl     $0x1fffffff, %ecx
0x000fcf5e:  66 83 c9 01              orl      $1, %ecx
0x000fcf62:  0f 22 c1                 movl     %ecx, %cr0

----------------
IN: 
0x000fcf65:  66 ea 6d cf 0f 00 08 00  ljmpl    $0x8:$0xfcf6d

----------------
IN: 
0x000fcf6d:  b9 10 00 00 00           movl     $0x10, %ecx
0x000fcf72:  8e d9                    movl     %ecx, %ds

----------------
IN: 
0x000fcf74:  8e c1                    movl     %ecx, %es

----------------
IN: 
0x000fcf76:  8e d1                    movl     %ecx, %ss

----------------
IN: 
0x000fcf78:  8e e1                    movl     %ecx, %fs

----------------
IN: 
0x000fcf7a:  8e e9                    movl     %ecx, %gs
0x000fcf7c:  ff e2                    jmpl     *%edx

----------------
IN: 
0x000f070e:  53                       pushl    %ebx
0x000f070f:  83 ec 20                 subl     $0x20, %esp
0x000f0712:  e8 1e c8 ff ff           calll    0xecf35

----------------
IN: 
0x000ecf35:  68 c0 4a 0f 00           pushl    $0xf4ac0
0x000ecf3a:  68 53 0f 0f 00           pushl    $0xf0f53
0x000ecf3f:  e8 de ff ff ff           calll    0xecf22

----------------
IN: 
0x000ecf22:  8d 4c 24 08              leal     8(%esp), %ecx
0x000ecf26:  8b 54 24 04              movl     4(%esp), %edx
0x000ecf2a:  b8 48 4a 0f 00           movl     $0xf4a48, %eax
0x000ecf2f:  e8 a6 f7 ff ff           calll    0xec6da

----------------
IN: 
0x000ec6da:  55                       pushl    %ebp
0x000ec6db:  57                       pushl    %edi
0x000ec6dc:  56                       pushl    %esi
0x000ec6dd:  53                       pushl    %ebx
0x000ec6de:  83 ec 08                 subl     $8, %esp
0x000ec6e1:  89 c5                    movl     %eax, %ebp
0x000ec6e3:  89 d7                    movl     %edx, %edi
0x000ec6e5:  89 cb                    movl     %ecx, %ebx
0x000ec6e7:  0f be 17                 movsbl   (%edi), %edx
0x000ec6ea:  84 d2                    testb    %dl, %dl
0x000ec6ec:  0f 84 41 02 00 00        je       0xec933

----------------
IN: 
0x000ec6f2:  80 fa 25                 cmpb     $0x25, %dl
0x000ec6f5:  0f 85 23 02 00 00        jne      0xec91e

----------------
IN: 
0x000ec91e:  89 e8                    movl     %ebp, %eax
0x000ec920:  e8 76 d9 ff ff           calll    0xea29b

----------------
IN: 
0x000ea29b:  0f be d2                 movsbl   %dl, %edx
0x000ea29e:  ff 20                    jmpl     *(%eax)

----------------
IN: 
0x000ebd7c:  88 d0                    movb     %dl, %al
0x000ebd7e:  66 8b 15 d4 60 0f 00     movw     0xf60d4, %dx
0x000ebd85:  66 85 d2                 testw    %dx, %dx
0x000ebd88:  74 01                    je       0xebd8b

----------------
IN: 
0x000ebd8a:  ee                       outb     %al, %dx

----------------
IN: 
0x000ebd8b:  c3                       retl     

----------------
IN: 
0x000ec925:  89 fe                    movl     %edi, %esi
0x000ec927:  eb 02                    jmp      0xec92b

----------------
IN: 
0x000ec92b:  8d 7e 01                 leal     1(%esi), %edi
0x000ec92e:  e9 b4 fd ff ff           jmp      0xec6e7

----------------
IN: 
0x000ec6e7:  0f be 17                 movsbl   (%edi), %edx
0x000ec6ea:  84 d2                    testb    %dl, %dl
0x000ec6ec:  0f 84 41 02 00 00        je       0xec933

----------------
IN: 
0x000ec6fb:  8d 77 01                 leal     1(%edi), %esi
0x000ec6fe:  c6 04 24 20              movb     $0x20, (%esp)
0x000ec702:  31 c9                    xorl     %ecx, %ecx
0x000ec704:  0f b6 06                 movzbl   (%esi), %eax
0x000ec707:  8d 50 d0                 leal     -0x30(%eax), %edx
0x000ec70a:  80 fa 09                 cmpb     $9, %dl
0x000ec70d:  77 1a                    ja       0xec729

----------------
IN: 
0x000ec729:  31 d2                    xorl     %edx, %edx
0x000ec72b:  3c 6c                    cmpb     $0x6c, %al
0x000ec72d:  75 12                    jne      0xec741

----------------
IN: 
0x000ec741:  3c 64                    cmpb     $0x64, %al
0x000ec743:  74 68                    je       0xec7ad

----------------
IN: 
0x000ec745:  7f 42                    jg       0xec789

----------------
IN: 
0x000ec789:  3c 73                    cmpb     $0x73, %al
0x000ec78b:  0f 84 72 01 00 00        je       0xec903

----------------
IN: 
0x000ec903:  8d 7b 04                 leal     4(%ebx), %edi
0x000ec906:  8b 1b                    movl     (%ebx), %ebx
0x000ec908:  0f be 13                 movsbl   (%ebx), %edx
0x000ec90b:  84 d2                    testb    %dl, %dl
0x000ec90d:  74 1a                    je       0xec929

----------------
IN: 
0x000ec90f:  89 e8                    movl     %ebp, %eax
0x000ec911:  e8 85 d9 ff ff           calll    0xea29b

----------------
IN: 
0x000ec916:  43                       incl     %ebx
0x000ec917:  eb ef                    jmp      0xec908

----------------
IN: 
0x000ec908:  0f be 13                 movsbl   (%ebx), %edx
0x000ec90b:  84 d2                    testb    %dl, %dl
0x000ec90d:  74 1a                    je       0xec929

----------------
IN: 
0x000ec929:  89 fb                    movl     %edi, %ebx
0x000ec92b:  8d 7e 01                 leal     1(%esi), %edi
0x000ec92e:  e9 b4 fd ff ff           jmp      0xec6e7

----------------
IN: 
0x000ec933:  83 c4 08                 addl     $8, %esp
0x000ec936:  5b                       popl     %ebx
0x000ec937:  5e                       popl     %esi
0x000ec938:  5f                       popl     %edi
0x000ec939:  5d                       popl     %ebp
0x000ec93a:  c3                       retl     

----------------
IN: 
0x000ecf34:  c3                       retl     

----------------
IN: 
0x000ecf44:  68 60 4a 0f 00           pushl    $0xf4a60
0x000ecf49:  68 69 0f 0f 00           pushl    $0xf0f69
0x000ecf4e:  e8 cf ff ff ff           calll    0xecf22

----------------
IN: 
0x000ecf53:  83 c4 10                 addl     $0x10, %esp
0x000ecf56:  c3                       retl     

----------------
IN: 
0x000f0717:  bb 00 00 00 40           movl     $0x40000000, %ebx
0x000f071c:  8d 4c 24 04              leal     4(%esp), %ecx
0x000f0720:  89 e2                    movl     %esp, %edx
0x000f0722:  8d 44 24 0c              leal     0xc(%esp), %eax
0x000f0726:  50                       pushl    %eax
0x000f0727:  8d 44 24 0c              leal     0xc(%esp), %eax
0x000f072b:  50                       pushl    %eax
0x000f072c:  89 d8                    movl     %ebx, %eax
0x000f072e:  e8 bd 9e ff ff           calll    0xea5f0

----------------
IN: 
0x000ea5f0:  55                       pushl    %ebp
0x000ea5f1:  57                       pushl    %edi
0x000ea5f2:  56                       pushl    %esi
0x000ea5f3:  53                       pushl    %ebx
0x000ea5f4:  89 d6                    movl     %edx, %esi
0x000ea5f6:  89 cf                    movl     %ecx, %edi
0x000ea5f8:  8b 6c 24 14              movl     0x14(%esp), %ebp
0x000ea5fc:  9c                       pushfl   
0x000ea5fd:  59                       popl     %ecx
0x000ea5fe:  89 ca                    movl     %ecx, %edx
0x000ea600:  81 f2 00 00 20 00        xorl     $0x200000, %edx
0x000ea606:  52                       pushl    %edx
0x000ea607:  9d                       popfl    

----------------
IN: 
0x000ea608:  9c                       pushfl   
0x000ea609:  5a                       popl     %edx
0x000ea60a:  51                       pushl    %ecx
0x000ea60b:  9d                       popfl    

----------------
IN: 
0x000ea60c:  31 ca                    xorl     %ecx, %edx
0x000ea60e:  0f ba e2 15              btl      $0x15, %edx
0x000ea612:  72 11                    jb       0xea625

----------------
IN: 
0x000ea625:  0f a2                    cpuid    
0x000ea627:  89 06                    movl     %eax, (%esi)
0x000ea629:  89 1f                    movl     %ebx, (%edi)
0x000ea62b:  89 4d 00                 movl     %ecx, (%ebp)
0x000ea62e:  8b 44 24 18              movl     0x18(%esp), %eax
0x000ea632:  89 10                    movl     %edx, (%eax)
0x000ea634:  5b                       popl     %ebx
0x000ea635:  5e                       popl     %esi
0x000ea636:  5f                       popl     %edi
0x000ea637:  5d                       popl     %ebp
0x000ea638:  c3                       retl     

----------------
IN: 
0x000f0733:  8b 44 24 0c              movl     0xc(%esp), %eax
0x000f0737:  89 44 24 1b              movl     %eax, 0x1b(%esp)
0x000f073b:  8b 44 24 10              movl     0x10(%esp), %eax
0x000f073f:  89 44 24 1f              movl     %eax, 0x1f(%esp)
0x000f0743:  8b 44 24 14              movl     0x14(%esp), %eax
0x000f0747:  89 44 24 23              movl     %eax, 0x23(%esp)
0x000f074b:  c6 44 24 27 00           movb     $0, 0x27(%esp)
0x000f0750:  8d 44 24 1b              leal     0x1b(%esp), %eax
0x000f0754:  ba ec 41 0f 00           movl     $0xf41ec, %edx
0x000f0759:  e8 d0 9c ff ff           calll    0xea42e

----------------
IN: 
0x000ea42e:  53                       pushl    %ebx
0x000ea42f:  89 c1                    movl     %eax, %ecx
0x000ea431:  89 d3                    movl     %edx, %ebx
0x000ea433:  31 c0                    xorl     %eax, %eax
0x000ea435:  8a 14 01                 movb     (%ecx, %eax), %dl
0x000ea438:  3a 14 03                 cmpb     (%ebx, %eax), %dl
0x000ea43b:  74 0c                    je       0xea449

----------------
IN: 
0x000ea43d:  b8 01 00 00 00           movl     $1, %eax
0x000ea442:  7d 0c                    jge      0xea450

----------------
IN: 
0x000ea444:  83 c8 ff                 orl      $0xffffffff, %eax
0x000ea447:  eb 07                    jmp      0xea450

----------------
IN: 
0x000ea450:  5b                       popl     %ebx
0x000ea451:  c3                       retl     

----------------
IN: 
0x000f075e:  5a                       popl     %edx
0x000f075f:  59                       popl     %ecx
0x000f0760:  85 c0                    testl    %eax, %eax
0x000f0762:  75 41                    jne      0xf07a5

----------------
IN: 
0x000f07a5:  81 c3 00 01 00 00        addl     $0x100, %ebx
0x000f07ab:  81 fb 00 00 01 40        cmpl     $0x40010000, %ebx
0x000f07b1:  0f 85 65 ff ff ff        jne      0xf071c

----------------
IN: 
0x000f071c:  8d 4c 24 04              leal     4(%esp), %ecx
0x000f0720:  89 e2                    movl     %esp, %edx
0x000f0722:  8d 44 24 0c              leal     0xc(%esp), %eax
0x000f0726:  50                       pushl    %eax
0x000f0727:  8d 44 24 0c              leal     0xc(%esp), %eax
0x000f072b:  50                       pushl    %eax
0x000f072c:  89 d8                    movl     %ebx, %eax
0x000f072e:  e8 bd 9e ff ff           calll    0xea5f0

----------------
IN: 
0x000f07b7:  83 3d 20 4b 0f 00 00     cmpl     $0, 0xf4b20
0x000f07be:  75 07                    jne      0xf07c7

----------------
IN: 
0x000f07c0:  68 52 42 0f 00           pushl    $0xf4252
0x000f07c5:  eb 1a                    jmp      0xf07e1

----------------
IN: 
0x000f07e1:  e8 3c c7 ff ff           calll    0xecf22

----------------
IN: 
0x000f07e6:  58                       popl     %eax
0x000f07e7:  e8 73 e2 ff ff           calll    0xeea5f

----------------
IN: 
0x000eea5f:  53                       pushl    %ebx
0x000eea60:  e8 f5 b7 ff ff           calll    0xea25a

----------------
IN: 
0x000ea25a:  a0 20 56 0f 00           movb     0xf5620, %al
0x000ea25f:  d0 e8                    shrb     $1, %al
0x000ea261:  83 e0 01                 andl     $1, %eax
0x000ea264:  c3                       retl     

----------------
IN: 
0x000eea65:  85 c0                    testl    %eax, %eax
0x000eea67:  75 70                    jne      0xeead9

----------------
IN: 
0x000eea69:  83 c8 ff                 orl      $0xffffffff, %eax
0x000eea6c:  e8 0b db ff ff           calll    0xec57c

----------------
IN: 
0x000ec57c:  56                       pushl    %esi
0x000ec57d:  53                       pushl    %ebx
0x000ec57e:  89 c1                    movl     %eax, %ecx
0x000ec580:  a8 07                    testb    $7, %al
0x000ec582:  75 50                    jne      0xec5d4

----------------
IN: 
0x000ec5d4:  41                       incl     %ecx
0x000ec5d5:  eb cd                    jmp      0xec5a4

----------------
IN: 
0x000ec5a4:  89 c8                    movl     %ecx, %eax
0x000ec5a6:  66 c1 e8 08              shrw     $8, %ax
0x000ec5aa:  75 2b                    jne      0xec5d7

----------------
IN: 
0x000ec5ac:  89 c8                    movl     %ecx, %eax
0x000ec5ae:  c1 e0 08                 shll     $8, %eax
0x000ec5b1:  25 00 ff ff 00           andl     $0xffff00, %eax
0x000ec5b6:  0d 00 00 00 80           orl      $0x80000000, %eax
0x000ec5bb:  ba f8 0c 00 00           movl     $0xcf8, %edx
0x000ec5c0:  ef                       outl     %eax, %dx

----------------
IN: 
0x000ec5c1:  ba fc 0c 00 00           movl     $0xcfc, %edx
0x000ec5c6:  66 ed                    inw      %dx, %ax

----------------
IN: 
0x000ec5c8:  48                       decl     %eax
0x000ec5c9:  66 83 f8 fd              cmpw     $-3, %ax
0x000ec5cd:  76 0b                    jbe      0xec5da

----------------
IN: 
0x000ec5da:  89 c8                    movl     %ecx, %eax
0x000ec5dc:  5b                       popl     %ebx
0x000ec5dd:  5e                       popl     %esi
0x000ec5de:  c3                       retl     

----------------
IN: 
0x000eea71:  89 c3                    movl     %eax, %ebx
0x000eea73:  85 c0                    testl    %eax, %eax
0x000eea75:  78 57                    js       0xeeace

----------------
IN: 
0x000eea77:  89 d8                    movl     %ebx, %eax
0x000eea79:  c1 e0 08                 shll     $8, %eax
0x000eea7c:  25 00 ff ff 00           andl     $0xffff00, %eax
0x000eea81:  0d 00 00 00 80           orl      $0x80000000, %eax
0x000eea86:  ba f8 0c 00 00           movl     $0xcf8, %edx
0x000eea8b:  ef                       outl     %eax, %dx

----------------
IN: 
0x000eea8c:  ba fc 0c 00 00           movl     $0xcfc, %edx
0x000eea91:  ed                       inl      %dx, %eax

----------------
IN: 
0x000eea92:  66 3d 86 80              cmpw     $0x8086, %ax
0x000eea96:  75 32                    jne      0xeeaca

----------------
IN: 
0x000eea98:  c1 e8 10                 shrl     $0x10, %eax
0x000eea9b:  3d 37 12 00 00           cmpl     $0x1237, %eax
0x000eeaa0:  75 07                    jne      0xeeaa9

----------------
IN: 
0x000eeaa2:  ba 59 00 00 00           movl     $0x59, %edx
0x000eeaa7:  eb 0c                    jmp      0xeeab5

----------------
IN: 
0x000eeab5:  0f b7 c3                 movzwl   %bx, %eax
0x000eeab8:  e8 de db ff ff           calll    0xec69b

----------------
IN: 
0x000ec69b:  53                       pushl    %ebx
0x000ec69c:  89 d3                    movl     %edx, %ebx
0x000ec69e:  0f b7 c8                 movzwl   %ax, %ecx
0x000ec6a1:  89 c8                    movl     %ecx, %eax
0x000ec6a3:  c1 e0 08                 shll     $8, %eax
0x000ec6a6:  81 e2 fc 00 00 00        andl     $0xfc, %edx
0x000ec6ac:  09 d0                    orl      %edx, %eax
0x000ec6ae:  0d 00 00 00 80           orl      $0x80000000, %eax
0x000ec6b3:  ba f8 0c 00 00           movl     $0xcf8, %edx
0x000ec6b8:  ef                       outl     %eax, %dx

----------------
IN: 
0x000ec6b9:  89 da                    movl     %ebx, %edx
0x000ec6bb:  83 e2 03                 andl     $3, %edx
0x000ec6be:  66 81 c2 fc 0c           addw     $0xcfc, %dx
0x000ec6c3:  ec                       inb      %dx, %al

----------------
IN: 
0x000ec6c4:  89 da                    movl     %ebx, %edx
0x000ec6c6:  a8 10                    testb    $0x10, %al
0x000ec6c8:  89 c8                    movl     %ecx, %eax
0x000ec6ca:  75 08                    jne      0xec6d4

----------------
IN: 
0x000ec6cc:  b9 df c5 fe ff           movl     $0xfffec5df, %ecx
0x000ec6d1:  5b                       popl     %ebx
0x000ec6d2:  ff e1                    jmpl     *%ecx

----------------
IN: 
0xfffec5df:  55                       pushl    %ebp
0xfffec5e0:  57                       pushl    %edi
0xfffec5e1:  56                       pushl    %esi
0xfffec5e2:  53                       pushl    %ebx
0xfffec5e3:  83 ec 08                 subl     $8, %esp
0xfffec5e6:  89 d3                    movl     %edx, %ebx
0xfffec5e8:  0f b7 c8                 movzwl   %ax, %ecx
0xfffec5eb:  c1 e1 08                 shll     $8, %ecx
0xfffec5ee:  89 d6                    movl     %edx, %esi
0xfffec5f0:  81 e6 fc 00 00 00        andl     $0xfc, %esi
0xfffec5f6:  09 ce                    orl      %ecx, %esi
0xfffec5f8:  81 ce 00 00 00 80        orl      $0x80000000, %esi
0xfffec5fe:  bd f8 0c 00 00           movl     $0xcf8, %ebp
0xfffec603:  89 f0                    movl     %esi, %eax
0xfffec605:  89 ea                    movl     %ebp, %edx
0xfffec607:  ef                       outl     %eax, %dx

----------------
IN: 
0xfffec608:  ba fc 0c 00 00           movl     $0xcfc, %edx
0xfffec60d:  ed                       inl      %dx, %eax

----------------
IN: 
0xfffec60e:  89 04 24                 movl     %eax, (%esp)
0xfffec611:  89 d8                    movl     %ebx, %eax
0xfffec613:  83 e0 fc                 andl     $0xfffffffc, %eax
0xfffec616:  83 c0 04                 addl     $4, %eax
0xfffec619:  25 fc 00 00 00           andl     $0xfc, %eax
0xfffec61e:  09 c1                    orl      %eax, %ecx
0xfffec620:  81 c9 00 00 00 80        orl      $0x80000000, %ecx
0xfffec626:  89 c8                    movl     %ecx, %eax
0xfffec628:  89 ea                    movl     %ebp, %edx
0xfffec62a:  ef                       outl     %eax, %dx

----------------
IN: 
0xfffec62b:  ba fc 0c 00 00           movl     $0xcfc, %edx
0xfffec630:  ed                       inl      %dx, %eax

----------------
IN: 
0xfffec631:  89 44 24 04              movl     %eax, 4(%esp)
0xfffec635:  83 e3 03                 andl     $3, %ebx
0xfffec638:  8d 14 1c                 leal     (%esp, %ebx), %edx
0xfffec63b:  31 c0                    xorl     %eax, %eax
0xfffec63d:  c6 44 02 01 33           movb     $0x33, 1(%edx, %eax)
0xfffec642:  40                       incl     %eax
0xfffec643:  83 f8 06                 cmpl     $6, %eax
0xfffec646:  75 f5                    jne      0xfffec63d

----------------
IN: 
0xfffec63d:  c6 44 02 01 33           movb     $0x33, 1(%edx, %eax)
0xfffec642:  40                       incl     %eax
0xfffec643:  83 f8 06                 cmpl     $6, %eax
0xfffec646:  75 f5                    jne      0xfffec63d

----------------
IN: 
0xfffec648:  0f b6 3c 1c              movzbl   (%esp, %ebx), %edi
0xfffec64c:  83 e7 10                 andl     $0x10, %edi
0xfffec64f:  c6 04 1c 30              movb     $0x30, (%esp, %ebx)
0xfffec653:  89 f0                    movl     %esi, %eax
0xfffec655:  ba f8 0c 00 00           movl     $0xcf8, %edx
0xfffec65a:  ef                       outl     %eax, %dx

----------------
IN: 
0xfffec65b:  8b 04 24                 movl     (%esp), %eax
0xfffec65e:  ba fc 0c 00 00           movl     $0xcfc, %edx
0xfffec663:  ef                       outl     %eax, %dx

----------------
IN: 
0xfffec664:  89 c8                    movl     %ecx, %eax
0xfffec666:  ba f8 0c 00 00           movl     $0xcf8, %edx
0xfffec66b:  ef                       outl     %eax, %dx

----------------
IN: 
0xfffec66c:  8b 44 24 04              movl     4(%esp), %eax
0xfffec670:  ba fc 0c 00 00           movl     $0xcfc, %edx
0xfffec675:  ef                       outl     %eax, %dx

----------------
IN: 
0xfffec676:  89 f8                    movl     %edi, %eax
0xfffec678:  84 c0                    testb    %al, %al
0xfffec67a:  75 17                    jne      0xfffec693

----------------
IN: 
0xfffec67c:  b9 00 00 10 00           movl     $0x100000, %ecx
0xfffec681:  81 e9 00 42 0d 00        subl     $0xd4200, %ecx
0xfffec687:  be 00 42 fd ff           movl     $0xfffd4200, %esi
0xfffec68c:  bf 00 42 0d 00           movl     $0xd4200, %edi
0xfffec691:  f3 a4                    rep movsb (%esi), %es:(%edi)

----------------
IN: 
0xfffec691:  f3 a4                    rep movsb (%esi), %es:(%edi)

----------------
IN: 
0xfffec693:  83 c4 08                 addl     $8, %esp
0xfffec696:  5b                       popl     %ebx
0xfffec697:  5e                       popl     %esi
0xfffec698:  5f                       popl     %edi
0xfffec699:  5d                       popl     %ebp
0xfffec69a:  c3                       retl     

----------------
IN: 
0x000eeabd:  e8 95 c9 ff ff           calll    0xeb457

----------------
IN: 
0x000eb457:  83 3d 68 62 0f 00 00     cmpl     $0, 0xf6268
0x000eb45e:  75 12                    jne      0xeb472

----------------
IN: 
0x000eb460:  b0 8f                    movb     $0x8f, %al
0x000eb462:  e6 70                    outb     %al, $0x70

----------------
IN: 
0x000eb464:  31 c0                    xorl     %eax, %eax
0x000eb466:  e6 71                    outb     %al, $0x71

----------------
IN: 
0x000eb468:  c7 05 68 62 0f 00 01 00  movl     $1, 0xf6268
0x000eb470:  00 00
0x000eb472:  c3                       retl     

----------------
IN: 
0x000eeac2:  89 1d 38 4a 0f 00        movl     %ebx, 0xf4a38
0x000eeac8:  eb 0f                    jmp      0xeead9

----------------
IN: 
0x000eead9:  5b                       popl     %ebx
0x000eeada:  c3                       retl     

----------------
IN: 
0x000f07ec:  e8 bf 81 ff ff           calll    0xe89b0

----------------
IN: 
0x000e89b0:  55                       pushl    %ebp
0x000e89b1:  57                       pushl    %edi
0x000e89b2:  56                       pushl    %esi
0x000e89b3:  53                       pushl    %ebx
0x000e89b4:  83 ec 70                 subl     $0x70, %esp
0x000e89b7:  e8 9b 2a 00 00           calll    0xeb457

----------------
IN: 
0x000eb472:  c3                       retl     

----------------
IN: 
0x000e89bc:  e8 99 18 00 00           calll    0xea25a

----------------
IN: 
0x000ea25a:  a0 20 56 0f 00           movb     0xf5620, %al
0x000ea25f:  d0 e8                    shrb     $1, %al
0x000ea261:  83 e0 01                 andl     $1, %eax
0x000ea264:  c3                       retl     

----------------
IN: 
0x000e89c1:  85 c0                    testl    %eax, %eax
0x000e89c3:  75 15                    jne      0xe89da

----------------
IN: 
0x000e89c5:  66 8b 15 d4 60 0f 00     movw     0xf60d4, %dx
0x000e89cc:  ec                       inb      %dx, %al

----------------
IN: 
0x000e89cd:  3c e9                    cmpb     $0xe9, %al
0x000e89cf:  74 09                    je       0xe89da

----------------
IN: 
0x000e89d1:  66 c7 05 d4 60 0f 00 00  movw     $0, 0xf60d4
0x000e89d9:  00
0x000e89da:  31 d2                    xorl     %edx, %edx
0x000e89dc:  31 c0                    xorl     %eax, %eax
0x000e89de:  e8 60 1b 00 00           calll    0xea543

----------------
IN: 
0x000ea543:  89 d1                    movl     %edx, %ecx
0x000ea545:  8b 15 f8 4d 0f 00        movl     0xf4df8, %edx
0x000ea54b:  0f b7 c0                 movzwl   %ax, %eax
0x000ea54e:  85 d2                    testl    %edx, %edx
0x000ea550:  74 0b                    je       0xea55d

----------------
IN: 
0x000ea55d:  c1 e0 08                 shll     $8, %eax
0x000ea560:  89 ca                    movl     %ecx, %edx
0x000ea562:  81 e2 fc 00 00 00        andl     $0xfc, %edx
0x000ea568:  09 d0                    orl      %edx, %eax
0x000ea56a:  0d 00 00 00 80           orl      $0x80000000, %eax
0x000ea56f:  ba f8 0c 00 00           movl     $0xcf8, %edx
0x000ea574:  ef                       outl     %eax, %dx

----------------
IN: 
0x000ea575:  83 e1 02                 andl     $2, %ecx
0x000ea578:  8d 91 fc 0c 00 00        leal     0xcfc(%ecx), %edx
0x000ea57e:  66 ed                    inw      %dx, %ax

----------------
IN: 
0x000ea580:  c3                       retl     

----------------
IN: 
0x000e89e3:  0f b7 f0                 movzwl   %ax, %esi
0x000e89e6:  8d 46 ff                 leal     -1(%esi), %eax
0x000e89e9:  66 83 f8 fd              cmpw     $-3, %ax
0x000e89ed:  0f 87 0f 02 00 00        ja       0xe8c02

----------------
IN: 
0x000e89f3:  ba 02 00 00 00           movl     $2, %edx
0x000e89f8:  31 c0                    xorl     %eax, %eax
0x000e89fa:  e8 44 1b 00 00           calll    0xea543

----------------
IN: 
0x000e89ff:  0f b7 d8                 movzwl   %ax, %ebx
0x000e8a02:  ba 2c 00 00 00           movl     $0x2c, %edx
0x000e8a07:  31 c0                    xorl     %eax, %eax
0x000e8a09:  e8 35 1b 00 00           calll    0xea543

----------------
IN: 
0x000e8a0e:  89 c7                    movl     %eax, %edi
0x000e8a10:  ba 2e 00 00 00           movl     $0x2e, %edx
0x000e8a15:  31 c0                    xorl     %eax, %eax
0x000e8a17:  e8 27 1b 00 00           calll    0xea543

----------------
IN: 
0x000e8a1c:  66 81 ff f4 1a           cmpw     $0x1af4, %di
0x000e8a21:  0f 85 db 01 00 00        jne      0xe8c02

----------------
IN: 
0x000e8a27:  66 3d 00 11              cmpw     $0x1100, %ax
0x000e8a2b:  0f 85 d1 01 00 00        jne      0xe8c02

----------------
IN: 
0x000e8a31:  83 0d 20 56 0f 00 01     orl      $1, 0xf5620
0x000e8a38:  66 81 fb 37 12           cmpw     $0x1237, %bx
0x000e8a3d:  74 0e                    je       0xe8a4d

----------------
IN: 
0x000e8a4d:  68 d8 3f 0f 00           pushl    $0xf3fd8
0x000e8a52:  e8 cb 44 00 00           calll    0xecf22

----------------
IN: 
0x000ecf22:  8d 4c 24 08              leal     8(%esp), %ecx
0x000ecf26:  8b 54 24 04              movl     4(%esp), %edx
0x000ecf2a:  b8 48 4a 0f 00           movl     $0xf4a48, %eax
0x000ecf2f:  e8 a6 f7 ff ff           calll    0xec6da

----------------
IN: 
0x000ec6da:  55                       pushl    %ebp
0x000ec6db:  57                       pushl    %edi
0x000ec6dc:  56                       pushl    %esi
0x000ec6dd:  53                       pushl    %ebx
0x000ec6de:  83 ec 08                 subl     $8, %esp
0x000ec6e1:  89 c5                    movl     %eax, %ebp
0x000ec6e3:  89 d7                    movl     %edx, %edi
0x000ec6e5:  89 cb                    movl     %ecx, %ebx
0x000ec6e7:  0f be 17                 movsbl   (%edi), %edx
0x000ec6ea:  84 d2                    testb    %dl, %dl
0x000ec6ec:  0f 84 41 02 00 00        je       0xec933

----------------
IN: 
0x000ec6f2:  80 fa 25                 cmpb     $0x25, %dl
0x000ec6f5:  0f 85 23 02 00 00        jne      0xec91e

----------------
IN: 
0x000ec91e:  89 e8                    movl     %ebp, %eax
0x000ec920:  e8 76 d9 ff ff           calll    0xea29b

----------------
IN: 
0x000ea29b:  0f be d2                 movsbl   %dl, %edx
0x000ea29e:  ff 20                    jmpl     *(%eax)

----------------
IN: 
0x000ebd7c:  88 d0                    movb     %dl, %al
0x000ebd7e:  66 8b 15 d4 60 0f 00     movw     0xf60d4, %dx
0x000ebd85:  66 85 d2                 testw    %dx, %dx
0x000ebd88:  74 01                    je       0xebd8b

----------------
IN: 
0x000ebd8b:  c3                       retl     

----------------
IN: 
0x000ec925:  89 fe                    movl     %edi, %esi
0x000ec927:  eb 02                    jmp      0xec92b

----------------
IN: 
0x000ec92b:  8d 7e 01                 leal     1(%esi), %edi
0x000ec92e:  e9 b4 fd ff ff           jmp      0xec6e7

----------------
IN: 
0x000ec6e7:  0f be 17                 movsbl   (%edi), %edx
0x000ec6ea:  84 d2                    testb    %dl, %dl
0x000ec6ec:  0f 84 41 02 00 00        je       0xec933

----------------
IN: 
0x000ec933:  83 c4 08                 addl     $8, %esp
0x000ec936:  5b                       popl     %ebx
0x000ec937:  5e                       popl     %esi
0x000ec938:  5f                       popl     %edi
0x000ec939:  5d                       popl     %ebp
0x000ec93a:  c3                       retl     

----------------
IN: 
0x000ecf34:  c3                       retl     

----------------
IN: 
0x000e8a57:  5f                       popl     %edi
0x000e8a58:  eb 0f                    jmp      0xe8a69

----------------
IN: 
0x000e8a69:  8d 5c 24 1c              leal     0x1c(%esp), %ebx
0x000e8a6d:  53                       pushl    %ebx
0x000e8a6e:  8d 7c 24 1c              leal     0x1c(%esp), %edi
0x000e8a72:  57                       pushl    %edi
0x000e8a73:  8d 4c 24 1c              leal     0x1c(%esp), %ecx
0x000e8a77:  8d 54 24 18              leal     0x18(%esp), %edx
0x000e8a7b:  31 c0                    xorl     %eax, %eax
0x000e8a7d:  e8 6e 1b 00 00           calll    0xea5f0

----------------
IN: 
0x000ea5f0:  55                       pushl    %ebp
0x000ea5f1:  57                       pushl    %edi
0x000ea5f2:  56                       pushl    %esi
0x000ea5f3:  53                       pushl    %ebx
0x000ea5f4:  89 d6                    movl     %edx, %esi
0x000ea5f6:  89 cf                    movl     %ecx, %edi
0x000ea5f8:  8b 6c 24 14              movl     0x14(%esp), %ebp
0x000ea5fc:  9c                       pushfl   
0x000ea5fd:  59                       popl     %ecx
0x000ea5fe:  89 ca                    movl     %ecx, %edx
0x000ea600:  81 f2 00 00 20 00        xorl     $0x200000, %edx
0x000ea606:  52                       pushl    %edx
0x000ea607:  9d                       popfl    

----------------
IN: 
0x000ea608:  9c                       pushfl   
0x000ea609:  5a                       popl     %edx
0x000ea60a:  51                       pushl    %ecx
0x000ea60b:  9d                       popfl    

----------------
IN: 
0x000ea60c:  31 ca                    xorl     %ecx, %edx
0x000ea60e:  0f ba e2 15              btl      $0x15, %edx
0x000ea612:  72 11                    jb       0xea625

----------------
IN: 
0x000ea625:  0f a2                    cpuid    
0x000ea627:  89 06                    movl     %eax, (%esi)
0x000ea629:  89 1f                    movl     %ebx, (%edi)
0x000ea62b:  89 4d 00                 movl     %ecx, (%ebp)
0x000ea62e:  8b 44 24 18              movl     0x18(%esp), %eax
0x000ea632:  89 10                    movl     %edx, (%eax)
0x000ea634:  5b                       popl     %ebx
0x000ea635:  5e                       popl     %esi
0x000ea636:  5f                       popl     %edi
0x000ea637:  5d                       popl     %ebp
0x000ea638:  c3                       retl     

----------------
IN: 
0x000e8a82:  8b 44 24 1c              movl     0x1c(%esp), %eax
0x000e8a86:  89 44 24 38              movl     %eax, 0x38(%esp)
0x000e8a8a:  8b 44 24 24              movl     0x24(%esp), %eax
0x000e8a8e:  89 44 24 3c              movl     %eax, 0x3c(%esp)
0x000e8a92:  8b 44 24 20              movl     0x20(%esp), %eax
0x000e8a96:  89 44 24 40              movl     %eax, 0x40(%esp)
0x000e8a9a:  c6 44 24 44 00           movb     $0, 0x44(%esp)
0x000e8a9f:  59                       popl     %ecx
0x000e8aa0:  5e                       popl     %esi
0x000e8aa1:  31 f6                    xorl     %esi, %esi
0x000e8aa3:  83 7c 24 10 00           cmpl     $0, 0x10(%esp)
0x000e8aa8:  74 1d                    je       0xe8ac7

----------------
IN: 
0x000e8aaa:  53                       pushl    %ebx
0x000e8aab:  57                       pushl    %edi
0x000e8aac:  8d 4c 24 1c              leal     0x1c(%esp), %ecx
0x000e8ab0:  8d 54 24 18              leal     0x18(%esp), %edx
0x000e8ab4:  b8 01 00 00 00           movl     $1, %eax
0x000e8ab9:  e8 32 1b 00 00           calll    0xea5f0

----------------
IN: 
0x000e8abe:  8b 74 24 24              movl     0x24(%esp), %esi
0x000e8ac2:  83 e6 40                 andl     $0x40, %esi
0x000e8ac5:  58                       popl     %eax
0x000e8ac6:  5a                       popl     %edx
0x000e8ac7:  53                       pushl    %ebx
0x000e8ac8:  8d 7c 24 1c              leal     0x1c(%esp), %edi
0x000e8acc:  57                       pushl    %edi
0x000e8acd:  8d 4c 24 1c              leal     0x1c(%esp), %ecx
0x000e8ad1:  8d 54 24 18              leal     0x18(%esp), %edx
0x000e8ad5:  b8 00 00 00 80           movl     $0x80000000, %eax
0x000e8ada:  e8 11 1b 00 00           calll    0xea5f0

----------------
IN: 
0x000e8adf:  8b 6c 24 18              movl     0x18(%esp), %ebp
0x000e8ae3:  59                       popl     %ecx
0x000e8ae4:  58                       popl     %eax
0x000e8ae5:  81 fd 00 00 00 80        cmpl     $0x80000000, %ebp
0x000e8aeb:  76 25                    jbe      0xe8b12

----------------
IN: 
0x000e8aed:  53                       pushl    %ebx
0x000e8aee:  57                       pushl    %edi
0x000e8aef:  8d 4c 24 1c              leal     0x1c(%esp), %ecx
0x000e8af3:  8d 54 24 18              leal     0x18(%esp), %edx
0x000e8af7:  b8 01 00 00 80           movl     $0x80000001, %eax
0x000e8afc:  e8 ef 1a 00 00           calll    0xea5f0

----------------
IN: 
0x000e8b01:  8a 44 24 27              movb     0x27(%esp), %al
0x000e8b05:  c0 e8 05                 shrb     $5, %al
0x000e8b08:  83 e0 01                 andl     $1, %eax
0x000e8b0b:  a2 f8 a1 0e 00           movb     %al, 0xea1f8
0x000e8b10:  58                       popl     %eax
0x000e8b11:  5a                       popl     %edx
0x000e8b12:  a0 f8 a1 0e 00           movb     0xea1f8, %al
0x000e8b17:  85 f6                    testl    %esi, %esi
0x000e8b19:  0f 84 a0 00 00 00        je       0xe8bbf

----------------
IN: 
0x000e8b1f:  84 c0                    testb    %al, %al
0x000e8b21:  74 10                    je       0xe8b33

----------------
IN: 
0x000e8b23:  81 fd 07 00 00 80        cmpl     $0x80000007, %ebp
0x000e8b29:  77 1e                    ja       0xe8b49

----------------
IN: 
0x000e8b49:  53                       pushl    %ebx
0x000e8b4a:  57                       pushl    %edi
0x000e8b4b:  8d 4c 24 1c              leal     0x1c(%esp), %ecx
0x000e8b4f:  8d 54 24 18              leal     0x18(%esp), %edx
0x000e8b53:  b8 08 00 00 80           movl     $0x80000008, %eax
0x000e8b58:  e8 93 1a 00 00           calll    0xea5f0

----------------
IN: 
0x000e8b5d:  0f b6 5c 24 18           movzbl   0x18(%esp), %ebx
0x000e8b62:  5e                       popl     %esi
0x000e8b63:  5f                       popl     %edi
0x000e8b64:  83 fb 28                 cmpl     $0x28, %ebx
0x000e8b67:  77 40                    ja       0xe8ba9

----------------
IN: 
0x000e8b69:  ba 32 40 0f 00           movl     $0xf4032, %edx
0x000e8b6e:  8d 44 24 30              leal     0x30(%esp), %eax
0x000e8b72:  e8 b7 18 00 00           calll    0xea42e

----------------
IN: 
0x000ea42e:  53                       pushl    %ebx
0x000ea42f:  89 c1                    movl     %eax, %ecx
0x000ea431:  89 d3                    movl     %edx, %ebx
0x000ea433:  31 c0                    xorl     %eax, %eax
0x000ea435:  8a 14 01                 movb     (%ecx, %eax), %dl
0x000ea438:  3a 14 03                 cmpb     (%ebx, %eax), %dl
0x000ea43b:  74 0c                    je       0xea449

----------------
IN: 
0x000ea43d:  b8 01 00 00 00           movl     $1, %eax
0x000ea442:  7d 0c                    jge      0xea450

----------------
IN: 
0x000ea444:  83 c8 ff                 orl      $0xffffffff, %eax
0x000ea447:  eb 07                    jmp      0xea450

----------------
IN: 
0x000ea450:  5b                       popl     %ebx
0x000ea451:  c3                       retl     

----------------
IN: 
0x000e8b77:  85 c0                    testl    %eax, %eax
0x000e8b79:  75 0e                    jne      0xe8b89

----------------
IN: 
0x000e8b89:  ba 3f 40 0f 00           movl     $0xf403f, %edx
0x000e8b8e:  8d 44 24 30              leal     0x30(%esp), %eax
0x000e8b92:  e8 97 18 00 00           calll    0xea42e

----------------
IN: 
0x000ea449:  40                       incl     %eax
0x000ea44a:  84 d2                    testb    %dl, %dl
0x000ea44c:  75 e7                    jne      0xea435

----------------
IN: 
0x000ea435:  8a 14 01                 movb     (%ecx, %eax), %dl
0x000ea438:  3a 14 03                 cmpb     (%ebx, %eax), %dl
0x000ea43b:  74 0c                    je       0xea449

----------------
IN: 
0x000ea44e:  31 c0                    xorl     %eax, %eax
0x000ea450:  5b                       popl     %ebx
0x000ea451:  c3                       retl     

----------------
IN: 
0x000e8b97:  83 fb 28                 cmpl     $0x28, %ebx
0x000e8b9a:  75 04                    jne      0xe8ba0

----------------
IN: 
0x000e8b9c:  85 c0                    testl    %eax, %eax
0x000e8b9e:  74 09                    je       0xe8ba9

----------------
IN: 
0x000e8ba9:  be 01 00 00 00           movl     $1, %esi
0x000e8bae:  b8 d1 3f 0f 00           movl     $0xf3fd1, %eax
0x000e8bb3:  ba d1 3f 0f 00           movl     $0xf3fd1, %edx
0x000e8bb8:  b9 d1 3f 0f 00           movl     $0xf3fd1, %ecx
0x000e8bbd:  eb 1e                    jmp      0xe8bdd

----------------
IN: 
0x000e8bdd:  50                       pushl    %eax
0x000e8bde:  53                       pushl    %ebx
0x000e8bdf:  52                       pushl    %edx
0x000e8be0:  51                       pushl    %ecx
0x000e8be1:  8d 44 24 40              leal     0x40(%esp), %eax
0x000e8be5:  50                       pushl    %eax
0x000e8be6:  68 50 97 0e 00           pushl    $0xe9750
0x000e8beb:  68 4c 40 0f 00           pushl    $0xf404c
0x000e8bf0:  e8 2d 43 00 00           calll    0xecf22

----------------
IN: 
0x000ec6fb:  8d 77 01                 leal     1(%edi), %esi
0x000ec6fe:  c6 04 24 20              movb     $0x20, (%esp)
0x000ec702:  31 c9                    xorl     %ecx, %ecx
0x000ec704:  0f b6 06                 movzbl   (%esi), %eax
0x000ec707:  8d 50 d0                 leal     -0x30(%eax), %edx
0x000ec70a:  80 fa 09                 cmpb     $9, %dl
0x000ec70d:  77 1a                    ja       0xec729

----------------
IN: 
0x000ec729:  31 d2                    xorl     %edx, %edx
0x000ec72b:  3c 6c                    cmpb     $0x6c, %al
0x000ec72d:  75 12                    jne      0xec741

----------------
IN: 
0x000ec741:  3c 64                    cmpb     $0x64, %al
0x000ec743:  74 68                    je       0xec7ad

----------------
IN: 
0x000ec745:  7f 42                    jg       0xec789

----------------
IN: 
0x000ec789:  3c 73                    cmpb     $0x73, %al
0x000ec78b:  0f 84 72 01 00 00        je       0xec903

----------------
IN: 
0x000ec903:  8d 7b 04                 leal     4(%ebx), %edi
0x000ec906:  8b 1b                    movl     (%ebx), %ebx
0x000ec908:  0f be 13                 movsbl   (%ebx), %edx
0x000ec90b:  84 d2                    testb    %dl, %dl
0x000ec90d:  74 1a                    je       0xec929

----------------
IN: 
0x000ec90f:  89 e8                    movl     %ebp, %eax
0x000ec911:  e8 85 d9 ff ff           calll    0xea29b

----------------
IN: 
0x000ec916:  43                       incl     %ebx
0x000ec917:  eb ef                    jmp      0xec908

----------------
IN: 
0x000ec908:  0f be 13                 movsbl   (%ebx), %edx
0x000ec90b:  84 d2                    testb    %dl, %dl
0x000ec90d:  74 1a                    je       0xec929

----------------
IN: 
0x000ec929:  89 fb                    movl     %edi, %ebx
0x000ec92b:  8d 7e 01                 leal     1(%esi), %edi
0x000ec92e:  e9 b4 fd ff ff           jmp      0xec6e7

----------------
IN: 
0x000ec7ad:  8b 3b                    movl     (%ebx), %edi
0x000ec7af:  84 d2                    testb    %dl, %dl
0x000ec7b1:  75 05                    jne      0xec7b8

----------------
IN: 
0x000ec7b3:  83 c3 04                 addl     $4, %ebx
0x000ec7b6:  eb 03                    jmp      0xec7bb

----------------
IN: 
0x000ec7bb:  85 ff                    testl    %edi, %edi
0x000ec7bd:  79 0e                    jns      0xec7cd

----------------
IN: 
0x000ec7cd:  89 fa                    movl     %edi, %edx
0x000ec7cf:  eb 10                    jmp      0xec7e1

----------------
IN: 
0x000ec7e1:  89 e8                    movl     %ebp, %eax
0x000ec7e3:  e8 b8 da ff ff           calll    0xea2a0

----------------
IN: 
0x000ea2a0:  57                       pushl    %edi
0x000ea2a1:  56                       pushl    %esi
0x000ea2a2:  53                       pushl    %ebx
0x000ea2a3:  83 ec 0c                 subl     $0xc, %esp
0x000ea2a6:  89 c6                    movl     %eax, %esi
0x000ea2a8:  89 d1                    movl     %edx, %ecx
0x000ea2aa:  c6 44 24 0b 00           movb     $0, 0xb(%esp)
0x000ea2af:  8d 5c 24 0a              leal     0xa(%esp), %ebx
0x000ea2b3:  bf 0a 00 00 00           movl     $0xa, %edi
0x000ea2b8:  89 c8                    movl     %ecx, %eax
0x000ea2ba:  31 d2                    xorl     %edx, %edx
0x000ea2bc:  f7 f7                    divl     %edi
0x000ea2be:  83 c2 30                 addl     $0x30, %edx
0x000ea2c1:  88 13                    movb     %dl, (%ebx)
0x000ea2c3:  83 f9 09                 cmpl     $9, %ecx
0x000ea2c6:  76 05                    jbe      0xea2cd

----------------
IN: 
0x000ea2c8:  89 c1                    movl     %eax, %ecx
0x000ea2ca:  4b                       decl     %ebx
0x000ea2cb:  eb eb                    jmp      0xea2b8

----------------
IN: 
0x000ea2b8:  89 c8                    movl     %ecx, %eax
0x000ea2ba:  31 d2                    xorl     %edx, %edx
0x000ea2bc:  f7 f7                    divl     %edi
0x000ea2be:  83 c2 30                 addl     $0x30, %edx
0x000ea2c1:  88 13                    movb     %dl, (%ebx)
0x000ea2c3:  83 f9 09                 cmpl     $9, %ecx
0x000ea2c6:  76 05                    jbe      0xea2cd

----------------
IN: 
0x000ea2cd:  85 db                    testl    %ebx, %ebx
0x000ea2cf:  75 05                    jne      0xea2d6

----------------
IN: 
0x000ea2d6:  0f be 13                 movsbl   (%ebx), %edx
0x000ea2d9:  84 d2                    testb    %dl, %dl
0x000ea2db:  74 0a                    je       0xea2e7

----------------
IN: 
0x000ea2dd:  89 f0                    movl     %esi, %eax
0x000ea2df:  e8 b7 ff ff ff           calll    0xea29b

----------------
IN: 
0x000ea2e4:  43                       incl     %ebx
0x000ea2e5:  eb ef                    jmp      0xea2d6

----------------
IN: 
0x000ea2e7:  83 c4 0c                 addl     $0xc, %esp
0x000ea2ea:  5b                       popl     %ebx
0x000ea2eb:  5e                       popl     %esi
0x000ea2ec:  5f                       popl     %edi
0x000ea2ed:  c3                       retl     

----------------
IN: 
0x000ec7e8:  e9 3e 01 00 00           jmp      0xec92b

----------------
IN: 
0x000e8bf5:  83 c4 1c                 addl     $0x1c, %esp
0x000e8bf8:  85 f6                    testl    %esi, %esi
0x000e8bfa:  74 06                    je       0xe8c02

----------------
IN: 
0x000e8bfc:  88 1d f9 a1 0e 00        movb     %bl, 0xea1f9
0x000e8c02:  31 ed                    xorl     %ebp, %ebp
0x000e8c04:  bb 00 00 00 40           movl     $0x40000000, %ebx
0x000e8c09:  31 f6                    xorl     %esi, %esi
0x000e8c0b:  89 74 24 10              movl     %esi, 0x10(%esp)
0x000e8c0f:  8d 7c 24 1c              leal     0x1c(%esp), %edi
0x000e8c13:  57                       pushl    %edi
0x000e8c14:  8d 74 24 1c              leal     0x1c(%esp), %esi
0x000e8c18:  56                       pushl    %esi
0x000e8c19:  8d 4c 24 1c              leal     0x1c(%esp), %ecx
0x000e8c1d:  8d 54 24 18              leal     0x18(%esp), %edx
0x000e8c21:  89 d8                    movl     %ebx, %eax
0x000e8c23:  e8 c8 19 00 00           calll    0xea5f0

----------------
IN: 
0x000e8c28:  8b 44 24 18              movl     0x18(%esp), %eax
0x000e8c2c:  5a                       popl     %edx
0x000e8c2d:  59                       popl     %ecx
0x000e8c2e:  39 d8                    cmpl     %ebx, %eax
0x000e8c30:  72 53                    jb       0xe8c85

----------------
IN: 
0x000e8c32:  8b 54 24 14              movl     0x14(%esp), %edx
0x000e8c36:  89 54 24 30              movl     %edx, 0x30(%esp)
0x000e8c3a:  8b 54 24 18              movl     0x18(%esp), %edx
0x000e8c3e:  89 54 24 34              movl     %edx, 0x34(%esp)
0x000e8c42:  8b 54 24 1c              movl     0x1c(%esp), %edx
0x000e8c46:  89 54 24 38              movl     %edx, 0x38(%esp)
0x000e8c4a:  c6 44 24 3c 00           movb     $0, 0x3c(%esp)
0x000e8c4f:  8d 74 24 30              leal     0x30(%esp), %esi
0x000e8c53:  56                       pushl    %esi
0x000e8c54:  50                       pushl    %eax
0x000e8c55:  53                       pushl    %ebx
0x000e8c56:  68 87 40 0f 00           pushl    $0xf4087
0x000e8c5b:  e8 c2 42 00 00           calll    0xecf22

----------------
IN: 
0x000ec791:  7f 09                    jg       0xec79c

----------------
IN: 
0x000ec79c:  3c 75                    cmpb     $0x75, %al
0x000ec79e:  74 31                    je       0xec7d1

----------------
IN: 
0x000ec7a0:  3c 78                    cmpb     $0x78, %al
0x000ec7a2:  0f 84 cf 00 00 00        je       0xec877

----------------
IN: 
0x000ec877:  3c 58                    cmpb     $0x58, %al
0x000ec879:  0f 94 c0                 sete     %al
0x000ec87c:  0f b6 c0                 movzbl   %al, %eax
0x000ec87f:  89 c7                    movl     %eax, %edi
0x000ec881:  8b 03                    movl     (%ebx), %eax
0x000ec883:  89 44 24 04              movl     %eax, 4(%esp)
0x000ec887:  0f be 04 24              movsbl   (%esp), %eax
0x000ec88b:  84 d2                    testb    %dl, %dl
0x000ec88d:  74 2f                    je       0xec8be

----------------
IN: 
0x000ec8be:  83 c3 04                 addl     $4, %ebx
0x000ec8c1:  89 1c 24                 movl     %ebx, (%esp)
0x000ec8c4:  57                       pushl    %edi
0x000ec8c5:  50                       pushl    %eax
0x000ec8c6:  8b 54 24 0c              movl     0xc(%esp), %edx
0x000ec8ca:  89 e8                    movl     %ebp, %eax
0x000ec8cc:  e8 da da ff ff           calll    0xea3ab

----------------
IN: 
0x000ea3ab:  55                       pushl    %ebp
0x000ea3ac:  57                       pushl    %edi
0x000ea3ad:  56                       pushl    %esi
0x000ea3ae:  53                       pushl    %ebx
0x000ea3af:  83 ec 08                 subl     $8, %esp
0x000ea3b2:  89 d5                    movl     %edx, %ebp
0x000ea3b4:  89 cb                    movl     %ecx, %ebx
0x000ea3b6:  8b 7c 24 20              movl     0x20(%esp), %edi
0x000ea3ba:  89 3c 24                 movl     %edi, (%esp)
0x000ea3bd:  8a 4c 24 1c              movb     0x1c(%esp), %cl
0x000ea3c1:  be 01 00 00 00           movl     $1, %esi
0x000ea3c6:  c1 ea 04                 shrl     $4, %edx
0x000ea3c9:  74 03                    je       0xea3ce

----------------
IN: 
0x000ea3cb:  46                       incl     %esi
0x000ea3cc:  eb f8                    jmp      0xea3c6

----------------
IN: 
0x000ea3c6:  c1 ea 04                 shrl     $4, %edx
0x000ea3c9:  74 03                    je       0xea3ce

----------------
IN: 
0x000ea3ce:  29 f3                    subl     %esi, %ebx
0x000ea3d0:  0f be f9                 movsbl   %cl, %edi
0x000ea3d3:  85 db                    testl    %ebx, %ebx
0x000ea3d5:  7e 12                    jle      0xea3e9

----------------
IN: 
0x000ea3e9:  8b 0c 24                 movl     (%esp), %ecx
0x000ea3ec:  89 4c 24 1c              movl     %ecx, 0x1c(%esp)
0x000ea3f0:  89 f1                    movl     %esi, %ecx
0x000ea3f2:  89 ea                    movl     %ebp, %edx
0x000ea3f4:  83 c4 08                 addl     $8, %esp
0x000ea3f7:  5b                       popl     %ebx
0x000ea3f8:  5e                       popl     %esi
0x000ea3f9:  5f                       popl     %edi
0x000ea3fa:  5d                       popl     %ebp
0x000ea3fb:  e9 12 ff ff ff           jmp      0xea312

----------------
IN: 
0x000ea312:  57                       pushl    %edi
0x000ea313:  56                       pushl    %esi
0x000ea314:  53                       pushl    %ebx
0x000ea315:  89 c6                    movl     %eax, %esi
0x000ea317:  89 d3                    movl     %edx, %ebx
0x000ea319:  8b 7c 24 10              movl     0x10(%esp), %edi
0x000ea31d:  49                       decl     %ecx
0x000ea31e:  83 f9 06                 cmpl     $6, %ecx
0x000ea321:  77 07                    ja       0xea32a

----------------
IN: 
0x000ea32a:  c1 ea 1c                 shrl     $0x1c, %edx
0x000ea32d:  89 f9                    movl     %edi, %ecx
0x000ea32f:  e8 ba ff ff ff           calll    0xea2ee

----------------
IN: 
0x000ea2ee:  53                       pushl    %ebx
0x000ea2ef:  89 c3                    movl     %eax, %ebx
0x000ea2f1:  89 d0                    movl     %edx, %eax
0x000ea2f3:  83 fa 09                 cmpl     $9, %edx
0x000ea2f6:  77 05                    ja       0xea2fd

----------------
IN: 
0x000ea2f8:  8d 52 30                 leal     0x30(%edx), %edx
0x000ea2fb:  eb 0a                    jmp      0xea307

----------------
IN: 
0x000ea307:  0f be d2                 movsbl   %dl, %edx
0x000ea30a:  89 d8                    movl     %ebx, %eax
0x000ea30c:  5b                       popl     %ebx
0x000ea30d:  e9 89 ff ff ff           jmp      0xea29b

----------------
IN: 
0x000ea334:  89 da                    movl     %ebx, %edx
0x000ea336:  c1 ea 18                 shrl     $0x18, %edx
0x000ea339:  83 e2 0f                 andl     $0xf, %edx
0x000ea33c:  89 f9                    movl     %edi, %ecx
0x000ea33e:  89 f0                    movl     %esi, %eax
0x000ea340:  e8 a9 ff ff ff           calll    0xea2ee

----------------
IN: 
0x000ea345:  89 da                    movl     %ebx, %edx
0x000ea347:  c1 ea 14                 shrl     $0x14, %edx
0x000ea34a:  83 e2 0f                 andl     $0xf, %edx
0x000ea34d:  89 f9                    movl     %edi, %ecx
0x000ea34f:  89 f0                    movl     %esi, %eax
0x000ea351:  e8 98 ff ff ff           calll    0xea2ee

----------------
IN: 
0x000ea356:  89 da                    movl     %ebx, %edx
0x000ea358:  c1 ea 10                 shrl     $0x10, %edx
0x000ea35b:  83 e2 0f                 andl     $0xf, %edx
0x000ea35e:  89 f9                    movl     %edi, %ecx
0x000ea360:  89 f0                    movl     %esi, %eax
0x000ea362:  e8 87 ff ff ff           calll    0xea2ee

----------------
IN: 
0x000ea367:  89 da                    movl     %ebx, %edx
0x000ea369:  c1 ea 0c                 shrl     $0xc, %edx
0x000ea36c:  83 e2 0f                 andl     $0xf, %edx
0x000ea36f:  89 f9                    movl     %edi, %ecx
0x000ea371:  89 f0                    movl     %esi, %eax
0x000ea373:  e8 76 ff ff ff           calll    0xea2ee

----------------
IN: 
0x000ea378:  89 da                    movl     %ebx, %edx
0x000ea37a:  c1 ea 08                 shrl     $8, %edx
0x000ea37d:  83 e2 0f                 andl     $0xf, %edx
0x000ea380:  89 f9                    movl     %edi, %ecx
0x000ea382:  89 f0                    movl     %esi, %eax
0x000ea384:  e8 65 ff ff ff           calll    0xea2ee

----------------
IN: 
0x000ea389:  89 da                    movl     %ebx, %edx
0x000ea38b:  c1 ea 04                 shrl     $4, %edx
0x000ea38e:  83 e2 0f                 andl     $0xf, %edx
0x000ea391:  89 f9                    movl     %edi, %ecx
0x000ea393:  89 f0                    movl     %esi, %eax
0x000ea395:  e8 54 ff ff ff           calll    0xea2ee

----------------
IN: 
0x000ea39a:  83 e3 0f                 andl     $0xf, %ebx
0x000ea39d:  89 da                    movl     %ebx, %edx
0x000ea39f:  89 f9                    movl     %edi, %ecx
0x000ea3a1:  89 f0                    movl     %esi, %eax
0x000ea3a3:  5b                       popl     %ebx
0x000ea3a4:  5e                       popl     %esi
0x000ea3a5:  5f                       popl     %edi
0x000ea3a6:  e9 43 ff ff ff           jmp      0xea2ee

----------------
IN: 
0x000ec8d1:  59                       popl     %ecx
0x000ec8d2:  5b                       popl     %ebx
0x000ec8d3:  8b 1c 24                 movl     (%esp), %ebx
0x000ec8d6:  eb 53                    jmp      0xec92b

----------------
IN: 
0x000e8c60:  ba ab 40 0f 00           movl     $0xf40ab, %edx
0x000e8c65:  89 f0                    movl     %esi, %eax
0x000e8c67:  e8 c2 17 00 00           calll    0xea42e

----------------
IN: 
0x000e8c6c:  83 c4 10                 addl     $0x10, %esp
0x000e8c6f:  85 c0                    testl    %eax, %eax
0x000e8c71:  75 0a                    jne      0xe8c7d

----------------
IN: 
0x000e8c7d:  81 c3 00 01 00 00        addl     $0x100, %ebx
0x000e8c83:  eb 84                    jmp      0xe8c09

----------------
IN: 
0x000e8c09:  31 f6                    xorl     %esi, %esi
0x000e8c0b:  89 74 24 10              movl     %esi, 0x10(%esp)
0x000e8c0f:  8d 7c 24 1c              leal     0x1c(%esp), %edi
0x000e8c13:  57                       pushl    %edi
0x000e8c14:  8d 74 24 1c              leal     0x1c(%esp), %esi
0x000e8c18:  56                       pushl    %esi
0x000e8c19:  8d 4c 24 1c              leal     0x1c(%esp), %ecx
0x000e8c1d:  8d 54 24 18              leal     0x18(%esp), %edx
0x000e8c21:  89 d8                    movl     %ebx, %eax
0x000e8c23:  e8 c8 19 00 00           calll    0xea5f0

----------------
IN: 
0x000e8c85:  83 3d f4 a1 0e 00 00     cmpl     $0, 0xea1f4
0x000e8c8c:  74 56                    je       0xe8ce4

----------------
IN: 
0x000e8ce4:  e8 71 15 00 00           calll    0xea25a

----------------
IN: 
0x000e8ce9:  85 c0                    testl    %eax, %eax
0x000e8ceb:  74 4c                    je       0xe8d39

----------------
IN: 
0x000e8d39:  e8 76 35 ff ff           calll    0xdc2b4

----------------
IN: 
0x000dc2b4:  56                       pushl    %esi
0x000dc2b5:  53                       pushl    %ebx
0x000dc2b6:  56                       pushl    %esi
0x000dc2b7:  8b 1d 04 4d 0f 00        movl     0xf4d04, %ebx
0x000dc2bd:  85 db                    testl    %ebx, %ebx
0x000dc2bf:  75 68                    jne      0xdc329

----------------
IN: 
0x000dc2c1:  31 c0                    xorl     %eax, %eax
0x000dc2c3:  ba 10 05 00 00           movl     $0x510, %edx
0x000dc2c8:  66 ef                    outw     %ax, %dx

----------------
IN: 
0x000dc2ca:  31 c9                    xorl     %ecx, %ecx
0x000dc2cc:  ba 11 05 00 00           movl     $0x511, %edx
0x000dc2d1:  ec                       inb      %dx, %al

----------------
IN: 
0x000dc2d2:  0f b6 c0                 movzbl   %al, %eax
0x000dc2d5:  0f be b1 1a 1b 0f 00     movsbl   0xf1b1a(%ecx), %esi
0x000dc2dc:  39 f0                    cmpl     %esi, %eax
0x000dc2de:  75 4e                    jne      0xdc32e

----------------
IN: 
0x000dc2e0:  41                       incl     %ecx
0x000dc2e1:  83 f9 04                 cmpl     $4, %ecx
0x000dc2e4:  75 eb                    jne      0xdc2d1

----------------
IN: 
0x000dc2d1:  ec                       inb      %dx, %al

----------------
IN: 
0x000dc2e6:  68 1f 1b 0f 00           pushl    $0xf1b1f
0x000dc2eb:  e8 32 0c 01 00           calll    0xecf22

----------------
IN: 
0x000dc2f0:  c7 05 04 4d 0f 00 01 00  movl     $1, 0xf4d04
0x000dc2f8:  00 00
0x000dc2fa:  8d 44 24 04              leal     4(%esp), %eax
0x000dc2fe:  b9 04 00 00 00           movl     $4, %ecx
0x000dc303:  ba 01 00 00 00           movl     $1, %edx
0x000dc308:  e8 c0 0a 01 00           calll    0xecdcd

----------------
IN: 
0x000ecdcd:  56                       pushl    %esi
0x000ecdce:  53                       pushl    %ebx
0x000ecdcf:  89 c3                    movl     %eax, %ebx
0x000ecdd1:  89 d0                    movl     %edx, %eax
0x000ecdd3:  83 3d 00 4d 0f 00 00     cmpl     $0, 0xf4d00
0x000ecdda:  74 13                    je       0xecdef

----------------
IN: 
0x000ecdef:  ba 10 05 00 00           movl     $0x510, %edx
0x000ecdf4:  66 ef                    outw     %ax, %dx

----------------
IN: 
0x000ecdf6:  89 ca                    movl     %ecx, %edx
0x000ecdf8:  89 d8                    movl     %ebx, %eax
0x000ecdfa:  5b                       popl     %ebx
0x000ecdfb:  5e                       popl     %esi
0x000ecdfc:  e9 a6 ff ff ff           jmp      0xecda7

----------------
IN: 
0x000ecda7:  85 d2                    testl    %edx, %edx
0x000ecda9:  74 21                    je       0xecdcc

----------------
IN: 
0x000ecdab:  83 3d 00 4d 0f 00 00     cmpl     $0, 0xf4d00
0x000ecdb2:  74 0a                    je       0xecdbe

----------------
IN: 
0x000ecdbe:  57                       pushl    %edi
0x000ecdbf:  89 d1                    movl     %edx, %ecx
0x000ecdc1:  89 c7                    movl     %eax, %edi
0x000ecdc3:  ba 11 05 00 00           movl     $0x511, %edx
0x000ecdc8:  f3 6c                    rep insb %dx, %es:(%edi)

----------------
IN: 
0x000ecdca:  5f                       popl     %edi
0x000ecdcb:  c3                       retl     

----------------
IN: 
0x000dc30d:  5b                       popl     %ebx
0x000dc30e:  f6 04 24 02              testb    $2, (%esp)
0x000dc312:  74 15                    je       0xdc329

----------------
IN: 
0x000dc314:  68 32 1b 0f 00           pushl    $0xf1b32
0x000dc319:  e8 04 0c 01 00           calll    0xecf22

----------------
IN: 
0x000dc31e:  c7 05 00 4d 0f 00 01 00  movl     $1, 0xf4d00
0x000dc326:  00 00
0x000dc328:  59                       popl     %ecx
0x000dc329:  bb 01 00 00 00           movl     $1, %ebx
0x000dc32e:  89 d8                    movl     %ebx, %eax
0x000dc330:  5a                       popl     %edx
0x000dc331:  5b                       popl     %ebx
0x000dc332:  5e                       popl     %esi
0x000dc333:  c3                       retl     

----------------
IN: 
0x000e8d3e:  85 c0                    testl    %eax, %eax
0x000e8d40:  0f 84 8c 01 00 00        je       0xe8ed2

----------------
IN: 
0x000e8d46:  b9 04 00 00 00           movl     $4, %ecx
0x000e8d4b:  ba 19 00 00 00           movl     $0x19, %edx
0x000e8d50:  89 f0                    movl     %esi, %eax
0x000e8d52:  e8 76 40 00 00           calll    0xecdcd

----------------
IN: 
0x000ecddc:  c1 e0 10                 shll     $0x10, %eax
0x000ecddf:  83 c8 0a                 orl      $0xa, %eax
0x000ecde2:  89 ca                    movl     %ecx, %edx
0x000ecde4:  89 c1                    movl     %eax, %ecx
0x000ecde6:  89 d8                    movl     %ebx, %eax
0x000ecde8:  5b                       popl     %ebx
0x000ecde9:  5e                       popl     %esi
0x000ecdea:  e9 64 ff ff ff           jmp      0xecd53

----------------
IN: 
0x000ecd53:  56                       pushl    %esi
0x000ecd54:  53                       pushl    %ebx
0x000ecd55:  83 ec 10                 subl     $0x10, %esp
0x000ecd58:  89 d6                    movl     %edx, %esi
0x000ecd5a:  89 cb                    movl     %ecx, %ebx
0x000ecd5c:  31 d2                    xorl     %edx, %edx
0x000ecd5e:  e8 4e de ff ff           calll    0xeabb1

----------------
IN: 
0x000eabb1:  89 d1                    movl     %edx, %ecx
0x000eabb3:  0f c9                    bswapl   %ecx
0x000eabb5:  89 c2                    movl     %eax, %edx
0x000eabb7:  0f ca                    bswapl   %edx
0x000eabb9:  89 c8                    movl     %ecx, %eax
0x000eabbb:  c3                       retl     

----------------
IN: 
0x000ecd63:  89 44 24 08              movl     %eax, 8(%esp)
0x000ecd67:  89 54 24 0c              movl     %edx, 0xc(%esp)
0x000ecd6b:  89 f0                    movl     %esi, %eax
0x000ecd6d:  e8 83 e2 ff ff           calll    0xeaff5

----------------
IN: 
0x000eaff5:  0f c8                    bswapl   %eax
0x000eaff7:  c3                       retl     

----------------
IN: 
0x000ecd72:  89 44 24 04              movl     %eax, 4(%esp)
0x000ecd76:  89 d8                    movl     %ebx, %eax
0x000ecd78:  e8 78 e2 ff ff           calll    0xeaff5

----------------
IN: 
0x000ecd7d:  89 04 24                 movl     %eax, (%esp)
0x000ecd80:  89 e0                    movl     %esp, %eax
0x000ecd82:  e8 6e e2 ff ff           calll    0xeaff5

----------------
IN: 
0x000ecd87:  ba 18 05 00 00           movl     $0x518, %edx
0x000ecd8c:  ef                       outl     %eax, %dx

----------------
IN: 
0x000ecd8d:  8b 04 24                 movl     (%esp), %eax
0x000ecd90:  e8 60 e2 ff ff           calll    0xeaff5

----------------
IN: 
0x000ecd95:  83 f8 01                 cmpl     $1, %eax
0x000ecd98:  76 07                    jbe      0xecda1

----------------
IN: 
0x000ecda1:  83 c4 10                 addl     $0x10, %esp
0x000ecda4:  5b                       popl     %ebx
0x000ecda5:  5e                       popl     %esi
0x000ecda6:  c3                       retl     

----------------
IN: 
0x000e8d57:  8b 44 24 18              movl     0x18(%esp), %eax
0x000e8d5b:  e8 95 22 00 00           calll    0xeaff5

----------------
IN: 
0x000e8d60:  89 44 24 18              movl     %eax, 0x18(%esp)
0x000e8d64:  31 db                    xorl     %ebx, %ebx
0x000e8d66:  3b 5c 24 18              cmpl     0x18(%esp), %ebx
0x000e8d6a:  73 31                    jae      0xe8d9d

----------------
IN: 
0x000e8d6c:  8d 44 24 30              leal     0x30(%esp), %eax
0x000e8d70:  ba 40 00 00 00           movl     $0x40, %edx
0x000e8d75:  e8 2d 40 00 00           calll    0xecda7

----------------
IN: 
0x000ecdb4:  b9 02 00 00 00           movl     $2, %ecx
0x000ecdb9:  e9 95 ff ff ff           jmp      0xecd53

----------------
IN: 
0x000e8d7a:  8d 44 24 38              leal     0x38(%esp), %eax
0x000e8d7e:  b9 09 00 00 00           movl     $9, %ecx
0x000e8d83:  ba dc 1f 0f 00           movl     $0xf1fdc, %edx
0x000e8d88:  e8 80 16 00 00           calll    0xea40d

----------------
IN: 
0x000ea40d:  01 c1                    addl     %eax, %ecx
0x000ea40f:  39 c8                    cmpl     %ecx, %eax
0x000ea411:  75 03                    jne      0xea416

----------------
IN: 
0x000ea416:  53                       pushl    %ebx
0x000ea417:  8a 1a                    movb     (%edx), %bl
0x000ea419:  38 18                    cmpb     %bl, (%eax)
0x000ea41b:  74 07                    je       0xea424

----------------
IN: 
0x000ea41d:  19 c0                    sbbl     %eax, %eax
0x000ea41f:  83 c8 01                 orl      $1, %eax
0x000ea422:  eb 08                    jmp      0xea42c

----------------
IN: 
0x000ea42c:  5b                       popl     %ebx
0x000ea42d:  c3                       retl     

----------------
IN: 
0x000e8d8d:  85 c0                    testl    %eax, %eax
0x000e8d8f:  74 03                    je       0xe8d94

----------------
IN: 
0x000e8d91:  43                       incl     %ebx
0x000e8d92:  eb d2                    jmp      0xe8d66

----------------
IN: 
0x000e8d66:  3b 5c 24 18              cmpl     0x18(%esp), %ebx
0x000e8d6a:  73 31                    jae      0xe8d9d

----------------
IN: 
0x000ea424:  40                       incl     %eax
0x000ea425:  42                       incl     %edx
0x000ea426:  39 c8                    cmpl     %ecx, %eax
0x000ea428:  75 ed                    jne      0xea417

----------------
IN: 
0x000ea417:  8a 1a                    movb     (%edx), %bl
0x000ea419:  38 18                    cmpb     %bl, (%eax)
0x000ea41b:  74 07                    je       0xea424

----------------
IN: 
0x000ea42a:  31 c0                    xorl     %eax, %eax
0x000ea42c:  5b                       popl     %ebx
0x000ea42d:  c3                       retl     

----------------
IN: 
0x000e8d94:  8b 54 24 34              movl     0x34(%esp), %edx
0x000e8d98:  66 85 d2                 testw    %dx, %dx
0x000e8d9b:  75 10                    jne      0xe8dad

----------------
IN: 
0x000e8dad:  8b 44 24 30              movl     0x30(%esp), %eax
0x000e8db1:  e8 3f 22 00 00           calll    0xeaff5

----------------
IN: 
0x000e8db6:  89 c1                    movl     %eax, %ecx
0x000e8db8:  89 d0                    movl     %edx, %eax
0x000e8dba:  86 e0                    xchgb    %ah, %al
0x000e8dbc:  ba 10 05 00 00           movl     $0x510, %edx
0x000e8dc1:  66 ef                    outw     %ax, %dx

----------------
IN: 
0x000e8dc3:  bb 14 00 00 00           movl     $0x14, %ebx
0x000e8dc8:  89 c8                    movl     %ecx, %eax
0x000e8dca:  31 d2                    xorl     %edx, %edx
0x000e8dcc:  f7 f3                    divl     %ebx
0x000e8dce:  89 44 24 18              movl     %eax, 0x18(%esp)
0x000e8dd2:  31 ed                    xorl     %ebp, %ebp
0x000e8dd4:  3b 6c 24 18              cmpl     0x18(%esp), %ebp
0x000e8dd8:  0f 83 5a 01 00 00        jae      0xe8f38

----------------
IN: 
0x000e8dde:  8d 44 24 1c              leal     0x1c(%esp), %eax
0x000e8de2:  ba 14 00 00 00           movl     $0x14, %edx
0x000e8de7:  e8 bb 3f 00 00           calll    0xecda7

----------------
IN: 
0x000e8dec:  8b 44 24 2c              movl     0x2c(%esp), %eax
0x000e8df0:  83 f8 01                 cmpl     $1, %eax
0x000e8df3:  74 42                    je       0xe8e37

----------------
IN: 
0x000e8df5:  83 f8 02                 cmpl     $2, %eax
0x000e8df8:  0f 85 ce 00 00 00        jne      0xe8ecc

----------------
IN: 
0x000e8dfe:  6a 02                    pushl    $2
0x000e8e00:  ff 74 24 2c              pushl    0x2c(%esp)
0x000e8e04:  ff 74 24 2c              pushl    0x2c(%esp)
0x000e8e08:  8b 44 24 28              movl     0x28(%esp), %eax
0x000e8e0c:  8b 54 24 2c              movl     0x2c(%esp), %edx
0x000e8e10:  e8 62 fd fe ff           calll    0xd8b77

----------------
IN: 
0x000d8b77:  57                       pushl    %edi
0x000d8b78:  56                       pushl    %esi
0x000d8b79:  89 c6                    movl     %eax, %esi
0x000d8b7b:  89 d7                    movl     %edx, %edi
0x000d8b7d:  8b 4c 24 0c              movl     0xc(%esp), %ecx
0x000d8b81:  8b 54 24 10              movl     0x10(%esp), %edx
0x000d8b85:  8b 44 24 14              movl     0x14(%esp), %eax
0x000d8b89:  85 d2                    testl    %edx, %edx
0x000d8b8b:  75 04                    jne      0xd8b91

----------------
IN: 
0x000d8b91:  89 44 24 14              movl     %eax, 0x14(%esp)
0x000d8b95:  89 4c 24 0c              movl     %ecx, 0xc(%esp)
0x000d8b99:  89 54 24 10              movl     %edx, 0x10(%esp)
0x000d8b9d:  89 f0                    movl     %esi, %eax
0x000d8b9f:  89 fa                    movl     %edi, %edx
0x000d8ba1:  5e                       popl     %esi
0x000d8ba2:  5f                       popl     %edi
0x000d8ba3:  e9 0b fe ff ff           jmp      0xd89b3

----------------
IN: 
0x000d89b3:  55                       pushl    %ebp
0x000d89b4:  57                       pushl    %edi
0x000d89b5:  56                       pushl    %esi
0x000d89b6:  53                       pushl    %ebx
0x000d89b7:  83 ec 24                 subl     $0x24, %esp
0x000d89ba:  89 44 24 04              movl     %eax, 4(%esp)
0x000d89be:  89 54 24 08              movl     %edx, 8(%esp)
0x000d89c2:  8b 44 24 38              movl     0x38(%esp), %eax
0x000d89c6:  8b 54 24 3c              movl     0x3c(%esp), %edx
0x000d89ca:  89 44 24 14              movl     %eax, 0x14(%esp)
0x000d89ce:  89 54 24 18              movl     %edx, 0x18(%esp)
0x000d89d2:  8b 44 24 40              movl     0x40(%esp), %eax
0x000d89d6:  89 44 24 1c              movl     %eax, 0x1c(%esp)
0x000d89da:  8b 35 44 56 0f 00        movl     0xf5644, %esi
0x000d89e0:  31 c0                    xorl     %eax, %eax
0x000d89e2:  89 04 24                 movl     %eax, (%esp)
0x000d89e5:  39 34 24                 cmpl     %esi, (%esp)
0x000d89e8:  0f 8d 4b 01 00 00        jge      0xd8b39

----------------
IN: 
0x000d8b39:  83 7c 24 1c ff           cmpl     $-1, 0x1c(%esp)
0x000d8b3e:  74 2f                    je       0xd8b6f

----------------
IN: 
0x000d8b40:  8b 44 24 1c              movl     0x1c(%esp), %eax
0x000d8b44:  89 44 24 40              movl     %eax, 0x40(%esp)
0x000d8b48:  8b 44 24 14              movl     0x14(%esp), %eax
0x000d8b4c:  8b 54 24 18              movl     0x18(%esp), %edx
0x000d8b50:  89 44 24 38              movl     %eax, 0x38(%esp)
0x000d8b54:  89 54 24 3c              movl     %edx, 0x3c(%esp)
0x000d8b58:  8b 54 24 04              movl     4(%esp), %edx
0x000d8b5c:  8b 4c 24 08              movl     8(%esp), %ecx
0x000d8b60:  8b 04 24                 movl     (%esp), %eax
0x000d8b63:  83 c4 24                 addl     $0x24, %esp
0x000d8b66:  5b                       popl     %ebx
0x000d8b67:  5e                       popl     %esi
0x000d8b68:  5f                       popl     %edi
0x000d8b69:  5d                       popl     %ebp
0x000d8b6a:  e9 a8 fd ff ff           jmp      0xd8917

----------------
IN: 
0x000d8917:  55                       pushl    %ebp
0x000d8918:  57                       pushl    %edi
0x000d8919:  56                       pushl    %esi
0x000d891a:  53                       pushl    %ebx
0x000d891b:  83 ec 10                 subl     $0x10, %esp
0x000d891e:  8b 7c 24 24              movl     0x24(%esp), %edi
0x000d8922:  8b 6c 24 28              movl     0x28(%esp), %ebp
0x000d8926:  89 3c 24                 movl     %edi, (%esp)
0x000d8929:  89 6c 24 04              movl     %ebp, 4(%esp)
0x000d892d:  8b 7c 24 2c              movl     0x2c(%esp), %edi
0x000d8931:  8b 1d 44 56 0f 00        movl     0xf5644, %ebx
0x000d8937:  83 fb 7f                 cmpl     $0x7f, %ebx
0x000d893a:  7e 16                    jle      0xd8952

----------------
IN: 
0x000d8952:  89 54 24 08              movl     %edx, 8(%esp)
0x000d8956:  89 4c 24 0c              movl     %ecx, 0xc(%esp)
0x000d895a:  6b f0 14                 imull    $0x14, %eax, %esi
0x000d895d:  89 d9                    movl     %ebx, %ecx
0x000d895f:  29 c1                    subl     %eax, %ecx
0x000d8961:  6b c9 14                 imull    $0x14, %ecx, %ecx
0x000d8964:  8d ae 60 56 0f 00        leal     0xf5660(%esi), %ebp
0x000d896a:  8d 86 74 56 0f 00        leal     0xf5674(%esi), %eax
0x000d8970:  89 ea                    movl     %ebp, %edx
0x000d8972:  e8 53 f7 ff ff           calll    0xd80ca

----------------
IN: 
0x000d80ca:  57                       pushl    %edi
0x000d80cb:  56                       pushl    %esi
0x000d80cc:  89 d6                    movl     %edx, %esi
0x000d80ce:  39 c2                    cmpl     %eax, %edx
0x000d80d0:  72 06                    jb       0xd80d8

----------------
IN: 
0x000d80d8:  85 c9                    testl    %ecx, %ecx
0x000d80da:  74 09                    je       0xd80e5

----------------
IN: 
0x000d80e5:  5e                       popl     %esi
0x000d80e6:  5f                       popl     %edi
0x000d80e7:  c3                       retl     

----------------
IN: 
0x000d8977:  43                       incl     %ebx
0x000d8978:  89 1d 44 56 0f 00        movl     %ebx, 0xf5644
0x000d897e:  8b 44 24 08              movl     8(%esp), %eax
0x000d8982:  8b 54 24 0c              movl     0xc(%esp), %edx
0x000d8986:  89 86 60 56 0f 00        movl     %eax, 0xf5660(%esi)
0x000d898c:  89 96 64 56 0f 00        movl     %edx, 0xf5664(%esi)
0x000d8992:  8b 04 24                 movl     (%esp), %eax
0x000d8995:  8b 54 24 04              movl     4(%esp), %edx
0x000d8999:  89 86 68 56 0f 00        movl     %eax, 0xf5668(%esi)
0x000d899f:  89 96 6c 56 0f 00        movl     %edx, 0xf566c(%esi)
0x000d89a5:  89 be 70 56 0f 00        movl     %edi, 0xf5670(%esi)
0x000d89ab:  83 c4 10                 addl     $0x10, %esp
0x000d89ae:  5b                       popl     %ebx
0x000d89af:  5e                       popl     %esi
0x000d89b0:  5f                       popl     %edi
0x000d89b1:  5d                       popl     %ebp
0x000d89b2:  c3                       retl     

----------------
IN: 
0x000e8e15:  ff 74 24 34              pushl    0x34(%esp)
0x000e8e19:  ff 74 24 34              pushl    0x34(%esp)
0x000e8e1d:  ff 74 24 34              pushl    0x34(%esp)
0x000e8e21:  ff 74 24 34              pushl    0x34(%esp)
0x000e8e25:  68 29 41 0f 00           pushl    $0xf4129
0x000e8e2a:  e8 f3 40 00 00           calll    0xecf22

----------------
IN: 
0x000ec70f:  85 c9                    testl    %ecx, %ecx
0x000ec711:  75 04                    jne      0xec717

----------------
IN: 
0x000ec713:  3c 30                    cmpb     $0x30, %al
0x000ec715:  74 09                    je       0xec720

----------------
IN: 
0x000ec720:  c6 04 24 30              movb     $0x30, (%esp)
0x000ec724:  31 c9                    xorl     %ecx, %ecx
0x000ec726:  46                       incl     %esi
0x000ec727:  eb db                    jmp      0xec704

----------------
IN: 
0x000ec704:  0f b6 06                 movzbl   (%esi), %eax
0x000ec707:  8d 50 d0                 leal     -0x30(%eax), %edx
0x000ec70a:  80 fa 09                 cmpb     $9, %dl
0x000ec70d:  77 1a                    ja       0xec729

----------------
IN: 
0x000ec717:  6b c9 0a                 imull    $0xa, %ecx, %ecx
0x000ec71a:  8d 4c 01 d0              leal     -0x30(%ecx, %eax), %ecx
0x000ec71e:  eb 06                    jmp      0xec726

----------------
IN: 
0x000ec726:  46                       incl     %esi
0x000ec727:  eb db                    jmp      0xec704

----------------
IN: 
0x000ec72f:  8a 46 01                 movb     1(%esi), %al
0x000ec732:  3c 6c                    cmpb     $0x6c, %al
0x000ec734:  74 03                    je       0xec739

----------------
IN: 
0x000ec739:  8a 46 02                 movb     2(%esi), %al
0x000ec73c:  83 c6 02                 addl     $2, %esi
0x000ec73f:  b2 01                    movb     $1, %dl
0x000ec741:  3c 64                    cmpb     $0x64, %al
0x000ec743:  74 68                    je       0xec7ad

----------------
IN: 
0x000ec88f:  8d 53 08                 leal     8(%ebx), %edx
0x000ec892:  89 14 24                 movl     %edx, (%esp)
0x000ec895:  8b 53 04                 movl     4(%ebx), %edx
0x000ec898:  85 d2                    testl    %edx, %edx
0x000ec89a:  74 28                    je       0xec8c4

----------------
IN: 
0x000ec89c:  83 e9 08                 subl     $8, %ecx
0x000ec89f:  57                       pushl    %edi
0x000ec8a0:  50                       pushl    %eax
0x000ec8a1:  89 e8                    movl     %ebp, %eax
0x000ec8a3:  e8 03 db ff ff           calll    0xea3ab

----------------
IN: 
0x000ea3d7:  4b                       decl     %ebx
0x000ea3d8:  89 fa                    movl     %edi, %edx
0x000ea3da:  89 44 24 04              movl     %eax, 4(%esp)
0x000ea3de:  e8 b8 fe ff ff           calll    0xea29b

----------------
IN: 
0x000ea3e3:  8b 44 24 04              movl     4(%esp), %eax
0x000ea3e7:  eb ea                    jmp      0xea3d3

----------------
IN: 
0x000ea3d3:  85 db                    testl    %ebx, %ebx
0x000ea3d5:  7e 12                    jle      0xea3e9

----------------
IN: 
0x000ea323:  ff 24 8d 98 43 0f 00     jmpl     *0xf4398(, %ecx, 4)

----------------
IN: 
0x000ea2fd:  8d 52 57                 leal     0x57(%edx), %edx
0x000ea300:  85 c9                    testl    %ecx, %ecx
0x000ea302:  74 03                    je       0xea307

----------------
IN: 
0x000ec8a8:  57                       pushl    %edi
0x000ec8a9:  b9 08 00 00 00           movl     $8, %ecx
0x000ec8ae:  8b 54 24 10              movl     0x10(%esp), %edx
0x000ec8b2:  89 e8                    movl     %ebp, %eax
0x000ec8b4:  e8 59 da ff ff           calll    0xea312

----------------
IN: 
0x000ec8b9:  83 c4 0c                 addl     $0xc, %esp
0x000ec8bc:  eb 15                    jmp      0xec8d3

----------------
IN: 
0x000ec8d3:  8b 1c 24                 movl     (%esp), %ebx
0x000ec8d6:  eb 53                    jmp      0xec92b

----------------
IN: 
0x000e8e2f:  83 c4 20                 addl     $0x20, %esp
0x000e8e32:  e9 95 00 00 00           jmp      0xe8ecc

----------------
IN: 
0x000e8ecc:  45                       incl     %ebp
0x000e8ecd:  e9 02 ff ff ff           jmp      0xe8dd4

----------------
IN: 
0x000e8dd4:  3b 6c 24 18              cmpl     0x18(%esp), %ebp
0x000e8dd8:  0f 83 5a 01 00 00        jae      0xe8f38

----------------
IN: 
0x000e8e37:  6a 01                    pushl    $1
0x000e8e39:  ff 74 24 2c              pushl    0x2c(%esp)
0x000e8e3d:  ff 74 24 2c              pushl    0x2c(%esp)
0x000e8e41:  8b 44 24 28              movl     0x28(%esp), %eax
0x000e8e45:  8b 54 24 2c              movl     0x2c(%esp), %edx
0x000e8e49:  e8 29 fd fe ff           calll    0xd8b77

----------------
IN: 
0x000d8b8d:  85 c9                    testl    %ecx, %ecx
0x000d8b8f:  74 17                    je       0xd8ba8

----------------
IN: 
0x000d89ee:  6b 0c 24 14              imull    $0x14, (%esp), %ecx
0x000d89f2:  8b 81 60 56 0f 00        movl     0xf5660(%ecx), %eax
0x000d89f8:  8b 91 64 56 0f 00        movl     0xf5664(%ecx), %edx
0x000d89fe:  89 c7                    movl     %eax, %edi
0x000d8a00:  89 d5                    movl     %edx, %ebp
0x000d8a02:  03 b9 68 56 0f 00        addl     0xf5668(%ecx), %edi
0x000d8a08:  13 a9 6c 56 0f 00        adcl     0xf566c(%ecx), %ebp
0x000d8a0e:  89 7c 24 0c              movl     %edi, 0xc(%esp)
0x000d8a12:  89 6c 24 10              movl     %ebp, 0x10(%esp)
0x000d8a16:  8b 5c 24 04              movl     4(%esp), %ebx
0x000d8a1a:  39 5c 24 0c              cmpl     %ebx, 0xc(%esp)
0x000d8a1e:  8b 5c 24 10              movl     0x10(%esp), %ebx
0x000d8a22:  1b 5c 24 08              sbbl     8(%esp), %ebx
0x000d8a26:  73 05                    jae      0xd8a2d

----------------
IN: 
0x000d8a2d:  8b 7c 24 14              movl     0x14(%esp), %edi
0x000d8a31:  8b 6c 24 18              movl     0x18(%esp), %ebp
0x000d8a35:  03 7c 24 04              addl     4(%esp), %edi
0x000d8a39:  13 6c 24 08              adcl     8(%esp), %ebp
0x000d8a3d:  3b 44 24 04              cmpl     4(%esp), %eax
0x000d8a41:  89 d6                    movl     %edx, %esi
0x000d8a43:  1b 74 24 08              sbbl     8(%esp), %esi
0x000d8a47:  73 77                    jae      0xd8ac0

----------------
IN: 
0x000d8ac0:  6b 34 24 14              imull    $0x14, (%esp), %esi
0x000d8ac4:  8b 04 24                 movl     (%esp), %eax
0x000d8ac7:  3b 05 44 56 0f 00        cmpl     0xf5644, %eax
0x000d8acd:  7d 6a                    jge      0xd8b39

----------------
IN: 
0x000d8acf:  8b 86 60 56 0f 00        movl     0xf5660(%esi), %eax
0x000d8ad5:  8b 96 64 56 0f 00        movl     0xf5664(%esi), %edx
0x000d8adb:  39 c7                    cmpl     %eax, %edi
0x000d8add:  89 e9                    movl     %ebp, %ecx
0x000d8adf:  19 d1                    sbbl     %edx, %ecx
0x000d8ae1:  72 56                    jb       0xd8b39

----------------
IN: 
0x000d80dc:  49                       decl     %ecx
0x000d80dd:  8a 14 0e                 movb     (%esi, %ecx), %dl
0x000d80e0:  88 14 08                 movb     %dl, (%eax, %ecx)
0x000d80e3:  eb f3                    jmp      0xd80d8

----------------
IN: 
0x000e8e4e:  ff 74 24 34              pushl    0x34(%esp)
0x000e8e52:  ff 74 24 34              pushl    0x34(%esp)
0x000e8e56:  ff 74 24 34              pushl    0x34(%esp)
0x000e8e5a:  ff 74 24 34              pushl    0x34(%esp)
0x000e8e5e:  68 5d 41 0f 00           pushl    $0xf415d
0x000e8e63:  e8 ba 40 00 00           calll    0xecf22

----------------
IN: 
0x000ec8c4:  57                       pushl    %edi
0x000ec8c5:  50                       pushl    %eax
0x000ec8c6:  8b 54 24 0c              movl     0xc(%esp), %edx
0x000ec8ca:  89 e8                    movl     %ebp, %eax
0x000ec8cc:  e8 da da ff ff           calll    0xea3ab

----------------
IN: 
0x000e8e68:  8b 4c 24 3c              movl     0x3c(%esp), %ecx
0x000e8e6c:  8b 5c 24 40              movl     0x40(%esp), %ebx
0x000e8e70:  8b 44 24 44              movl     0x44(%esp), %eax
0x000e8e74:  8b 54 24 48              movl     0x48(%esp), %edx
0x000e8e78:  89 44 24 20              movl     %eax, 0x20(%esp)
0x000e8e7c:  89 54 24 24              movl     %edx, 0x24(%esp)
0x000e8e80:  89 c8                    movl     %ecx, %eax
0x000e8e82:  89 da                    movl     %ebx, %edx
0x000e8e84:  03 44 24 20              addl     0x20(%esp), %eax
0x000e8e88:  13 54 24 24              adcl     0x24(%esp), %edx
0x000e8e8c:  83 c4 20                 addl     $0x20, %esp
0x000e8e8f:  83 fb 00                 cmpl     $0, %ebx
0x000e8e92:  77 18                    ja       0xe8eac

----------------
IN: 
0x000e8e94:  31 ff                    xorl     %edi, %edi
0x000e8e96:  39 05 08 a2 0e 00        cmpl     %eax, 0xea208
0x000e8e9c:  19 d7                    sbbl     %edx, %edi
0x000e8e9e:  73 2c                    jae      0xe8ecc

----------------
IN: 
0x000e8ea0:  8b 04 24                 movl     (%esp), %eax
0x000e8ea3:  01 c8                    addl     %ecx, %eax
0x000e8ea5:  a3 08 a2 0e 00           movl     %eax, 0xea208
0x000e8eaa:  eb 20                    jmp      0xe8ecc

----------------
IN: 
0x000e8f38:  6a 02                    pushl    $2
0x000e8f3a:  6a 00                    pushl    $0
0x000e8f3c:  68 00 00 04 00           pushl    $0x40000
0x000e8f41:  b8 00 00 fc ff           movl     $0xfffc0000, %eax
0x000e8f46:  31 d2                    xorl     %edx, %edx
0x000e8f48:  e8 66 fa fe ff           calll    0xd89b3

----------------
IN: 
0x000d8a28:  ff 04 24                 incl     (%esp)
0x000d8a2b:  eb b8                    jmp      0xd89e5

----------------
IN: 
0x000d89e5:  39 34 24                 cmpl     %esi, (%esp)
0x000d89e8:  0f 8d 4b 01 00 00        jge      0xd8b39

----------------
IN: 
0x000e8f4d:  83 c4 0c                 addl     $0xc, %esp
0x000e8f50:  6a ff                    pushl    $-1
0x000e8f52:  6a 00                    pushl    $0
0x000e8f54:  68 00 00 05 00           pushl    $0x50000
0x000e8f59:  b8 00 00 0a 00           movl     $0xa0000, %eax
0x000e8f5e:  31 d2                    xorl     %edx, %edx
0x000e8f60:  e8 4e fa fe ff           calll    0xd89b3

----------------
IN: 
0x000d8a49:  8b 99 70 56 0f 00        movl     0xf5670(%ecx), %ebx
0x000d8a4f:  89 5c 24 20              movl     %ebx, 0x20(%esp)
0x000d8a53:  8b 5c 24 1c              movl     0x1c(%esp), %ebx
0x000d8a57:  39 5c 24 20              cmpl     %ebx, 0x20(%esp)
0x000d8a5b:  75 1a                    jne      0xd8a77

----------------
IN: 
0x000d8a77:  8b 5c 24 04              movl     4(%esp), %ebx
0x000d8a7b:  8b 74 24 08              movl     8(%esp), %esi
0x000d8a7f:  29 c3                    subl     %eax, %ebx
0x000d8a81:  19 d6                    sbbl     %edx, %esi
0x000d8a83:  89 99 68 56 0f 00        movl     %ebx, 0xf5668(%ecx)
0x000d8a89:  89 b1 6c 56 0f 00        movl     %esi, 0xf566c(%ecx)
0x000d8a8f:  ff 04 24                 incl     (%esp)
0x000d8a92:  3b 7c 24 0c              cmpl     0xc(%esp), %edi
0x000d8a96:  89 e8                    movl     %ebp, %eax
0x000d8a98:  1b 44 24 10              sbbl     0x10(%esp), %eax
0x000d8a9c:  73 22                    jae      0xd8ac0

----------------
IN: 
0x000d8a9e:  ff 74 24 20              pushl    0x20(%esp)
0x000d8aa2:  8b 44 24 10              movl     0x10(%esp), %eax
0x000d8aa6:  8b 54 24 14              movl     0x14(%esp), %edx
0x000d8aaa:  29 f8                    subl     %edi, %eax
0x000d8aac:  19 ea                    sbbl     %ebp, %edx
0x000d8aae:  52                       pushl    %edx
0x000d8aaf:  50                       pushl    %eax
0x000d8ab0:  89 fa                    movl     %edi, %edx
0x000d8ab2:  89 e9                    movl     %ebp, %ecx
0x000d8ab4:  8b 44 24 0c              movl     0xc(%esp), %eax
0x000d8ab8:  e8 5a fe ff ff           calll    0xd8917

----------------
IN: 
0x000d8abd:  83 c4 0c                 addl     $0xc, %esp
0x000d8ac0:  6b 34 24 14              imull    $0x14, (%esp), %esi
0x000d8ac4:  8b 04 24                 movl     (%esp), %eax
0x000d8ac7:  3b 05 44 56 0f 00        cmpl     0xf5644, %eax
0x000d8acd:  7d 6a                    jge      0xd8b39

----------------
IN: 
0x000d8ae3:  03 86 68 56 0f 00        addl     0xf5668(%esi), %eax
0x000d8ae9:  13 96 6c 56 0f 00        adcl     0xf566c(%esi), %edx
0x000d8aef:  39 c7                    cmpl     %eax, %edi
0x000d8af1:  89 e9                    movl     %ebp, %ecx
0x000d8af3:  19 d1                    sbbl     %edx, %ecx
0x000d8af5:  72 0a                    jb       0xd8b01

----------------
IN: 
0x000d8b01:  89 be 60 56 0f 00        movl     %edi, 0xf5660(%esi)
0x000d8b07:  89 ae 64 56 0f 00        movl     %ebp, 0xf5664(%esi)
0x000d8b0d:  29 f8                    subl     %edi, %eax
0x000d8b0f:  19 ea                    sbbl     %ebp, %edx
0x000d8b11:  89 86 68 56 0f 00        movl     %eax, 0xf5668(%esi)
0x000d8b17:  89 96 6c 56 0f 00        movl     %edx, 0xf566c(%esi)
0x000d8b1d:  8b 4c 24 1c              movl     0x1c(%esp), %ecx
0x000d8b21:  3b 8e 70 56 0f 00        cmpl     0xf5670(%esi), %ecx
0x000d8b27:  75 10                    jne      0xd8b39

----------------
IN: 
0x000d8b6f:  83 c4 24                 addl     $0x24, %esp
0x000d8b72:  5b                       popl     %ebx
0x000d8b73:  5e                       popl     %esi
0x000d8b74:  5f                       popl     %edi
0x000d8b75:  5d                       popl     %ebp
0x000d8b76:  c3                       retl     

----------------
IN: 
0x000e8f65:  6a 02                    pushl    $2
0x000e8f67:  6a 00                    pushl    $0
0x000e8f69:  68 00 00 01 00           pushl    $0x10000
0x000e8f6e:  b8 00 00 0f 00           movl     $0xf0000, %eax
0x000e8f73:  31 d2                    xorl     %edx, %edx
0x000e8f75:  e8 39 fa fe ff           calll    0xd89b3

----------------
IN: 
0x000e8f7a:  a1 44 56 0f 00           movl     0xf5644, %eax
0x000e8f7f:  8d 78 ff                 leal     -1(%eax), %edi
0x000e8f82:  83 c4 18                 addl     $0x18, %esp
0x000e8f85:  31 f6                    xorl     %esi, %esi
0x000e8f87:  31 db                    xorl     %ebx, %ebx
0x000e8f89:  85 ff                    testl    %edi, %edi
0x000e8f8b:  0f 88 a4 00 00 00        js       0xe9035

----------------
IN: 
0x000e8f91:  6b cf 14                 imull    $0x14, %edi, %ecx
0x000e8f94:  8b 81 60 56 0f 00        movl     0xf5660(%ecx), %eax
0x000e8f9a:  8b 91 64 56 0f 00        movl     0xf5664(%ecx), %edx
0x000e8fa0:  89 44 24 08              movl     %eax, 8(%esp)
0x000e8fa4:  89 54 24 0c              movl     %edx, 0xc(%esp)
0x000e8fa8:  03 81 68 56 0f 00        addl     0xf5668(%ecx), %eax
0x000e8fae:  13 91 6c 56 0f 00        adcl     0xf566c(%ecx), %edx
0x000e8fb4:  89 04 24                 movl     %eax, (%esp)
0x000e8fb7:  89 54 24 04              movl     %edx, 4(%esp)
0x000e8fbb:  bd ff ff 0f 00           movl     $0xfffff, %ebp
0x000e8fc0:  3b 2c 24                 cmpl     (%esp), %ebp
0x000e8fc3:  bd 00 00 00 00           movl     $0, %ebp
0x000e8fc8:  1b 6c 24 04              sbbl     4(%esp), %ebp
0x000e8fcc:  73 67                    jae      0xe9035

----------------
IN: 
0x000e8fce:  83 b9 70 56 0f 00 01     cmpl     $1, 0xf5670(%ecx)
0x000e8fd5:  75 58                    jne      0xe902f

----------------
IN: 
0x000e902f:  4f                       decl     %edi
0x000e9030:  e9 54 ff ff ff           jmp      0xe8f89

----------------
IN: 
0x000e8f89:  85 ff                    testl    %edi, %edi
0x000e8f8b:  0f 88 a4 00 00 00        js       0xe9035

----------------
IN: 
0x000e8fd7:  83 7c 24 04 00           cmpl     $0, 4(%esp)
0x000e8fdc:  77 51                    ja       0xe902f

----------------
IN: 
0x000e8fde:  8b 54 24 08              movl     8(%esp), %edx
0x000e8fe2:  8b 0c 24                 movl     (%esp), %ecx
0x000e8fe5:  85 db                    testl    %ebx, %ebx
0x000e8fe7:  75 3c                    jne      0xe9025

----------------
IN: 
0x000e8fe9:  8d 81 00 00 00 ff        leal     -0x1000000(%ecx), %eax
0x000e8fef:  83 e0 f0                 andl     $0xfffffff0, %eax
0x000e8ff2:  39 c1                    cmpl     %eax, %ecx
0x000e8ff4:  72 0a                    jb       0xe9000

----------------
IN: 
0x000e8ff6:  8d aa 00 00 00 01        leal     0x1000000(%edx), %ebp
0x000e8ffc:  39 e8                    cmpl     %ebp, %eax
0x000e8ffe:  73 1c                    jae      0xe901c

----------------
IN: 
0x000e901c:  89 c3                    movl     %eax, %ebx
0x000e901e:  89 c1                    movl     %eax, %ecx
0x000e9020:  be 00 00 00 01           movl     $0x1000000, %esi
0x000e9025:  b8 58 a1 0e 00           movl     $0xea158, %eax
0x000e902a:  e8 6e fd fe ff           calll    0xd8d9d

----------------
IN: 
0x000d8d9d:  53                       pushl    %ebx
0x000d8d9e:  83 ec 2c                 subl     $0x2c, %esp
0x000d8da1:  89 d3                    movl     %edx, %ebx
0x000d8da3:  89 c2                    movl     %eax, %edx
0x000d8da5:  8b 00                    movl     (%eax), %eax
0x000d8da7:  85 c0                    testl    %eax, %eax
0x000d8da9:  75 35                    jne      0xd8de0

----------------
IN: 
0x000d8dab:  c7 44 24 28 ff ff ff ff  movl     $0xffffffff, 0x28(%esp)
0x000d8db3:  89 5c 24 1c              movl     %ebx, 0x1c(%esp)
0x000d8db7:  89 4c 24 20              movl     %ecx, 0x20(%esp)
0x000d8dbb:  31 c0                    xorl     %eax, %eax
0x000d8dbd:  89 44 24 24              movl     %eax, 0x24(%esp)
0x000d8dc1:  8d 44 24 14              leal     0x14(%esp), %eax
0x000d8dc5:  e8 a7 d5 ff ff           calll    0xd6371

----------------
IN: 
0x000d6371:  8b 0a                    movl     (%edx), %ecx
0x000d6373:  89 50 04                 movl     %edx, 4(%eax)
0x000d6376:  89 08                    movl     %ecx, (%eax)
0x000d6378:  85 c9                    testl    %ecx, %ecx
0x000d637a:  74 03                    je       0xd637f

----------------
IN: 
0x000d637f:  89 02                    movl     %eax, (%edx)
0x000d6381:  c3                       retl     

----------------
IN: 
0x000d8dca:  89 e0                    movl     %esp, %eax
0x000d8dcc:  e8 da fd ff ff           calll    0xd8bab

----------------
IN: 
0x000d8bab:  55                       pushl    %ebp
0x000d8bac:  57                       pushl    %edi
0x000d8bad:  56                       pushl    %esi
0x000d8bae:  53                       pushl    %ebx
0x000d8baf:  89 c3                    movl     %eax, %ebx
0x000d8bb1:  50                       pushl    %eax
0x000d8bb2:  b9 10 00 00 00           movl     $0x10, %ecx
0x000d8bb7:  ba 2c 00 00 00           movl     $0x2c, %edx
0x000d8bbc:  a1 58 a1 0e 00           movl     0xea158, %eax
0x000d8bc1:  e8 c1 f5 ff ff           calll    0xd8187

----------------
IN: 
0x000d8187:  55                       pushl    %ebp
0x000d8188:  57                       pushl    %edi
0x000d8189:  56                       pushl    %esi
0x000d818a:  53                       pushl    %ebx
0x000d818b:  89 ce                    movl     %ecx, %esi
0x000d818d:  8b 4c 24 14              movl     0x14(%esp), %ecx
0x000d8191:  f7 de                    negl     %esi
0x000d8193:  85 c0                    testl    %eax, %eax
0x000d8195:  74 33                    je       0xd81ca

----------------
IN: 
0x000d8197:  8b 78 0c                 movl     0xc(%eax), %edi
0x000d819a:  89 fb                    movl     %edi, %ebx
0x000d819c:  29 d3                    subl     %edx, %ebx
0x000d819e:  21 f3                    andl     %esi, %ebx
0x000d81a0:  8b 68 10                 movl     0x10(%eax), %ebp
0x000d81a3:  03 68 08                 addl     8(%eax), %ebp
0x000d81a6:  39 eb                    cmpl     %ebp, %ebx
0x000d81a8:  72 1c                    jb       0xd81c6

----------------
IN: 
0x000d81aa:  39 df                    cmpl     %ebx, %edi
0x000d81ac:  72 18                    jb       0xd81c6

----------------
IN: 
0x000d81ae:  89 59 08                 movl     %ebx, 8(%ecx)
0x000d81b1:  89 79 0c                 movl     %edi, 0xc(%ecx)
0x000d81b4:  89 51 10                 movl     %edx, 0x10(%ecx)
0x000d81b7:  89 58 0c                 movl     %ebx, 0xc(%eax)
0x000d81ba:  8b 50 04                 movl     4(%eax), %edx
0x000d81bd:  89 c8                    movl     %ecx, %eax
0x000d81bf:  e8 ad e1 ff ff           calll    0xd6371

----------------
IN: 
0x000d637c:  89 41 04                 movl     %eax, 4(%ecx)
0x000d637f:  89 02                    movl     %eax, (%edx)
0x000d6381:  c3                       retl     

----------------
IN: 
0x000d81c4:  eb 06                    jmp      0xd81cc

----------------
IN: 
0x000d81cc:  89 d8                    movl     %ebx, %eax
0x000d81ce:  5b                       popl     %ebx
0x000d81cf:  5e                       popl     %esi
0x000d81d0:  5f                       popl     %edi
0x000d81d1:  5d                       popl     %ebp
0x000d81d2:  c3                       retl     

----------------
IN: 
0x000d8bc6:  59                       popl     %ecx
0x000d8bc7:  85 c0                    testl    %eax, %eax
0x000d8bc9:  75 2d                    jne      0xd8bf8

----------------
IN: 
0x000d8bf8:  89 c5                    movl     %eax, %ebp
0x000d8bfa:  b9 0b 00 00 00           movl     $0xb, %ecx
0x000d8bff:  89 c7                    movl     %eax, %edi
0x000d8c01:  89 de                    movl     %ebx, %esi
0x000d8c03:  f3 a5                    rep movsl (%esi), %es:(%edi)

----------------
IN: 
0x000d8c05:  8b 13                    movl     (%ebx), %edx
0x000d8c07:  89 10                    movl     %edx, (%eax)
0x000d8c09:  85 d2                    testl    %edx, %edx
0x000d8c0b:  74 03                    je       0xd8c10

----------------
IN: 
0x000d8c0d:  89 42 04                 movl     %eax, 4(%edx)
0x000d8c10:  8b 53 04                 movl     4(%ebx), %edx
0x000d8c13:  89 50 04                 movl     %edx, 4(%eax)
0x000d8c16:  89 02                    movl     %eax, (%edx)
0x000d8c18:  8d 48 14                 leal     0x14(%eax), %ecx
0x000d8c1b:  8b 53 14                 movl     0x14(%ebx), %edx
0x000d8c1e:  89 50 14                 movl     %edx, 0x14(%eax)
0x000d8c21:  85 d2                    testl    %edx, %edx
0x000d8c23:  74 03                    je       0xd8c28

----------------
IN: 
0x000d8c28:  8b 53 18                 movl     0x18(%ebx), %edx
0x000d8c2b:  89 50 18                 movl     %edx, 0x18(%eax)
0x000d8c2e:  89 0a                    movl     %ecx, (%edx)
0x000d8c30:  89 e8                    movl     %ebp, %eax
0x000d8c32:  5b                       popl     %ebx
0x000d8c33:  5e                       popl     %esi
0x000d8c34:  5f                       popl     %edi
0x000d8c35:  5d                       popl     %ebp
0x000d8c36:  c3                       retl     

----------------
IN: 
0x000d8dd1:  85 c0                    testl    %eax, %eax
0x000d8dd3:  75 18                    jne      0xd8ded

----------------
IN: 
0x000d8ded:  83 c4 2c                 addl     $0x2c, %esp
0x000d8df0:  5b                       popl     %ebx
0x000d8df1:  c3                       retl     

----------------
IN: 
0x000e9035:  b9 00 00 09 00           movl     $0x90000, %ecx
0x000e903a:  ba 00 70 00 00           movl     $0x7000, %edx
0x000e903f:  b8 5c a1 0e 00           movl     $0xea15c, %eax
0x000e9044:  e8 54 fd fe ff           calll    0xd8d9d

----------------
IN: 
0x000d81c6:  8b 00                    movl     (%eax), %eax
0x000d81c8:  eb c9                    jmp      0xd8193

----------------
IN: 
0x000d8193:  85 c0                    testl    %eax, %eax
0x000d8195:  74 33                    je       0xd81ca

----------------
IN: 
0x000e9049:  85 db                    testl    %ebx, %ebx
0x000e904b:  74 21                    je       0xe906e

----------------
IN: 
0x000e904d:  8d 0c 33                 leal     (%ebx, %esi), %ecx
0x000e9050:  89 da                    movl     %ebx, %edx
0x000e9052:  b8 64 a1 0e 00           movl     $0xea164, %eax
0x000e9057:  e8 41 fd fe ff           calll    0xd8d9d

----------------
IN: 
0x000e905c:  89 d8                    movl     %ebx, %eax
0x000e905e:  31 d2                    xorl     %edx, %edx
0x000e9060:  6a 02                    pushl    $2
0x000e9062:  31 ff                    xorl     %edi, %edi
0x000e9064:  57                       pushl    %edi
0x000e9065:  56                       pushl    %esi
0x000e9066:  e8 0c fb fe ff           calll    0xd8b77

----------------
IN: 
0x000e906b:  83 c4 0c                 addl     $0xc, %esp
0x000e906e:  bd 40 a2 0e 00           movl     $0xea240, %ebp
0x000e9073:  81 ed 60 63 0d 00        subl     $0xd6360, %ebp
0x000e9079:  89 ea                    movl     %ebp, %edx
0x000e907b:  b8 20 00 00 00           movl     $0x20, %eax
0x000e9080:  e8 d2 6b ff ff           calll    0xdfc57

----------------
IN: 
0x000dfc57:  56                       pushl    %esi
0x000dfc58:  53                       pushl    %ebx
0x000dfc59:  89 c6                    movl     %eax, %esi
0x000dfc5b:  89 d3                    movl     %edx, %ebx
0x000dfc5d:  89 c1                    movl     %eax, %ecx
0x000dfc5f:  b8 58 a1 0e 00           movl     $0xea158, %eax
0x000dfc64:  e8 ce 8f ff ff           calll    0xd8c37

----------------
IN: 
0x000d8c37:  56                       pushl    %esi
0x000d8c38:  53                       pushl    %ebx
0x000d8c39:  83 ec 2c                 subl     $0x2c, %esp
0x000d8c3c:  85 d2                    testl    %edx, %edx
0x000d8c3e:  74 2d                    je       0xd8c6d

----------------
IN: 
0x000d8c40:  c7 44 24 28 ff ff ff ff  movl     $0xffffffff, 0x28(%esp)
0x000d8c48:  8d 74 24 14              leal     0x14(%esp), %esi
0x000d8c4c:  56                       pushl    %esi
0x000d8c4d:  8b 00                    movl     (%eax), %eax
0x000d8c4f:  e8 33 f5 ff ff           calll    0xd8187

----------------
IN: 
0x000d8c54:  89 c3                    movl     %eax, %ebx
0x000d8c56:  58                       popl     %eax
0x000d8c57:  85 db                    testl    %ebx, %ebx
0x000d8c59:  74 12                    je       0xd8c6d

----------------
IN: 
0x000d8c5b:  89 e0                    movl     %esp, %eax
0x000d8c5d:  e8 49 ff ff ff           calll    0xd8bab

----------------
IN: 
0x000d8c25:  89 4a 04                 movl     %ecx, 4(%edx)
0x000d8c28:  8b 53 18                 movl     0x18(%ebx), %edx
0x000d8c2b:  89 50 18                 movl     %edx, 0x18(%eax)
0x000d8c2e:  89 0a                    movl     %ecx, (%edx)
0x000d8c30:  89 e8                    movl     %ebp, %eax
0x000d8c32:  5b                       popl     %ebx
0x000d8c33:  5e                       popl     %esi
0x000d8c34:  5f                       popl     %edi
0x000d8c35:  5d                       popl     %ebp
0x000d8c36:  c3                       retl     

----------------
IN: 
0x000d8c62:  85 c0                    testl    %eax, %eax
0x000d8c64:  75 09                    jne      0xd8c6f

----------------
IN: 
0x000d8c6f:  89 d8                    movl     %ebx, %eax
0x000d8c71:  83 c4 2c                 addl     $0x2c, %esp
0x000d8c74:  5b                       popl     %ebx
0x000d8c75:  5e                       popl     %esi
0x000d8c76:  c3                       retl     

----------------
IN: 
0x000dfc69:  85 c0                    testl    %eax, %eax
0x000dfc6b:  75 10                    jne      0xdfc7d

----------------
IN: 
0x000dfc7d:  5b                       popl     %ebx
0x000dfc7e:  5e                       popl     %esi
0x000dfc7f:  c3                       retl     

----------------
IN: 
0x000e9085:  89 c3                    movl     %eax, %ebx
0x000e9087:  85 c0                    testl    %eax, %eax
0x000e9089:  75 0a                    jne      0xe9095

----------------
IN: 
0x000e9095:  55                       pushl    %ebp
0x000e9096:  50                       pushl    %eax
0x000e9097:  68 60 63 0d 00           pushl    $0xd6360
0x000e909c:  68 c3 41 0f 00           pushl    $0xf41c3
0x000e90a1:  e8 7c 3e 00 00           calll    0xecf22

----------------
IN: 
0x000ec793:  3c 70                    cmpb     $0x70, %al
0x000ec795:  74 56                    je       0xec7ed

----------------
IN: 
0x000ec7ed:  8b 3b                    movl     (%ebx), %edi
0x000ec7ef:  80 7e 01 50              cmpb     $0x50, 1(%esi)
0x000ec7f3:  75 57                    jne      0xec84c

----------------
IN: 
0x000ec84c:  ba 30 00 00 00           movl     $0x30, %edx
0x000ec851:  89 e8                    movl     %ebp, %eax
0x000ec853:  e8 43 da ff ff           calll    0xea29b

----------------
IN: 
0x000ec858:  ba 78 00 00 00           movl     $0x78, %edx
0x000ec85d:  89 e8                    movl     %ebp, %eax
0x000ec85f:  e8 37 da ff ff           calll    0xea29b

----------------
IN: 
0x000ec864:  6a 00                    pushl    $0
0x000ec866:  b9 08 00 00 00           movl     $8, %ecx
0x000ec86b:  89 fa                    movl     %edi, %edx
0x000ec86d:  89 e8                    movl     %ebp, %eax
0x000ec86f:  e8 9e da ff ff           calll    0xea312

----------------
IN: 
0x000ec874:  5f                       popl     %edi
0x000ec875:  eb 61                    jmp      0xec8d8

----------------
IN: 
0x000ec8d8:  83 c3 04                 addl     $4, %ebx
0x000ec8db:  eb 4e                    jmp      0xec92b

----------------
IN: 
0x000e90a6:  be 60 63 0d 00           movl     $0xd6360, %esi
0x000e90ab:  89 df                    movl     %ebx, %edi
0x000e90ad:  89 e9                    movl     %ebp, %ecx
0x000e90af:  f3 a4                    rep movsb (%esi), %es:(%edi)

----------------
IN: 
0x000e90af:  f3 a4                    rep movsb (%esi), %es:(%edi)

----------------
IN: 
0x000e90b1:  89 d8                    movl     %ebx, %eax
0x000e90b3:  2d 60 63 0d 00           subl     $0xd6360, %eax
0x000e90b8:  83 c4 10                 addl     $0x10, %esp
0x000e90bb:  ba 00 42 0d 00           movl     $0xd4200, %edx
0x000e90c0:  81 fa 40 4b 0d 00        cmpl     $0xd4b40, %edx
0x000e90c6:  73 0b                    jae      0xe90d3

----------------
IN: 
0x000e90c8:  8b 0a                    movl     (%edx), %ecx
0x000e90ca:  01 d9                    addl     %ebx, %ecx
0x000e90cc:  01 01                    addl     %eax, (%ecx)
0x000e90ce:  83 c2 04                 addl     $4, %edx
0x000e90d1:  eb ed                    jmp      0xe90c0

----------------
IN: 
0x000e90c0:  81 fa 40 4b 0d 00        cmpl     $0xd4b40, %edx
0x000e90c6:  73 0b                    jae      0xe90d3

----------------
IN: 
0x000e90d3:  b9 60 63 0d 00           movl     $0xd6360, %ecx
0x000e90d8:  29 d9                    subl     %ebx, %ecx
0x000e90da:  ba 40 4b 0d 00           movl     $0xd4b40, %edx
0x000e90df:  81 fa 94 5a 0d 00        cmpl     $0xd5a94, %edx
0x000e90e5:  73 0b                    jae      0xe90f2

----------------
IN: 
0x000e90e7:  8b 32                    movl     (%edx), %esi
0x000e90e9:  01 de                    addl     %ebx, %esi
0x000e90eb:  01 0e                    addl     %ecx, (%esi)
0x000e90ed:  83 c2 04                 addl     $4, %edx
0x000e90f0:  eb ed                    jmp      0xe90df

----------------
IN: 
0x000e90df:  81 fa 94 5a 0d 00        cmpl     $0xd5a94, %edx
0x000e90e5:  73 0b                    jae      0xe90f2

----------------
IN: 
0x000e90f2:  ba 94 5a 0d 00           movl     $0xd5a94, %edx
0x000e90f7:  81 fa a0 5a 0d 00        cmpl     $0xd5aa0, %edx
0x000e90fd:  73 0d                    jae      0xe910c

----------------
IN: 
0x000e90ff:  8b 0a                    movl     (%edx), %ecx
0x000e9101:  01 81 00 42 0d 00        addl     %eax, 0xd4200(%ecx)
0x000e9107:  83 c2 04                 addl     $4, %edx
0x000e910a:  eb eb                    jmp      0xe90f7

----------------
IN: 
0x000e90f7:  81 fa a0 5a 0d 00        cmpl     $0xd5aa0, %edx
0x000e90fd:  73 0d                    jae      0xe910c

----------------
IN: 
0x000e910c:  b9 df 5d 0e 00           movl     $0xe5ddf, %ecx
0x000e9111:  81 f9 40 a2 0e 00        cmpl     $0xea240, %ecx
0x000e9117:  73 0b                    jae      0xe9124

----------------
IN: 
0x000e9119:  8d 14 08                 leal     (%eax, %ecx), %edx
0x000e911c:  81 f9 60 63 0d 00        cmpl     $0xd6360, %ecx
0x000e9122:  73 05                    jae      0xe9129

----------------
IN: 
0x000e9129:  31 c0                    xorl     %eax, %eax
0x000e912b:  ff d2                    calll    *%edx

----------------
IN: 
0x0effbaff:  55                       pushl    %ebp
0x0effbb00:  57                       pushl    %edi
0x0effbb01:  56                       pushl    %esi
0x0effbb02:  53                       pushl    %ebx
0x0effbb03:  81 ec 2c 01 00 00        subl     $0x12c, %esp
0x0effbb09:  e8 dd 78 ff ff           calll    0xeff33eb

----------------
IN: 
0x0eff33eb:  57                       pushl    %edi
0x0eff33ec:  56                       pushl    %esi
0x0eff33ed:  53                       pushl    %ebx
0x0eff33ee:  81 ec 94 00 00 00        subl     $0x94, %esp
0x0eff33f4:  31 c0                    xorl     %eax, %eax
0x0eff33f6:  8b 0c 85 64 fe ff 0e     movl     0xefffe64(, %eax, 4), %ecx
0x0eff33fd:  8b 11                    movl     (%ecx), %edx
0x0eff33ff:  85 d2                    testl    %edx, %edx
0x0eff3401:  74 03                    je       0xeff3406

----------------
IN: 
0x0eff3403:  89 4a 04                 movl     %ecx, 4(%edx)
0x0eff3406:  40                       incl     %eax
0x0eff3407:  83 f8 05                 cmpl     $5, %eax
0x0eff340a:  75 ea                    jne      0xeff33f6

----------------
IN: 
0x0eff33f6:  8b 0c 85 64 fe ff 0e     movl     0xefffe64(, %eax, 4), %ecx
0x0eff33fd:  8b 11                    movl     (%ecx), %edx
0x0eff33ff:  85 d2                    testl    %edx, %edx
0x0eff3401:  74 03                    je       0xeff3406

----------------
IN: 
0x0eff3406:  40                       incl     %eax
0x0eff3407:  83 f8 05                 cmpl     $5, %eax
0x0eff340a:  75 ea                    jne      0xeff33f6

----------------
IN: 
0x0eff340c:  b9 60 63 0d 00           movl     $0xd6360, %ecx
0x0eff3411:  81 e9 a0 5a 0d 00        subl     $0xd5aa0, %ecx
0x0eff3417:  ba a0 5a 0d 00           movl     $0xd5aa0, %edx
0x0eff341c:  b8 80 99 0e 00           movl     $0xe9980, %eax
0x0eff3421:  e8 c4 a9 ff ff           calll    0xefeddea

----------------
IN: 
0x0efeddea:  57                       pushl    %edi
0x0efeddeb:  56                       pushl    %esi
0x0efeddec:  89 d6                    movl     %edx, %esi
0x0efeddee:  39 c2                    cmpl     %eax, %edx
0x0efeddf0:  72 06                    jb       0xefeddf8

----------------
IN: 
0x0efeddf8:  85 c9                    testl    %ecx, %ecx
0x0efeddfa:  74 09                    je       0xefede05

----------------
IN: 
0x0efeddfc:  49                       decl     %ecx
0x0efeddfd:  8a 14 0e                 movb     (%esi, %ecx), %dl
0x0efede00:  88 14 08                 movb     %dl, (%eax, %ecx)
0x0efede03:  eb f3                    jmp      0xefeddf8

----------------
IN: 
0x0efede05:  5e                       popl     %esi
0x0efede06:  5f                       popl     %edi
0x0efede07:  c3                       retl     

----------------
IN: 
0x0eff3426:  89 c1                    movl     %eax, %ecx
0x0eff3428:  ba 10 a8 0d 00           movl     $0xda810, %edx
0x0eff342d:  b8 88 fe ff 0e           movl     $0xefffe88, %eax
0x0eff3432:  e8 86 b6 ff ff           calll    0xefeeabd

----------------
IN: 
0x0efeeabd:  53                       pushl    %ebx
0x0efeeabe:  83 ec 2c                 subl     $0x2c, %esp
0x0efeeac1:  89 d3                    movl     %edx, %ebx
0x0efeeac3:  89 c2                    movl     %eax, %edx
0x0efeeac5:  8b 00                    movl     (%eax), %eax
0x0efeeac7:  85 c0                    testl    %eax, %eax
0x0efeeac9:  75 35                    jne      0xefeeb00

----------------
IN: 
0x0efeeacb:  c7 44 24 28 ff ff ff ff  movl     $0xffffffff, 0x28(%esp)
0x0efeead3:  89 5c 24 1c              movl     %ebx, 0x1c(%esp)
0x0efeead7:  89 4c 24 20              movl     %ecx, 0x20(%esp)
0x0efeeadb:  31 c0                    xorl     %eax, %eax
0x0efeeadd:  89 44 24 24              movl     %eax, 0x24(%esp)
0x0efeeae1:  8d 44 24 14              leal     0x14(%esp), %eax
0x0efeeae5:  e8 a7 d5 ff ff           calll    0xefec091

----------------
IN: 
0x0efec091:  8b 0a                    movl     (%edx), %ecx
0x0efec093:  89 50 04                 movl     %edx, 4(%eax)
0x0efec096:  89 08                    movl     %ecx, (%eax)
0x0efec098:  85 c9                    testl    %ecx, %ecx
0x0efec09a:  74 03                    je       0xefec09f

----------------
IN: 
0x0efec09f:  89 02                    movl     %eax, (%edx)
0x0efec0a1:  c3                       retl     

----------------
IN: 
0x0efeeaea:  89 e0                    movl     %esp, %eax
0x0efeeaec:  e8 da fd ff ff           calll    0xefee8cb

----------------
IN: 
0x0efee8cb:  55                       pushl    %ebp
0x0efee8cc:  57                       pushl    %edi
0x0efee8cd:  56                       pushl    %esi
0x0efee8ce:  53                       pushl    %ebx
0x0efee8cf:  89 c3                    movl     %eax, %ebx
0x0efee8d1:  50                       pushl    %eax
0x0efee8d2:  b9 10 00 00 00           movl     $0x10, %ecx
0x0efee8d7:  ba 2c 00 00 00           movl     $0x2c, %edx
0x0efee8dc:  a1 78 fe ff 0e           movl     0xefffe78, %eax
0x0efee8e1:  e8 c1 f5 ff ff           calll    0xefedea7

----------------
IN: 
0x0efedea7:  55                       pushl    %ebp
0x0efedea8:  57                       pushl    %edi
0x0efedea9:  56                       pushl    %esi
0x0efedeaa:  53                       pushl    %ebx
0x0efedeab:  89 ce                    movl     %ecx, %esi
0x0efedead:  8b 4c 24 14              movl     0x14(%esp), %ecx
0x0efedeb1:  f7 de                    negl     %esi
0x0efedeb3:  85 c0                    testl    %eax, %eax
0x0efedeb5:  74 33                    je       0xefedeea

----------------
IN: 
0x0efedeb7:  8b 78 0c                 movl     0xc(%eax), %edi
0x0efedeba:  89 fb                    movl     %edi, %ebx
0x0efedebc:  29 d3                    subl     %edx, %ebx
0x0efedebe:  21 f3                    andl     %esi, %ebx
0x0efedec0:  8b 68 10                 movl     0x10(%eax), %ebp
0x0efedec3:  03 68 08                 addl     8(%eax), %ebp
0x0efedec6:  39 eb                    cmpl     %ebp, %ebx
0x0efedec8:  72 1c                    jb       0xefedee6

----------------
IN: 
0x0efedee6:  8b 00                    movl     (%eax), %eax
0x0efedee8:  eb c9                    jmp      0xefedeb3

----------------
IN: 
0x0efedeb3:  85 c0                    testl    %eax, %eax
0x0efedeb5:  74 33                    je       0xefedeea

----------------
IN: 
0x0efedeca:  39 df                    cmpl     %ebx, %edi
0x0efedecc:  72 18                    jb       0xefedee6

----------------
IN: 
0x0efedece:  89 59 08                 movl     %ebx, 8(%ecx)
0x0efeded1:  89 79 0c                 movl     %edi, 0xc(%ecx)
0x0efeded4:  89 51 10                 movl     %edx, 0x10(%ecx)
0x0efeded7:  89 58 0c                 movl     %ebx, 0xc(%eax)
0x0efededa:  8b 50 04                 movl     4(%eax), %edx
0x0efededd:  89 c8                    movl     %ecx, %eax
0x0efededf:  e8 ad e1 ff ff           calll    0xefec091

----------------
IN: 
0x0efec09c:  89 41 04                 movl     %eax, 4(%ecx)
0x0efec09f:  89 02                    movl     %eax, (%edx)
0x0efec0a1:  c3                       retl     

----------------
IN: 
0x0efedee4:  eb 06                    jmp      0xefedeec

----------------
IN: 
0x0efedeec:  89 d8                    movl     %ebx, %eax
0x0efedeee:  5b                       popl     %ebx
0x0efedeef:  5e                       popl     %esi
0x0efedef0:  5f                       popl     %edi
0x0efedef1:  5d                       popl     %ebp
0x0efedef2:  c3                       retl     

----------------
IN: 
0x0efee8e6:  59                       popl     %ecx
0x0efee8e7:  85 c0                    testl    %eax, %eax
0x0efee8e9:  75 2d                    jne      0xefee918

----------------
IN: 
0x0efee918:  89 c5                    movl     %eax, %ebp
0x0efee91a:  b9 0b 00 00 00           movl     $0xb, %ecx
0x0efee91f:  89 c7                    movl     %eax, %edi
0x0efee921:  89 de                    movl     %ebx, %esi
0x0efee923:  f3 a5                    rep movsl (%esi), %es:(%edi)

----------------
IN: 
0x0efee925:  8b 13                    movl     (%ebx), %edx
0x0efee927:  89 10                    movl     %edx, (%eax)
0x0efee929:  85 d2                    testl    %edx, %edx
0x0efee92b:  74 03                    je       0xefee930

----------------
IN: 
0x0efee92d:  89 42 04                 movl     %eax, 4(%edx)
0x0efee930:  8b 53 04                 movl     4(%ebx), %edx
0x0efee933:  89 50 04                 movl     %edx, 4(%eax)
0x0efee936:  89 02                    movl     %eax, (%edx)
0x0efee938:  8d 48 14                 leal     0x14(%eax), %ecx
0x0efee93b:  8b 53 14                 movl     0x14(%ebx), %edx
0x0efee93e:  89 50 14                 movl     %edx, 0x14(%eax)
0x0efee941:  85 d2                    testl    %edx, %edx
0x0efee943:  74 03                    je       0xefee948

----------------
IN: 
0x0efee948:  8b 53 18                 movl     0x18(%ebx), %edx
0x0efee94b:  89 50 18                 movl     %edx, 0x18(%eax)
0x0efee94e:  89 0a                    movl     %ecx, (%edx)
0x0efee950:  89 e8                    movl     %ebp, %eax
0x0efee952:  5b                       popl     %ebx
0x0efee953:  5e                       popl     %esi
0x0efee954:  5f                       popl     %edi
0x0efee955:  5d                       popl     %ebp
0x0efee956:  c3                       retl     

----------------
IN: 
0x0efeeaf1:  85 c0                    testl    %eax, %eax
0x0efeeaf3:  75 18                    jne      0xefeeb0d

----------------
IN: 
0x0efeeb0d:  83 c4 2c                 addl     $0x2c, %esp
0x0efeeb10:  5b                       popl     %ebx
0x0efeeb11:  c3                       retl     

----------------
IN: 
0x0eff3437:  a1 88 fe ff 0e           movl     0xefffe88, %eax
0x0eff343c:  31 d2                    xorl     %edx, %edx
0x0eff343e:  85 c0                    testl    %eax, %eax
0x0eff3440:  74 06                    je       0xeff3448

----------------
IN: 
0x0eff3442:  89 c2                    movl     %eax, %edx
0x0eff3444:  8b 00                    movl     (%eax), %eax
0x0eff3446:  eb f6                    jmp      0xeff343e

----------------
IN: 
0x0eff343e:  85 c0                    testl    %eax, %eax
0x0eff3440:  74 06                    je       0xeff3448

----------------
IN: 
0x0eff3448:  89 15 f4 4d 0f 00        movl     %edx, 0xf4df4
0x0eff344e:  b9 20 56 0f 00           movl     $0xf5620, %ecx
0x0eff3453:  81 e9 20 4e 0f 00        subl     $0xf4e20, %ecx
0x0eff3459:  31 d2                    xorl     %edx, %edx
0x0eff345b:  b8 20 4e 0f 00           movl     $0xf4e20, %eax
0x0eff3460:  e8 c1 82 0f f1           calll    0xeb726

----------------
IN: 
0x000eb726:  85 c9                    testl    %ecx, %ecx
0x000eb728:  74 06                    je       0xeb730

----------------
IN: 
0x000eb72a:  49                       decl     %ecx
0x000eb72b:  88 14 08                 movb     %dl, (%eax, %ecx)
0x000eb72e:  eb f6                    jmp      0xeb726

----------------
IN: 
0x000eb730:  c3                       retl     

----------------
IN: 
0x0eff3465:  b9 20 56 0f 00           movl     $0xf5620, %ecx
0x0eff346a:  89 c2                    movl     %eax, %edx
0x0eff346c:  b8 80 fe ff 0e           movl     $0xefffe80, %eax
0x0eff3471:  e8 47 b6 ff ff           calll    0xefeeabd

----------------
IN: 
0x0eff3476:  e8 0d 90 ff ff           calll    0xefec488

----------------
IN: 
0x0efec488:  56                       pushl    %esi
0x0efec489:  53                       pushl    %ebx
0x0efec48a:  8b 0d 44 56 0f 00        movl     0xf5644, %ecx
0x0efec490:  8d 59 ff                 leal     -1(%ecx), %ebx
0x0efec493:  6b c9 14                 imull    $0x14, %ecx, %ecx
0x0efec496:  81 c1 60 56 0f 00        addl     $0xf5660, %ecx
0x0efec49c:  85 db                    testl    %ebx, %ebx
0x0efec49e:  78 20                    js       0xefec4c0

----------------
IN: 
0x0efec4a0:  8b 41 f4                 movl     -0xc(%ecx), %eax
0x0efec4a3:  8b 51 f8                 movl     -8(%ecx), %edx
0x0efec4a6:  03 41 ec                 addl     -0x14(%ecx), %eax
0x0efec4a9:  13 51 f0                 adcl     -0x10(%ecx), %edx
0x0efec4ac:  83 fa 00                 cmpl     $0, %edx
0x0efec4af:  77 09                    ja       0xefec4ba

----------------
IN: 
0x0efec4ba:  4b                       decl     %ebx
0x0efec4bb:  83 e9 14                 subl     $0x14, %ecx
0x0efec4be:  eb dc                    jmp      0xefec49c

----------------
IN: 
0x0efec49c:  85 db                    testl    %ebx, %ebx
0x0efec49e:  78 20                    js       0xefec4c0

----------------
IN: 
0x0efec4b1:  8b 71 fc                 movl     -4(%ecx), %esi
0x0efec4b4:  83 e6 fd                 andl     $0xfffffffd, %esi
0x0efec4b7:  4e                       decl     %esi
0x0efec4b8:  74 08                    je       0xefec4c2

----------------
IN: 
0x0efec4c2:  3d 00 00 10 00           cmpl     $0x100000, %eax
0x0efec4c7:  73 05                    jae      0xefec4ce

----------------
IN: 
0x0efec4ce:  a3 40 56 0f 00           movl     %eax, 0xf5640
0x0efec4d3:  5b                       popl     %ebx
0x0efec4d4:  5e                       popl     %esi
0x0efec4d5:  c3                       retl     

----------------
IN: 
0x0eff347b:  e8 54 eb ff ff           calll    0xeff1fd4

----------------
IN: 
0x0eff1fd4:  56                       pushl    %esi
0x0eff1fd5:  53                       pushl    %ebx
0x0eff1fd6:  56                       pushl    %esi
0x0eff1fd7:  8b 1d 04 4d 0f 00        movl     0xf4d04, %ebx
0x0eff1fdd:  85 db                    testl    %ebx, %ebx
0x0eff1fdf:  75 68                    jne      0xeff2049

----------------
IN: 
0x0eff2049:  bb 01 00 00 00           movl     $1, %ebx
0x0eff204e:  89 d8                    movl     %ebx, %eax
0x0eff2050:  5a                       popl     %edx
0x0eff2051:  5b                       popl     %ebx
0x0eff2052:  5e                       popl     %esi
0x0eff2053:  c3                       retl     

----------------
IN: 
0x0eff3480:  85 c0                    testl    %eax, %eax
0x0eff3482:  75 0c                    jne      0xeff3490

----------------
IN: 
0x0eff3490:  6a 02                    pushl    $2
0x0eff3492:  31 c9                    xorl     %ecx, %ecx
0x0eff3494:  ba 0e 00 00 00           movl     $0xe, %edx
0x0eff3499:  b8 6b 1f 0f 00           movl     $0xf1f6b, %eax
0x0eff349e:  e8 0a b8 ff ff           calll    0xefeecad

----------------
IN: 
0x0efeecad:  55                       pushl    %ebp
0x0efeecae:  57                       pushl    %edi
0x0efeecaf:  56                       pushl    %esi
0x0efeecb0:  53                       pushl    %ebx
0x0efeecb1:  53                       pushl    %ebx
0x0efeecb2:  89 04 24                 movl     %eax, (%esp)
0x0efeecb5:  89 d7                    movl     %edx, %edi
0x0efeecb7:  89 ce                    movl     %ecx, %esi
0x0efeecb9:  8b 6c 24 18              movl     0x18(%esp), %ebp
0x0efeecbd:  b8 94 00 00 00           movl     $0x94, %eax
0x0efeecc2:  e8 7b fd ff ff           calll    0xefeea42

----------------
IN: 
0x0efeea42:  53                       pushl    %ebx
0x0efeea43:  89 c3                    movl     %eax, %ebx
0x0efeea45:  e8 e7 ff ff ff           calll    0xefeea31

----------------
IN: 
0x0efeea31:  b9 10 00 00 00           movl     $0x10, %ecx
0x0efeea36:  89 c2                    movl     %eax, %edx
0x0efeea38:  b8 78 fe ff 0e           movl     $0xefffe78, %eax
0x0efeea3d:  e9 15 ff ff ff           jmp      0xefee957

----------------
IN: 
0x0efee957:  56                       pushl    %esi
0x0efee958:  53                       pushl    %ebx
0x0efee959:  83 ec 2c                 subl     $0x2c, %esp
0x0efee95c:  85 d2                    testl    %edx, %edx
0x0efee95e:  74 2d                    je       0xefee98d

----------------
IN: 
0x0efee960:  c7 44 24 28 ff ff ff ff  movl     $0xffffffff, 0x28(%esp)
0x0efee968:  8d 74 24 14              leal     0x14(%esp), %esi
0x0efee96c:  56                       pushl    %esi
0x0efee96d:  8b 00                    movl     (%eax), %eax
0x0efee96f:  e8 33 f5 ff ff           calll    0xefedea7

----------------
IN: 
0x0efee974:  89 c3                    movl     %eax, %ebx
0x0efee976:  58                       popl     %eax
0x0efee977:  85 db                    testl    %ebx, %ebx
0x0efee979:  74 12                    je       0xefee98d

----------------
IN: 
0x0efee97b:  89 e0                    movl     %esp, %eax
0x0efee97d:  e8 49 ff ff ff           calll    0xefee8cb

----------------
IN: 
0x0efee945:  89 4a 04                 movl     %ecx, 4(%edx)
0x0efee948:  8b 53 18                 movl     0x18(%ebx), %edx
0x0efee94b:  89 50 18                 movl     %edx, 0x18(%eax)
0x0efee94e:  89 0a                    movl     %ecx, (%edx)
0x0efee950:  89 e8                    movl     %ebp, %eax
0x0efee952:  5b                       popl     %ebx
0x0efee953:  5e                       popl     %esi
0x0efee954:  5f                       popl     %edi
0x0efee955:  5d                       popl     %ebp
0x0efee956:  c3                       retl     

----------------
IN: 
0x0efee982:  85 c0                    testl    %eax, %eax
0x0efee984:  75 09                    jne      0xefee98f

----------------
IN: 
0x0efee98f:  89 d8                    movl     %ebx, %eax
0x0efee991:  83 c4 2c                 addl     $0x2c, %esp
0x0efee994:  5b                       popl     %ebx
0x0efee995:  5e                       popl     %esi
0x0efee996:  c3                       retl     

----------------
IN: 
0x0efeea4a:  85 c0                    testl    %eax, %eax
0x0efeea4c:  75 12                    jne      0xefeea60

----------------
IN: 
0x0efeea60:  5b                       popl     %ebx
0x0efeea61:  c3                       retl     

----------------
IN: 
0x0efeecc7:  85 c0                    testl    %eax, %eax
0x0efeecc9:  75 14                    jne      0xefeecdf

----------------
IN: 
0x0efeecdf:  89 c3                    movl     %eax, %ebx
0x0efeece1:  b9 94 00 00 00           movl     $0x94, %ecx
0x0efeece6:  31 d2                    xorl     %edx, %edx
0x0efeece8:  e8 39 ca 0f f1           calll    0xeb726

----------------
IN: 
0x0efeeced:  8d 40 04                 leal     4(%eax), %eax
0x0efeecf0:  b9 80 00 00 00           movl     $0x80, %ecx
0x0efeecf5:  8b 14 24                 movl     (%esp), %edx
0x0efeecf8:  e8 b5 d3 ff ff           calll    0xefec0b2

----------------
IN: 
0x0efec0b2:  57                       pushl    %edi
0x0efec0b3:  56                       pushl    %esi
0x0efec0b4:  53                       pushl    %ebx
0x0efec0b5:  89 c3                    movl     %eax, %ebx
0x0efec0b7:  8d 3c 0a                 leal     (%edx, %ecx), %edi
0x0efec0ba:  8d 4a 01                 leal     1(%edx), %ecx
0x0efec0bd:  39 f9                    cmpl     %edi, %ecx
0x0efec0bf:  74 13                    je       0xefec0d4

----------------
IN: 
0x0efec0c1:  41                       incl     %ecx
0x0efec0c2:  0f b6 71 fe              movzbl   -2(%ecx), %esi
0x0efec0c6:  89 f2                    movl     %esi, %edx
0x0efec0c8:  84 d2                    testb    %dl, %dl
0x0efec0ca:  74 08                    je       0xefec0d4

----------------
IN: 
0x0efec0cc:  40                       incl     %eax
0x0efec0cd:  89 f2                    movl     %esi, %edx
0x0efec0cf:  88 50 ff                 movb     %dl, -1(%eax)
0x0efec0d2:  eb e9                    jmp      0xefec0bd

----------------
IN: 
0x0efec0bd:  39 f9                    cmpl     %edi, %ecx
0x0efec0bf:  74 13                    je       0xefec0d4

----------------
IN: 
0x0efec0d4:  c6 00 00                 movb     $0, (%eax)
0x0efec0d7:  89 d8                    movl     %ebx, %eax
0x0efec0d9:  5b                       popl     %ebx
0x0efec0da:  5e                       popl     %esi
0x0efec0db:  5f                       popl     %edi
0x0efec0dc:  c3                       retl     

----------------
IN: 
0x0efeecfd:  89 ab 84 00 00 00        movl     %ebp, 0x84(%ebx)
0x0efeed03:  89 bb 8c 00 00 00        movl     %edi, 0x8c(%ebx)
0x0efeed09:  89 b3 90 00 00 00        movl     %esi, 0x90(%ebx)
0x0efeed0f:  c7 83 88 00 00 00 b7 e2  movl     $0xefee2b7, 0x88(%ebx)
0x0efeed17:  fe 0e
0x0efeed19:  a1 5c fe ff 0e           movl     0xefffe5c, %eax
0x0efeed1e:  89 03                    movl     %eax, (%ebx)
0x0efeed20:  89 1d 5c fe ff 0e        movl     %ebx, 0xefffe5c
0x0efeed26:  58                       popl     %eax
0x0efeed27:  5b                       popl     %ebx
0x0efeed28:  5e                       popl     %esi
0x0efeed29:  5f                       popl     %edi
0x0efeed2a:  5d                       popl     %ebp
0x0efeed2b:  c3                       retl     

----------------
IN: 
0x0eff34a3:  6a 01                    pushl    $1
0x0eff34a5:  31 c9                    xorl     %ecx, %ecx
0x0eff34a7:  ba 02 80 00 00           movl     $0x8002, %edx
0x0eff34ac:  b8 7e 1f 0f 00           movl     $0xf1f7e, %eax
0x0eff34b1:  e8 f7 b7 ff ff           calll    0xefeecad

----------------
IN: 
0x0eff34b6:  6a 02                    pushl    $2
0x0eff34b8:  31 c9                    xorl     %ecx, %ecx
0x0eff34ba:  ba 0f 00 00 00           movl     $0xf, %edx
0x0eff34bf:  b8 90 1f 0f 00           movl     $0xf1f90, %eax
0x0eff34c4:  e8 e4 b7 ff ff           calll    0xefeecad

----------------
IN: 
0x0eff34c9:  b9 08 00 00 00           movl     $8, %ecx
0x0eff34ce:  ba 0d 00 00 00           movl     $0xd, %edx
0x0eff34d3:  8d 44 24 18              leal     0x18(%esp), %eax
0x0eff34d7:  e8 f1 98 0f f1           calll    0xecdcd

----------------
IN: 
0x0eff34dc:  31 d2                    xorl     %edx, %edx
0x0eff34de:  31 c9                    xorl     %ecx, %ecx
0x0eff34e0:  b8 90 1f 0f 00           movl     $0xf1f90, %eax
0x0eff34e5:  e8 d1 ac ff ff           calll    0xefee1bb

----------------
IN: 
0x0efee1bb:  55                       pushl    %ebp
0x0efee1bc:  89 e5                    movl     %esp, %ebp
0x0efee1be:  57                       pushl    %edi
0x0efee1bf:  56                       pushl    %esi
0x0efee1c0:  83 ec 08                 subl     $8, %esp
0x0efee1c3:  89 d6                    movl     %edx, %esi
0x0efee1c5:  89 cf                    movl     %ecx, %edi
0x0efee1c7:  e8 be ff ff ff           calll    0xefee18a

----------------
IN: 
0x0efee18a:  57                       pushl    %edi
0x0efee18b:  56                       pushl    %esi
0x0efee18c:  53                       pushl    %ebx
0x0efee18d:  89 c7                    movl     %eax, %edi
0x0efee18f:  e8 6c c2 0f f1           calll    0xea400

----------------
IN: 
0x000ea400:  89 c2                    movl     %eax, %edx
0x000ea402:  80 38 00                 cmpb     $0, (%eax)
0x000ea405:  74 03                    je       0xea40a

----------------
IN: 
0x000ea407:  40                       incl     %eax
0x000ea408:  eb f8                    jmp      0xea402

----------------
IN: 
0x000ea402:  80 38 00                 cmpb     $0, (%eax)
0x000ea405:  74 03                    je       0xea40a

----------------
IN: 
0x000ea40a:  29 d0                    subl     %edx, %eax
0x000ea40c:  c3                       retl     

----------------
IN: 
0x0efee194:  8d 70 01                 leal     1(%eax), %esi
0x0efee197:  8b 1d 5c fe ff 0e        movl     0xefffe5c, %ebx
0x0efee19d:  85 db                    testl    %ebx, %ebx
0x0efee19f:  74 14                    je       0xefee1b5

----------------
IN: 
0x0efee1a1:  8d 53 04                 leal     4(%ebx), %edx
0x0efee1a4:  89 f1                    movl     %esi, %ecx
0x0efee1a6:  89 f8                    movl     %edi, %eax
0x0efee1a8:  e8 60 c2 0f f1           calll    0xea40d

----------------
IN: 
0x0efee1ad:  85 c0                    testl    %eax, %eax
0x0efee1af:  74 04                    je       0xefee1b5

----------------
IN: 
0x0efee1b5:  89 d8                    movl     %ebx, %eax
0x0efee1b7:  5b                       popl     %ebx
0x0efee1b8:  5e                       popl     %esi
0x0efee1b9:  5f                       popl     %edi
0x0efee1ba:  c3                       retl     

----------------
IN: 
0x0efee1cc:  85 c0                    testl    %eax, %eax
0x0efee1ce:  75 06                    jne      0xefee1d6

----------------
IN: 
0x0efee1d6:  8b 90 84 00 00 00        movl     0x84(%eax), %edx
0x0efee1dc:  8d 4a ff                 leal     -1(%edx), %ecx
0x0efee1df:  83 f9 07                 cmpl     $7, %ecx
0x0efee1e2:  77 ec                    ja       0xefee1d0

----------------
IN: 
0x0efee1e4:  85 d1                    testl    %edx, %ecx
0x0efee1e6:  75 e8                    jne      0xefee1d0

----------------
IN: 
0x0efee1e8:  31 d2                    xorl     %edx, %edx
0x0efee1ea:  89 14 24                 movl     %edx, (%esp)
0x0efee1ed:  89 54 24 04              movl     %edx, 4(%esp)
0x0efee1f1:  89 e2                    movl     %esp, %edx
0x0efee1f3:  b9 08 00 00 00           movl     $8, %ecx
0x0efee1f8:  ff 90 88 00 00 00        calll    *0x88(%eax)

----------------
IN: 
0x0efee2b7:  56                       pushl    %esi
0x0efee2b8:  53                       pushl    %ebx
0x0efee2b9:  89 d6                    movl     %edx, %esi
0x0efee2bb:  8b 90 84 00 00 00        movl     0x84(%eax), %edx
0x0efee2c1:  39 d1                    cmpl     %edx, %ecx
0x0efee2c3:  72 42                    jb       0xefee307

----------------
IN: 
0x0efee2c5:  89 c3                    movl     %eax, %ebx
0x0efee2c7:  8b 88 90 00 00 00        movl     0x90(%eax), %ecx
0x0efee2cd:  8b 80 8c 00 00 00        movl     0x8c(%eax), %eax
0x0efee2d3:  85 c9                    testl    %ecx, %ecx
0x0efee2d5:  75 0d                    jne      0xefee2e4

----------------
IN: 
0x0efee2d7:  89 d1                    movl     %edx, %ecx
0x0efee2d9:  89 c2                    movl     %eax, %edx
0x0efee2db:  89 f0                    movl     %esi, %eax
0x0efee2dd:  e8 eb ea 0f f1           calll    0xecdcd

----------------
IN: 
0x0efee2e2:  eb 1b                    jmp      0xefee2ff

----------------
IN: 
0x0efee2ff:  8b 83 84 00 00 00        movl     0x84(%ebx), %eax
0x0efee305:  eb 03                    jmp      0xefee30a

----------------
IN: 
0x0efee30a:  5b                       popl     %ebx
0x0efee30b:  5e                       popl     %esi
0x0efee30c:  c3                       retl     

----------------
IN: 
0x0efee1fe:  85 c0                    testl    %eax, %eax
0x0efee200:  78 ce                    js       0xefee1d0

----------------
IN: 
0x0efee202:  8b 04 24                 movl     (%esp), %eax
0x0efee205:  8b 54 24 04              movl     4(%esp), %edx
0x0efee209:  59                       popl     %ecx
0x0efee20a:  5e                       popl     %esi
0x0efee20b:  5e                       popl     %esi
0x0efee20c:  5f                       popl     %edi
0x0efee20d:  5d                       popl     %ebp
0x0efee20e:  c3                       retl     

----------------
IN: 
0x0eff34ea:  8d 1c c5 00 00 00 00     leal     (, %eax, 8), %ebx
0x0eff34f1:  53                       pushl    %ebx
0x0eff34f2:  b9 08 00 00 00           movl     $8, %ecx
0x0eff34f7:  ba 0d 00 00 00           movl     $0xd, %edx
0x0eff34fc:  b8 9d 1f 0f 00           movl     $0xf1f9d, %eax
0x0eff3501:  e8 a7 b7 ff ff           calll    0xefeecad

----------------
IN: 
0x0eff3506:  8d 4b 08                 leal     8(%ebx), %ecx
0x0eff3509:  8b 44 24 1c              movl     0x1c(%esp), %eax
0x0eff350d:  c1 e0 03                 shll     $3, %eax
0x0eff3510:  50                       pushl    %eax
0x0eff3511:  ba 0d 00 00 00           movl     $0xd, %edx
0x0eff3516:  b8 ae 1f 0f 00           movl     $0xf1fae, %eax
0x0eff351b:  e8 8d b7 ff ff           calll    0xefeecad

----------------
IN: 
0x0eff3520:  b9 02 00 00 00           movl     $2, %ecx
0x0eff3525:  ba 00 80 00 00           movl     $0x8000, %edx
0x0eff352a:  8d 44 24 16              leal     0x16(%esp), %eax
0x0eff352e:  e8 9a 98 0f f1           calll    0xecdcd

----------------
IN: 
0x0eff3533:  83 c4 14                 addl     $0x14, %esp
0x0eff3536:  bb 02 00 00 00           movl     $2, %ebx
0x0eff353b:  31 f6                    xorl     %esi, %esi
0x0eff353d:  0f b7 44 24 02           movzwl   2(%esp), %eax
0x0eff3542:  39 c6                    cmpl     %eax, %esi
0x0eff3544:  7d 51                    jge      0xeff3597

----------------
IN: 
0x0eff3597:  b9 02 00 00 00           movl     $2, %ecx
0x0eff359c:  ba 01 80 00 00           movl     $0x8001, %edx
0x0eff35a1:  8d 44 24 02              leal     2(%esp), %eax
0x0eff35a5:  e8 23 98 0f f1           calll    0xecdcd

----------------
IN: 
0x0eff35aa:  be 02 00 00 00           movl     $2, %esi
0x0eff35af:  31 db                    xorl     %ebx, %ebx
0x0eff35b1:  0f b7 44 24 02           movzwl   2(%esp), %eax
0x0eff35b6:  39 c3                    cmpl     %eax, %ebx
0x0eff35b8:  0f 8d 8d 00 00 00        jge      0xeff364b

----------------
IN: 
0x0eff364b:  b9 04 00 00 00           movl     $4, %ecx
0x0eff3650:  ba 19 00 00 00           movl     $0x19, %edx
0x0eff3655:  8d 44 24 04              leal     4(%esp), %eax
0x0eff3659:  e8 6f 97 0f f1           calll    0xecdcd

----------------
IN: 
0x0eff365e:  8b 44 24 04              movl     4(%esp), %eax
0x0eff3662:  e8 8e 79 0f f1           calll    0xeaff5

----------------
IN: 
0x0eff3667:  89 44 24 04              movl     %eax, 4(%esp)
0x0eff366b:  31 db                    xorl     %ebx, %ebx
0x0eff366d:  3b 5c 24 04              cmpl     4(%esp), %ebx
0x0eff3671:  73 32                    jae      0xeff36a5

----------------
IN: 
0x0eff3673:  ba 40 00 00 00           movl     $0x40, %edx
0x0eff3678:  8d 44 24 14              leal     0x14(%esp), %eax
0x0eff367c:  e8 26 97 0f f1           calll    0xecda7

----------------
IN: 
0x0eff3681:  8b 44 24 14              movl     0x14(%esp), %eax
0x0eff3685:  e8 6b 79 0f f1           calll    0xeaff5

----------------
IN: 
0x0eff368a:  89 c1                    movl     %eax, %ecx
0x0eff368c:  8b 54 24 18              movl     0x18(%esp), %edx
0x0eff3690:  86 f2                    xchgb    %dh, %dl
0x0eff3692:  0f b7 d2                 movzwl   %dx, %edx
0x0eff3695:  8d 44 24 1c              leal     0x1c(%esp), %eax
0x0eff3699:  51                       pushl    %ecx
0x0eff369a:  31 c9                    xorl     %ecx, %ecx
0x0eff369c:  e8 0c b6 ff ff           calll    0xefeecad

----------------
IN: 
0x0eff36a1:  43                       incl     %ebx
0x0eff36a2:  5e                       popl     %esi
0x0eff36a3:  eb c8                    jmp      0xeff366d

----------------
IN: 
0x0eff366d:  3b 5c 24 04              cmpl     4(%esp), %ebx
0x0eff3671:  73 32                    jae      0xeff36a5

----------------
IN: 
0x0eff36a5:  b8 dc 1f 0f 00           movl     $0xf1fdc, %eax
0x0eff36aa:  e8 db aa ff ff           calll    0xefee18a

----------------
IN: 
0x0efee1b1:  8b 1b                    movl     (%ebx), %ebx
0x0efee1b3:  eb e8                    jmp      0xefee19d

----------------
IN: 
0x0efee19d:  85 db                    testl    %ebx, %ebx
0x0efee19f:  74 14                    je       0xefee1b5

----------------
IN: 
0x0eff36af:  85 c0                    testl    %eax, %eax
0x0eff36b1:  0f 85 c7 00 00 00        jne      0xeff377e

----------------
IN: 
0x0eff377e:  b8 06 20 0f 00           movl     $0xf2006, %eax
0x0eff3783:  e8 02 aa ff ff           calll    0xefee18a

----------------
IN: 
0x0eff3788:  85 c0                    testl    %eax, %eax
0x0eff378a:  74 1a                    je       0xeff37a6

----------------
IN: 
0x0eff378c:  66 c7 05 3c 4a 0f 00 00  movw     $0x600, 0xf4a3c
0x0eff3794:  06
0x0eff3795:  68 00 06 00 00           pushl    $0x600
0x0eff379a:  68 17 20 0f 00           pushl    $0xf2017
0x0eff379f:  e8 7e 97 0f f1           calll    0xecf22

----------------
IN: 
0x0eff37a4:  59                       popl     %ecx
0x0eff37a5:  5b                       popl     %ebx
0x0eff37a6:  66 c7 44 24 14 00 00     movw     $0, 0x14(%esp)
0x0eff37ad:  b9 02 00 00 00           movl     $2, %ecx
0x0eff37b2:  ba 04 00 00 00           movl     $4, %edx
0x0eff37b7:  8d 44 24 14              leal     0x14(%esp), %eax
0x0eff37bb:  e8 0d 96 0f f1           calll    0xecdcd

----------------
IN: 
0x0eff37c0:  66 83 7c 24 14 00        cmpw     $0, 0x14(%esp)
0x0eff37c6:  0f 84 b8 fc ff ff        je       0xeff3484

----------------
IN: 
0x0eff3484:  31 c0                    xorl     %eax, %eax
0x0eff3486:  ba 53 ff 0f 00           movl     $0xfff53, %edx
0x0eff348b:  e9 f0 03 00 00           jmp      0xeff3880

----------------
IN: 
0x0eff3880:  66 89 10                 movw     %dx, (%eax)
0x0eff3883:  66 c7 40 02 00 f0        movw     $0xf000, 2(%eax)
0x0eff3889:  83 c0 04                 addl     $4, %eax
0x0eff388c:  3d 00 04 00 00           cmpl     $0x400, %eax
0x0eff3891:  75 ed                    jne      0xeff3880

----------------
IN: 
0x0eff3893:  b8 20 00 00 00           movl     $0x20, %eax
0x0eff3898:  ba 45 d4 0f 00           movl     $0xfd445, %edx
0x0eff389d:  66 89 10                 movw     %dx, (%eax)
0x0eff38a0:  66 c7 40 02 00 f0        movw     $0xf000, 2(%eax)
0x0eff38a6:  83 c0 04                 addl     $4, %eax
0x0eff38a9:  83 f8 40                 cmpl     $0x40, %eax
0x0eff38ac:  75 ef                    jne      0xeff389d

----------------
IN: 
0x0eff389d:  66 89 10                 movw     %dx, (%eax)
0x0eff38a0:  66 c7 40 02 00 f0        movw     $0xf000, 2(%eax)
0x0eff38a6:  83 c0 04                 addl     $4, %eax
0x0eff38a9:  83 f8 40                 cmpl     $0x40, %eax
0x0eff38ac:  75 ef                    jne      0xeff389d

----------------
IN: 
0x0eff38ae:  b8 c0 01 00 00           movl     $0x1c0, %eax
0x0eff38b3:  ba 4e d4 0f 00           movl     $0xfd44e, %edx
0x0eff38b8:  66 89 10                 movw     %dx, (%eax)
0x0eff38bb:  66 c7 40 02 00 f0        movw     $0xf000, 2(%eax)
0x0eff38c1:  83 c0 04                 addl     $4, %eax
0x0eff38c4:  3d e0 01 00 00           cmpl     $0x1e0, %eax
0x0eff38c9:  75 ed                    jne      0xeff38b8

----------------
IN: 
0x0eff38b8:  66 89 10                 movw     %dx, (%eax)
0x0eff38bb:  66 c7 40 02 00 f0        movw     $0xf000, 2(%eax)
0x0eff38c1:  83 c0 04                 addl     $4, %eax
0x0eff38c4:  3d e0 01 00 00           cmpl     $0x1e0, %eax
0x0eff38c9:  75 ed                    jne      0xeff38b8

----------------
IN: 
0x0eff38cb:  b8 c3 e2 0f 00           movl     $0xfe2c3, %eax
0x0eff38d0:  66 a3 08 00 00 00        movw     %ax, 8
0x0eff38d6:  66 c7 05 0a 00 00 00 00  movw     $0xf000, 0xa
0x0eff38de:  f0
0x0eff38df:  b8 54 ff 0f 00           movl     $0xfff54, %eax
0x0eff38e4:  66 a3 14 00 00 00        movw     %ax, 0x14
0x0eff38ea:  66 c7 05 16 00 00 00 00  movw     $0xf000, 0x16
0x0eff38f2:  f0
0x0eff38f3:  b8 65 f0 0f 00           movl     $0xff065, %eax
0x0eff38f8:  66 a3 40 00 00 00        movw     %ax, 0x40
0x0eff38fe:  66 c7 05 42 00 00 00 00  movw     $0xf000, 0x42
0x0eff3906:  f0
0x0eff3907:  b8 4d f8 0f 00           movl     $0xff84d, %eax
0x0eff390c:  66 a3 44 00 00 00        movw     %ax, 0x44
0x0eff3912:  66 c7 05 46 00 00 00 00  movw     $0xf000, 0x46
0x0eff391a:  f0
0x0eff391b:  b8 41 f8 0f 00           movl     $0xff841, %eax
0x0eff3920:  66 a3 48 00 00 00        movw     %ax, 0x48
0x0eff3926:  66 c7 05 4a 00 00 00 00  movw     $0xf000, 0x4a
0x0eff392e:  f0
0x0eff392f:  b8 fe e3 0f 00           movl     $0xfe3fe, %eax
0x0eff3934:  66 a3 4c 00 00 00        movw     %ax, 0x4c
0x0eff393a:  66 c7 05 4e 00 00 00 00  movw     $0xf000, 0x4e
0x0eff3942:  f0
0x0eff3943:  b8 39 e7 0f 00           movl     $0xfe739, %eax
0x0eff3948:  66 a3 50 00 00 00        movw     %ax, 0x50
0x0eff394e:  66 c7 05 52 00 00 00 00  movw     $0xf000, 0x52
0x0eff3956:  f0
0x0eff3957:  b8 59 f8 0f 00           movl     $0xff859, %eax
0x0eff395c:  66 a3 54 00 00 00        movw     %ax, 0x54
0x0eff3962:  66 c7 05 56 00 00 00 00  movw     $0xf000, 0x56
0x0eff396a:  f0
0x0eff396b:  b8 2e e8 0f 00           movl     $0xfe82e, %eax
0x0eff3970:  66 a3 58 00 00 00        movw     %ax, 0x58
0x0eff3976:  66 c7 05 5a 00 00 00 00  movw     $0xf000, 0x5a
0x0eff397e:  f0
0x0eff397f:  b8 d2 ef 0f 00           movl     $0xfefd2, %eax
0x0eff3984:  66 a3 5c 00 00 00        movw     %ax, 0x5c
0x0eff398a:  66 c7 05 5e 00 00 00 00  movw     $0xf000, 0x5e
0x0eff3992:  f0
0x0eff3993:  b8 6a d4 0f 00           movl     $0xfd46a, %eax
0x0eff3998:  66 a3 60 00 00 00        movw     %ax, 0x60
0x0eff399e:  66 c7 05 62 00 00 00 00  movw     $0xf000, 0x62
0x0eff39a6:  f0
0x0eff39a7:  b8 f2 e6 0f 00           movl     $0xfe6f2, %eax
0x0eff39ac:  66 a3 64 00 00 00        movw     %ax, 0x64
0x0eff39b2:  66 c7 05 66 00 00 00 00  movw     $0xf000, 0x66
0x0eff39ba:  f0
0x0eff39bb:  b8 6e fe 0f 00           movl     $0xffe6e, %eax
0x0eff39c0:  66 a3 68 00 00 00        movw     %ax, 0x68
0x0eff39c6:  66 c7 05 6a 00 00 00 00  movw     $0xf000, 0x6a
0x0eff39ce:  f0
0x0eff39cf:  b8 59 ec 0f 00           movl     $0xfec59, %eax
0x0eff39d4:  66 a3 00 01 00 00        movw     %ax, 0x100
0x0eff39da:  66 c7 05 02 01 00 00 00  movw     $0xf000, 0x102
0x0eff39e2:  f0
0x0eff39e3:  b8 80 01 00 00           movl     $0x180, %eax
0x0eff39e8:  31 d2                    xorl     %edx, %edx
0x0eff39ea:  89 10                    movl     %edx, (%eax)
0x0eff39ec:  83 c0 04                 addl     $4, %eax
0x0eff39ef:  3d 9c 01 00 00           cmpl     $0x19c, %eax
0x0eff39f4:  75 f2                    jne      0xeff39e8

----------------
IN: 
0x0eff39e8:  31 d2                    xorl     %edx, %edx
0x0eff39ea:  89 10                    movl     %edx, (%eax)
0x0eff39ec:  83 c0 04                 addl     $4, %eax
0x0eff39ef:  3d 9c 01 00 00           cmpl     $0x19c, %eax
0x0eff39f4:  75 f2                    jne      0xeff39e8

----------------
IN: 
0x0eff39f6:  31 ff                    xorl     %edi, %edi
0x0eff39f8:  89 3d e4 01 00 00        movl     %edi, 0x1e4
0x0eff39fe:  b9 00 01 00 00           movl     $0x100, %ecx
0x0eff3a03:  31 d2                    xorl     %edx, %edx
0x0eff3a05:  b8 00 04 00 00           movl     $0x400, %eax
0x0eff3a0a:  e8 17 7d 0f f1           calll    0xeb726

----------------
IN: 
0x0eff3a0f:  66 c7 05 0e 04 00 00 c0  movw     $0x9fc0, 0x40e
0x0eff3a17:  9f
0x0eff3a18:  66 c7 05 13 04 00 00 7f  movw     $0x27f, 0x413
0x0eff3a20:  02
0x0eff3a21:  b9 21 01 00 00           movl     $0x121, %ecx
0x0eff3a26:  b8 00 fc 09 00           movl     $0x9fc00, %eax
0x0eff3a2b:  e8 f6 7c 0f f1           calll    0xeb726

----------------
IN: 
0x0eff3a30:  c6 05 00 fc 09 00 01     movb     $1, 0x9fc00
0x0eff3a37:  6a 02                    pushl    $2
0x0eff3a39:  6a 00                    pushl    $0
0x0eff3a3b:  68 00 04 00 00           pushl    $0x400
0x0eff3a40:  b8 00 fc 09 00           movl     $0x9fc00, %eax
0x0eff3a45:  31 d2                    xorl     %edx, %edx
0x0eff3a47:  e8 4b ae ff ff           calll    0xefee897

----------------
IN: 
0x0efee897:  57                       pushl    %edi
0x0efee898:  56                       pushl    %esi
0x0efee899:  89 c6                    movl     %eax, %esi
0x0efee89b:  89 d7                    movl     %edx, %edi
0x0efee89d:  8b 4c 24 0c              movl     0xc(%esp), %ecx
0x0efee8a1:  8b 54 24 10              movl     0x10(%esp), %edx
0x0efee8a5:  8b 44 24 14              movl     0x14(%esp), %eax
0x0efee8a9:  85 d2                    testl    %edx, %edx
0x0efee8ab:  75 04                    jne      0xefee8b1

----------------
IN: 
0x0efee8ad:  85 c9                    testl    %ecx, %ecx
0x0efee8af:  74 17                    je       0xefee8c8

----------------
IN: 
0x0efee8b1:  89 44 24 14              movl     %eax, 0x14(%esp)
0x0efee8b5:  89 4c 24 0c              movl     %ecx, 0xc(%esp)
0x0efee8b9:  89 54 24 10              movl     %edx, 0x10(%esp)
0x0efee8bd:  89 f0                    movl     %esi, %eax
0x0efee8bf:  89 fa                    movl     %edi, %edx
0x0efee8c1:  5e                       popl     %esi
0x0efee8c2:  5f                       popl     %edi
0x0efee8c3:  e9 0b fe ff ff           jmp      0xefee6d3

----------------
IN: 
0x0efee6d3:  55                       pushl    %ebp
0x0efee6d4:  57                       pushl    %edi
0x0efee6d5:  56                       pushl    %esi
0x0efee6d6:  53                       pushl    %ebx
0x0efee6d7:  83 ec 24                 subl     $0x24, %esp
0x0efee6da:  89 44 24 04              movl     %eax, 4(%esp)
0x0efee6de:  89 54 24 08              movl     %edx, 8(%esp)
0x0efee6e2:  8b 44 24 38              movl     0x38(%esp), %eax
0x0efee6e6:  8b 54 24 3c              movl     0x3c(%esp), %edx
0x0efee6ea:  89 44 24 14              movl     %eax, 0x14(%esp)
0x0efee6ee:  89 54 24 18              movl     %edx, 0x18(%esp)
0x0efee6f2:  8b 44 24 40              movl     0x40(%esp), %eax
0x0efee6f6:  89 44 24 1c              movl     %eax, 0x1c(%esp)
0x0efee6fa:  8b 35 44 56 0f 00        movl     0xf5644, %esi
0x0efee700:  31 c0                    xorl     %eax, %eax
0x0efee702:  89 04 24                 movl     %eax, (%esp)
0x0efee705:  39 34 24                 cmpl     %esi, (%esp)
0x0efee708:  0f 8d 4b 01 00 00        jge      0xefee859

----------------
IN: 
0x0efee70e:  6b 0c 24 14              imull    $0x14, (%esp), %ecx
0x0efee712:  8b 81 60 56 0f 00        movl     0xf5660(%ecx), %eax
0x0efee718:  8b 91 64 56 0f 00        movl     0xf5664(%ecx), %edx
0x0efee71e:  89 c7                    movl     %eax, %edi
0x0efee720:  89 d5                    movl     %edx, %ebp
0x0efee722:  03 b9 68 56 0f 00        addl     0xf5668(%ecx), %edi
0x0efee728:  13 a9 6c 56 0f 00        adcl     0xf566c(%ecx), %ebp
0x0efee72e:  89 7c 24 0c              movl     %edi, 0xc(%esp)
0x0efee732:  89 6c 24 10              movl     %ebp, 0x10(%esp)
0x0efee736:  8b 5c 24 04              movl     4(%esp), %ebx
0x0efee73a:  39 5c 24 0c              cmpl     %ebx, 0xc(%esp)
0x0efee73e:  8b 5c 24 10              movl     0x10(%esp), %ebx
0x0efee742:  1b 5c 24 08              sbbl     8(%esp), %ebx
0x0efee746:  73 05                    jae      0xefee74d

----------------
IN: 
0x0efee74d:  8b 7c 24 14              movl     0x14(%esp), %edi
0x0efee751:  8b 6c 24 18              movl     0x18(%esp), %ebp
0x0efee755:  03 7c 24 04              addl     4(%esp), %edi
0x0efee759:  13 6c 24 08              adcl     8(%esp), %ebp
0x0efee75d:  3b 44 24 04              cmpl     4(%esp), %eax
0x0efee761:  89 d6                    movl     %edx, %esi
0x0efee763:  1b 74 24 08              sbbl     8(%esp), %esi
0x0efee767:  73 77                    jae      0xefee7e0

----------------
IN: 
0x0efee769:  8b 99 70 56 0f 00        movl     0xf5670(%ecx), %ebx
0x0efee76f:  89 5c 24 20              movl     %ebx, 0x20(%esp)
0x0efee773:  8b 5c 24 1c              movl     0x1c(%esp), %ebx
0x0efee777:  39 5c 24 20              cmpl     %ebx, 0x20(%esp)
0x0efee77b:  75 1a                    jne      0xefee797

----------------
IN: 
0x0efee797:  8b 5c 24 04              movl     4(%esp), %ebx
0x0efee79b:  8b 74 24 08              movl     8(%esp), %esi
0x0efee79f:  29 c3                    subl     %eax, %ebx
0x0efee7a1:  19 d6                    sbbl     %edx, %esi
0x0efee7a3:  89 99 68 56 0f 00        movl     %ebx, 0xf5668(%ecx)
0x0efee7a9:  89 b1 6c 56 0f 00        movl     %esi, 0xf566c(%ecx)
0x0efee7af:  ff 04 24                 incl     (%esp)
0x0efee7b2:  3b 7c 24 0c              cmpl     0xc(%esp), %edi
0x0efee7b6:  89 e8                    movl     %ebp, %eax
0x0efee7b8:  1b 44 24 10              sbbl     0x10(%esp), %eax
0x0efee7bc:  73 22                    jae      0xefee7e0

----------------
IN: 
0x0efee7e0:  6b 34 24 14              imull    $0x14, (%esp), %esi
0x0efee7e4:  8b 04 24                 movl     (%esp), %eax
0x0efee7e7:  3b 05 44 56 0f 00        cmpl     0xf5644, %eax
0x0efee7ed:  7d 6a                    jge      0xefee859

----------------
IN: 
0x0efee7ef:  8b 86 60 56 0f 00        movl     0xf5660(%esi), %eax
0x0efee7f5:  8b 96 64 56 0f 00        movl     0xf5664(%esi), %edx
0x0efee7fb:  39 c7                    cmpl     %eax, %edi
0x0efee7fd:  89 e9                    movl     %ebp, %ecx
0x0efee7ff:  19 d1                    sbbl     %edx, %ecx
0x0efee801:  72 56                    jb       0xefee859

----------------
IN: 
0x0efee859:  83 7c 24 1c ff           cmpl     $-1, 0x1c(%esp)
0x0efee85e:  74 2f                    je       0xefee88f

----------------
IN: 
0x0efee860:  8b 44 24 1c              movl     0x1c(%esp), %eax
0x0efee864:  89 44 24 40              movl     %eax, 0x40(%esp)
0x0efee868:  8b 44 24 14              movl     0x14(%esp), %eax
0x0efee86c:  8b 54 24 18              movl     0x18(%esp), %edx
0x0efee870:  89 44 24 38              movl     %eax, 0x38(%esp)
0x0efee874:  89 54 24 3c              movl     %edx, 0x3c(%esp)
0x0efee878:  8b 54 24 04              movl     4(%esp), %edx
0x0efee87c:  8b 4c 24 08              movl     8(%esp), %ecx
0x0efee880:  8b 04 24                 movl     (%esp), %eax
0x0efee883:  83 c4 24                 addl     $0x24, %esp
0x0efee886:  5b                       popl     %ebx
0x0efee887:  5e                       popl     %esi
0x0efee888:  5f                       popl     %edi
0x0efee889:  5d                       popl     %ebp
0x0efee88a:  e9 a8 fd ff ff           jmp      0xefee637

----------------
IN: 
0x0efee637:  55                       pushl    %ebp
0x0efee638:  57                       pushl    %edi
0x0efee639:  56                       pushl    %esi
0x0efee63a:  53                       pushl    %ebx
0x0efee63b:  83 ec 10                 subl     $0x10, %esp
0x0efee63e:  8b 7c 24 24              movl     0x24(%esp), %edi
0x0efee642:  8b 6c 24 28              movl     0x28(%esp), %ebp
0x0efee646:  89 3c 24                 movl     %edi, (%esp)
0x0efee649:  89 6c 24 04              movl     %ebp, 4(%esp)
0x0efee64d:  8b 7c 24 2c              movl     0x2c(%esp), %edi
0x0efee651:  8b 1d 44 56 0f 00        movl     0xf5644, %ebx
0x0efee657:  83 fb 7f                 cmpl     $0x7f, %ebx
0x0efee65a:  7e 16                    jle      0xefee672

----------------
IN: 
0x0efee672:  89 54 24 08              movl     %edx, 8(%esp)
0x0efee676:  89 4c 24 0c              movl     %ecx, 0xc(%esp)
0x0efee67a:  6b f0 14                 imull    $0x14, %eax, %esi
0x0efee67d:  89 d9                    movl     %ebx, %ecx
0x0efee67f:  29 c1                    subl     %eax, %ecx
0x0efee681:  6b c9 14                 imull    $0x14, %ecx, %ecx
0x0efee684:  8d ae 60 56 0f 00        leal     0xf5660(%esi), %ebp
0x0efee68a:  8d 86 74 56 0f 00        leal     0xf5674(%esi), %eax
0x0efee690:  89 ea                    movl     %ebp, %edx
0x0efee692:  e8 53 f7 ff ff           calll    0xefeddea

----------------
IN: 
0x0efee697:  43                       incl     %ebx
0x0efee698:  89 1d 44 56 0f 00        movl     %ebx, 0xf5644
0x0efee69e:  8b 44 24 08              movl     8(%esp), %eax
0x0efee6a2:  8b 54 24 0c              movl     0xc(%esp), %edx
0x0efee6a6:  89 86 60 56 0f 00        movl     %eax, 0xf5660(%esi)
0x0efee6ac:  89 96 64 56 0f 00        movl     %edx, 0xf5664(%esi)
0x0efee6b2:  8b 04 24                 movl     (%esp), %eax
0x0efee6b5:  8b 54 24 04              movl     4(%esp), %edx
0x0efee6b9:  89 86 68 56 0f 00        movl     %eax, 0xf5668(%esi)
0x0efee6bf:  89 96 6c 56 0f 00        movl     %edx, 0xf566c(%esi)
0x0efee6c5:  89 be 70 56 0f 00        movl     %edi, 0xf5670(%esi)
0x0efee6cb:  83 c4 10                 addl     $0x10, %esp
0x0efee6ce:  5b                       popl     %ebx
0x0efee6cf:  5e                       popl     %esi
0x0efee6d0:  5f                       popl     %edi
0x0efee6d1:  5d                       popl     %ebp
0x0efee6d2:  c3                       retl     

----------------
IN: 
0x0eff3a4c:  b8 18 a2 0e 00           movl     $0xea218, %eax
0x0eff3a51:  2d 00 a8 0d 00           subl     $0xda800, %eax
0x0eff3a56:  a3 10 9a 0e 00           movl     %eax, 0xe9a10
0x0eff3a5b:  b0 b8                    movb     $0xb8, %al
0x0eff3a5d:  e6 70                    outb     %al, $0x70

----------------
IN: 
0x0eff3a5f:  e4 71                    inb      $0x71, %al

----------------
IN: 
0x0eff3a61:  83 c4 0c                 addl     $0xc, %esp
0x0eff3a64:  a8 01                    testb    $1, %al
0x0eff3a66:  74 08                    je       0xeff3a70

----------------
IN: 
0x0eff3a70:  b0 bd                    movb     $0xbd, %al
0x0eff3a72:  e6 70                    outb     %al, $0x70

----------------
IN: 
0x0eff3a74:  e4 71                    inb      $0x71, %al

----------------
IN: 
0x0eff3a76:  0f b6 d0                 movzbl   %al, %edx
0x0eff3a79:  b0 b8                    movb     $0xb8, %al
0x0eff3a7b:  e6 70                    outb     %al, $0x70

----------------
IN: 
0x0eff3a7d:  e4 71                    inb      $0x71, %al

----------------
IN: 
0x0eff3a7f:  c1 e0 04                 shll     $4, %eax
0x0eff3a82:  25 00 0f 00 00           andl     $0xf00, %eax
0x0eff3a87:  09 d0                    orl      %edx, %eax
0x0eff3a89:  c7 05 44 fe ff 0e 0f 27  movl     $0x270f, 0xefffe44
0x0eff3a91:  00 00
0x0eff3a93:  c7 05 48 fe ff 0e 0f 27  movl     $0x270f, 0xefffe48
0x0eff3a9b:  00 00
0x0eff3a9d:  c7 05 4c fe ff 0e 0f 27  movl     $0x270f, 0xefffe4c
0x0eff3aa5:  00 00
0x0eff3aa7:  c7 05 50 fe ff 0e 0f 27  movl     $0x270f, 0xefffe50
0x0eff3aaf:  00 00
0x0eff3ab1:  ba 65 00 00 00           movl     $0x65, %edx
0x0eff3ab6:  89 c1                    movl     %eax, %ecx
0x0eff3ab8:  83 e1 0f                 andl     $0xf, %ecx
0x0eff3abb:  89 c3                    movl     %eax, %ebx
0x0eff3abd:  c1 e8 04                 shrl     $4, %eax
0x0eff3ac0:  83 f9 03                 cmpl     $3, %ecx
0x0eff3ac3:  74 2c                    je       0xeff3af1

----------------
IN: 
0x0eff3ac5:  80 e3 0c                 andb     $0xc, %bl
0x0eff3ac8:  75 12                    jne      0xeff3adc

----------------
IN: 
0x0eff3aca:  83 f9 01                 cmpl     $1, %ecx
0x0eff3acd:  74 1a                    je       0xeff3ae9

----------------
IN: 
0x0eff3acf:  83 f9 02                 cmpl     $2, %ecx
0x0eff3ad2:  75 23                    jne      0xeff3af7

----------------
IN: 
0x0eff3ad4:  89 15 48 fe ff 0e        movl     %edx, 0xefffe48
0x0eff3ada:  eb 1b                    jmp      0xeff3af7

----------------
IN: 
0x0eff3af7:  42                       incl     %edx
0x0eff3af8:  83 fa 68                 cmpl     $0x68, %edx
0x0eff3afb:  75 b9                    jne      0xeff3ab6

----------------
IN: 
0x0eff3ab6:  89 c1                    movl     %eax, %ecx
0x0eff3ab8:  83 e1 0f                 andl     $0xf, %ecx
0x0eff3abb:  89 c3                    movl     %eax, %ebx
0x0eff3abd:  c1 e8 04                 shrl     $4, %eax
0x0eff3ac0:  83 f9 03                 cmpl     $3, %ecx
0x0eff3ac3:  74 2c                    je       0xeff3af1

----------------
IN: 
0x0eff3ae9:  89 15 50 fe ff 0e        movl     %edx, 0xefffe50
0x0eff3aef:  eb 06                    jmp      0xeff3af7

----------------
IN: 
0x0eff3af1:  89 15 4c fe ff 0e        movl     %edx, 0xefffe4c
0x0eff3af7:  42                       incl     %edx
0x0eff3af8:  83 fa 68                 cmpl     $0x68, %edx
0x0eff3afb:  75 b9                    jne      0xeff3ab6

----------------
IN: 
0x0eff3afd:  ba 60 ea 00 00           movl     $0xea60, %edx
0x0eff3b02:  31 c9                    xorl     %ecx, %ecx
0x0eff3b04:  b8 53 20 0f 00           movl     $0xf2053, %eax
0x0eff3b09:  e8 ad a6 ff ff           calll    0xefee1bb

----------------
IN: 
0x0eff3b0e:  a3 e0 4d 0f 00           movl     %eax, 0xf4de0
0x0eff3b13:  31 d2                    xorl     %edx, %edx
0x0eff3b15:  b8 66 20 0f 00           movl     $0xf2066, %eax
0x0eff3b1a:  e8 61 b0 ff ff           calll    0xefeeb80

----------------
IN: 
0x0efeeb80:  55                       pushl    %ebp
0x0efeeb81:  57                       pushl    %edi
0x0efeeb82:  56                       pushl    %esi
0x0efeeb83:  53                       pushl    %ebx
0x0efeeb84:  89 d7                    movl     %edx, %edi
0x0efeeb86:  e8 ff f5 ff ff           calll    0xefee18a

----------------
IN: 
0x0efeeb8b:  85 c0                    testl    %eax, %eax
0x0efeeb8d:  74 29                    je       0xefeebb8

----------------
IN: 
0x0efeeb8f:  89 c6                    movl     %eax, %esi
0x0efeeb91:  8b a8 84 00 00 00        movl     0x84(%eax), %ebp
0x0efeeb97:  85 ed                    testl    %ebp, %ebp
0x0efeeb99:  74 1d                    je       0xefeebb8

----------------
IN: 
0x0efeebb8:  31 db                    xorl     %ebx, %ebx
0x0efeebba:  eb 23                    jmp      0xefeebdf

----------------
IN: 
0x0efeebdf:  89 d8                    movl     %ebx, %eax
0x0efeebe1:  5b                       popl     %ebx
0x0efeebe2:  5e                       popl     %esi
0x0efeebe3:  5f                       popl     %edi
0x0efeebe4:  5d                       popl     %ebp
0x0efeebe5:  c3                       retl     

----------------
IN: 
0x0eff3b1f:  89 c3                    movl     %eax, %ebx
0x0eff3b21:  85 c0                    testl    %eax, %eax
0x0eff3b23:  0f 84 b1 00 00 00        je       0xeff3bda

----------------
IN: 
0x0eff3bda:  31 d2                    xorl     %edx, %edx
0x0eff3bdc:  b8 85 20 0f 00           movl     $0xf2085, %eax
0x0eff3be1:  e8 9a af ff ff           calll    0xefeeb80

----------------
IN: 
0x0eff3be6:  89 c3                    movl     %eax, %ebx
0x0eff3be8:  85 c0                    testl    %eax, %eax
0x0eff3bea:  0f 84 e7 00 00 00        je       0xeff3cd7

----------------
IN: 
0x0eff3cd7:  c7 05 e4 60 0f 00 83 d2  movl     $0xfd283, 0xf60e4
0x0eff3cdf:  0f 00
0x0eff3ce1:  ba 10 00 00 00           movl     $0x10, %edx
0x0eff3ce6:  b8 e0 60 0f 00           movl     $0xf60e0, %eax
0x0eff3ceb:  e8 63 79 0f f1           calll    0xeb653

----------------
IN: 
0x000eb653:  01 c2                    addl     %eax, %edx
0x000eb655:  31 c9                    xorl     %ecx, %ecx
0x000eb657:  39 d0                    cmpl     %edx, %eax
0x000eb659:  74 05                    je       0xeb660

----------------
IN: 
0x000eb65b:  02 08                    addb     (%eax), %cl
0x000eb65d:  40                       incl     %eax
0x000eb65e:  eb f7                    jmp      0xeb657

----------------
IN: 
0x000eb657:  39 d0                    cmpl     %edx, %eax
0x000eb659:  74 05                    je       0xeb660

----------------
IN: 
0x000eb660:  88 c8                    movb     %cl, %al
0x000eb662:  c3                       retl     

----------------
IN: 
0x0eff3cf0:  28 05 ea 60 0f 00        subb     %al, 0xf60ea
0x0eff3cf6:  b8 c8 d0 0f 00           movl     $0xfd0c8, %eax
0x0eff3cfb:  66 a3 37 56 0f 00        movw     %ax, 0xf5637
0x0eff3d01:  66 c7 05 39 56 0f 00 00  movw     $0xf000, 0xf5639
0x0eff3d09:  f0
0x0eff3d0a:  ba 10 00 00 00           movl     $0x10, %edx
0x0eff3d0f:  b8 30 56 0f 00           movl     $0xf5630, %eax
0x0eff3d14:  e8 3a 79 0f f1           calll    0xeb653

----------------
IN: 
0x0eff3d19:  28 05 36 56 0f 00        subb     %al, 0xf5636
0x0eff3d1f:  b8 2a d1 0f 00           movl     $0xfd12a, %eax
0x0eff3d24:  66 a3 0d 61 0f 00        movw     %ax, 0xf610d
0x0eff3d2a:  b8 26 d1 0f 00           movl     $0xfd126, %eax
0x0eff3d2f:  66 a3 11 61 0f 00        movw     %ax, 0xf6111
0x0eff3d35:  ba 21 00 00 00           movl     $0x21, %edx
0x0eff3d3a:  b8 00 61 0f 00           movl     $0xf6100, %eax
0x0eff3d3f:  e8 0f 79 0f f1           calll    0xeb653

----------------
IN: 
0x0eff3d44:  28 05 08 61 0f 00        subb     %al, 0xf6108
0x0eff3d4a:  c6 05 96 04 00 00 10     movb     $0x10, 0x496
0x0eff3d51:  66 c7 05 1a 04 00 00 1e  movw     $0x1e, 0x41a
0x0eff3d59:  00
0x0eff3d5a:  66 c7 05 1c 04 00 00 1e  movw     $0x1e, 0x41c
0x0eff3d62:  00
0x0eff3d63:  66 c7 05 80 04 00 00 1e  movw     $0x1e, 0x480
0x0eff3d6b:  00
0x0eff3d6c:  66 c7 05 82 04 00 00 3e  movw     $0x3e, 0x482
0x0eff3d74:  00
0x0eff3d75:  66 83 0d 10 04 00 00 04  orw      $4, 0x410
0x0eff3d7d:  81 c4 94 00 00 00        addl     $0x94, %esp
0x0eff3d83:  5b                       popl     %ebx
0x0eff3d84:  5e                       popl     %esi
0x0eff3d85:  5f                       popl     %edi
0x0eff3d86:  c3                       retl     

----------------
IN: 
0x0effbb0e:  e8 9d b7 ff ff           calll    0xeff72b0

----------------
IN: 
0x0eff72b0:  55                       pushl    %ebp
0x0eff72b1:  57                       pushl    %edi
0x0eff72b2:  56                       pushl    %esi
0x0eff72b3:  53                       pushl    %ebx
0x0eff72b4:  81 ec 88 00 00 00        subl     $0x88, %esp
0x0eff72ba:  31 c0                    xorl     %eax, %eax
0x0eff72bc:  e6 0d                    outb     %al, $0xd

----------------
IN: 
0x0eff72be:  e6 da                    outb     %al, $0xda

----------------
IN: 
0x0eff72c0:  b0 c0                    movb     $0xc0, %al
0x0eff72c2:  e6 d6                    outb     %al, $0xd6

----------------
IN: 
0x0eff72c4:  31 c0                    xorl     %eax, %eax
0x0eff72c6:  e6 d4                    outb     %al, $0xd4

----------------
IN: 
0x0eff72c8:  e8 6b 42 0f f1           calll    0xeb538

----------------
IN: 
0x000eb538:  b0 11                    movb     $0x11, %al
0x000eb53a:  e6 20                    outb     %al, $0x20

----------------
IN: 
0x000eb53c:  e6 a0                    outb     %al, $0xa0

----------------
IN: 
0x000eb53e:  b0 08                    movb     $8, %al
0x000eb540:  e6 21                    outb     %al, $0x21

----------------
IN: 
0x000eb542:  b0 70                    movb     $0x70, %al
0x000eb544:  e6 a1                    outb     %al, $0xa1

----------------
IN: 
0x000eb546:  b0 04                    movb     $4, %al
0x000eb548:  e6 21                    outb     %al, $0x21

----------------
IN: 
0x000eb54a:  b0 02                    movb     $2, %al
0x000eb54c:  e6 a1                    outb     %al, $0xa1

----------------
IN: 
0x000eb54e:  b0 01                    movb     $1, %al
0x000eb550:  e6 21                    outb     %al, $0x21

----------------
IN: 
0x000eb552:  e6 a1                    outb     %al, $0xa1

----------------
IN: 
0x000eb554:  b0 fb                    movb     $0xfb, %al
0x000eb556:  e6 21                    outb     %al, $0x21

----------------
IN: 
0x000eb558:  b0 ff                    movb     $0xff, %al
0x000eb55a:  e6 a1                    outb     %al, $0xa1

----------------
IN: 
0x000eb55c:  c3                       retl     

----------------
IN: 
0x0eff72cd:  c6 05 01 4e 0f 00 01     movb     $1, 0xf4e01
0x0eff72d4:  b8 01 00 00 00           movl     $1, %eax
0x0eff72d9:  e8 73 56 0f f1           calll    0xec951

----------------
IN: 
0x000ec951:  53                       pushl    %ebx
0x000ec952:  89 c3                    movl     %eax, %ebx
0x000ec954:  89 e0                    movl     %esp, %eax
0x000ec956:  3d 00 70 00 00           cmpl     $0x7000, %eax
0x000ec95b:  76 0a                    jbe      0xec967

----------------
IN: 
0x000ec967:  b9 18 00 00 00           movl     $0x18, %ecx
0x000ec96c:  31 d2                    xorl     %edx, %edx
0x000ec96e:  b8 1c a2 0e 00           movl     $0xea21c, %eax
0x000ec973:  e8 ae ed ff ff           calll    0xeb726

----------------
IN: 
0x000ec978:  85 db                    testl    %ebx, %ebx
0x000ec97a:  74 07                    je       0xec983

----------------
IN: 
0x000ec97c:  c6 05 1c a2 0e 00 01     movb     $1, 0xea21c
0x000ec983:  c6 05 1e a2 0e 00 01     movb     $1, 0xea21e
0x000ec98a:  5b                       popl     %ebx
0x000ec98b:  c3                       retl     

----------------
IN: 
0x0eff72de:  ba 01 00 00 00           movl     $1, %edx
0x0eff72e3:  31 c9                    xorl     %ecx, %ecx
0x0eff72e5:  b8 64 2a 0f 00           movl     $0xf2a64, %eax
0x0eff72ea:  e8 cc 6e ff ff           calll    0xefee1bb

----------------
IN: 
0x0efee1d0:  89 f0                    movl     %esi, %eax
0x0efee1d2:  89 fa                    movl     %edi, %edx
0x0efee1d4:  eb 33                    jmp      0xefee209

----------------
IN: 
0x0efee209:  59                       popl     %ecx
0x0efee20a:  5e                       popl     %esi
0x0efee20b:  5e                       popl     %esi
0x0efee20c:  5f                       popl     %edi
0x0efee20d:  5d                       popl     %ebp
0x0efee20e:  c3                       retl     

----------------
IN: 
0x0eff72ef:  a2 00 4e 0f 00           movb     %al, 0xf4e00
0x0eff72f4:  66 83 0d 10 04 00 00 02  orw      $2, 0x410
0x0eff72fc:  ba 3c d4 0f 00           movl     $0xfd43c, %edx
0x0eff7301:  0f b7 d2                 movzwl   %dx, %edx
0x0eff7304:  81 ca 00 00 00 f0        orl      $0xf0000000, %edx
0x0eff730a:  b8 0d 00 00 00           movl     $0xd, %eax
0x0eff730f:  e8 ab 61 ff ff           calll    0xefed4bf

----------------
IN: 
0x0efed4bf:  56                       pushl    %esi
0x0efed4c0:  53                       pushl    %ebx
0x0efed4c1:  89 c1                    movl     %eax, %ecx
0x0efed4c3:  89 d3                    movl     %edx, %ebx
0x0efed4c5:  ba 01 00 00 00           movl     $1, %edx
0x0efed4ca:  d3 e2                    shll     %cl, %edx
0x0efed4cc:  e4 21                    inb      $0x21, %al

----------------
IN: 
0x0efed4ce:  89 d6                    movl     %edx, %esi
0x0efed4d0:  f7 d6                    notl     %esi
0x0efed4d2:  21 f0                    andl     %esi, %eax
0x0efed4d4:  e6 21                    outb     %al, $0x21

----------------
IN: 
0x0efed4d6:  e4 a1                    inb      $0xa1, %al

----------------
IN: 
0x0efed4d8:  66 c1 ea 08              shrw     $8, %dx
0x0efed4dc:  f7 d2                    notl     %edx
0x0efed4de:  21 d0                    andl     %edx, %eax
0x0efed4e0:  e6 a1                    outb     %al, $0xa1

----------------
IN: 
0x0efed4e2:  8d 41 08                 leal     8(%ecx), %eax
0x0efed4e5:  83 f9 07                 cmpl     $7, %ecx
0x0efed4e8:  7e 03                    jle      0xefed4ed

----------------
IN: 
0x0efed4ea:  8d 41 68                 leal     0x68(%ecx), %eax
0x0efed4ed:  89 1c 85 00 00 00 00     movl     %ebx, (, %eax, 4)
0x0efed4f4:  5b                       popl     %ebx
0x0efed4f5:  5e                       popl     %esi
0x0efed4f6:  c3                       retl     

----------------
IN: 
0x0eff7314:  e8 41 2f 0f f1           calll    0xea25a

----------------
IN: 
0x0eff7319:  89 44 24 14              movl     %eax, 0x14(%esp)
0x0eff731d:  85 c0                    testl    %eax, %eax
0x0eff731f:  0f 84 d5 01 00 00        je       0xeff74fa

----------------
IN: 
0x0eff74fa:  f6 05 20 56 0f 00 04     testb    $4, 0xf5620
0x0eff7501:  0f 84 cd 00 00 00        je       0xeff75d4

----------------
IN: 
0x0eff75d4:  8a 0d 19 ff ff 0e        movb     0xeffff19, %cl
0x0eff75da:  84 c9                    testb    %cl, %cl
0x0eff75dc:  74 3e                    je       0xeff761c

----------------
IN: 
0x0eff75de:  31 c0                    xorl     %eax, %eax
0x0eff75e0:  31 d2                    xorl     %edx, %edx
0x0eff75e2:  f6 c1 20                 testb    $0x20, %cl
0x0eff75e5:  0f 94 c0                 sete     %al
0x0eff75e8:  0f 95 c2                 setne    %dl
0x0eff75eb:  d3 e0                    shll     %cl, %eax
0x0eff75ed:  d3 e2                    shll     %cl, %edx
0x0eff75ef:  a3 08 ff ff 0e           movl     %eax, 0xeffff08
0x0eff75f4:  89 15 0c ff ff 0e        movl     %edx, 0xeffff0c
0x0eff75fa:  80 f9 2c                 cmpb     $0x2c, %cl
0x0eff75fd:  76 1d                    jbe      0xeff761c

----------------
IN: 
0x0eff761c:  31 d2                    xorl     %edx, %edx
0x0eff761e:  b8 50 2b 0f 00           movl     $0xf2b50, %eax
0x0eff7623:  e8 58 75 ff ff           calll    0xefeeb80

----------------
IN: 
0x0eff7628:  89 c3                    movl     %eax, %ebx
0x0eff762a:  85 c0                    testl    %eax, %eax
0x0eff762c:  74 54                    je       0xeff7682

----------------
IN: 
0x0eff7682:  a1 20 ff ff 0e           movl     0xeffff20, %eax
0x0eff7687:  0b 05 24 ff ff 0e        orl      0xeffff24, %eax
0x0eff768d:  0f 95 c0                 setne    %al
0x0eff7690:  0f b6 c0                 movzbl   %al, %eax
0x0eff7693:  a3 c4 fd ff 0e           movl     %eax, 0xefffdc4
0x0eff7698:  80 3d 18 ff ff 0e 00     cmpb     $0, 0xeffff18
0x0eff769f:  75 07                    jne      0xeff76a8

----------------
IN: 
0x0eff76a8:  68 83 2b 0f 00           pushl    $0xf2b83
0x0eff76ad:  e8 70 58 0f f1           calll    0xecf22

----------------
IN: 
0x0eff76b2:  ba f8 0c 00 00           movl     $0xcf8, %edx
0x0eff76b7:  b8 00 00 00 80           movl     $0x80000000, %eax
0x0eff76bc:  ef                       outl     %eax, %dx

----------------
IN: 
0x0eff76bd:  ed                       inl      %dx, %eax

----------------
IN: 
0x0eff76be:  5d                       popl     %ebp
0x0eff76bf:  3d 00 00 00 80           cmpl     $0x80000000, %eax
0x0eff76c4:  74 0a                    je       0xeff76d0

----------------
IN: 
0x0eff76d0:  31 d2                    xorl     %edx, %edx
0x0eff76d2:  31 c9                    xorl     %ecx, %ecx
0x0eff76d4:  b8 75 16 0f 00           movl     $0xf1675, %eax
0x0eff76d9:  e8 dd 6a ff ff           calll    0xefee1bb

----------------
IN: 
0x0eff76de:  89 c3                    movl     %eax, %ebx
0x0eff76e0:  c6 44 24 68 00           movb     $0, 0x68(%esp)
0x0eff76e5:  8d 54 24 68              leal     0x68(%esp), %edx
0x0eff76e9:  31 c0                    xorl     %eax, %eax
0x0eff76eb:  e8 a6 89 ff ff           calll    0xeff0096

----------------
IN: 
0x0eff0096:  55                       pushl    %ebp
0x0eff0097:  57                       pushl    %edi
0x0eff0098:  56                       pushl    %esi
0x0eff0099:  53                       pushl    %ebx
0x0eff009a:  83 ec 14                 subl     $0x14, %esp
0x0eff009d:  89 c3                    movl     %eax, %ebx
0x0eff009f:  89 14 24                 movl     %edx, (%esp)
0x0eff00a2:  50                       pushl    %eax
0x0eff00a3:  68 f8 f3 ff 0e           pushl    $0xefff3f8
0x0eff00a8:  68 55 13 0f 00           pushl    $0xf1355
0x0eff00ad:  e8 70 ce 0f f1           calll    0xecf22

----------------
IN: 
0x0eff00b2:  89 df                    movl     %ebx, %edi
0x0eff00b4:  c1 e7 08                 shll     $8, %edi
0x0eff00b7:  0f b7 ff                 movzwl   %di, %edi
0x0eff00ba:  4f                       decl     %edi
0x0eff00bb:  89 da                    movl     %ebx, %edx
0x0eff00bd:  89 f8                    movl     %edi, %eax
0x0eff00bf:  e8 b6 c0 ff ff           calll    0xefec17a

----------------
IN: 
0x0efec17a:  56                       pushl    %esi
0x0efec17b:  53                       pushl    %ebx
0x0efec17c:  89 c3                    movl     %eax, %ebx
0x0efec17e:  89 d6                    movl     %edx, %esi
0x0efec180:  a8 07                    testb    $7, %al
0x0efec182:  75 31                    jne      0xefec1b5

----------------
IN: 
0x0efec1b5:  43                       incl     %ebx
0x0efec1b6:  eb e0                    jmp      0xefec198

----------------
IN: 
0x0efec198:  0f b6 c7                 movzbl   %bh, %eax
0x0efec19b:  39 f0                    cmpl     %esi, %eax
0x0efec19d:  75 19                    jne      0xefec1b8

----------------
IN: 
0x0efec19f:  0f b7 c3                 movzwl   %bx, %eax
0x0efec1a2:  31 d2                    xorl     %edx, %edx
0x0efec1a4:  e8 9a e3 0f f1           calll    0xea543

----------------
IN: 
0x0efec1a9:  48                       decl     %eax
0x0efec1aa:  66 83 f8 fd              cmpw     $-3, %ax
0x0efec1ae:  76 0b                    jbe      0xefec1bb

----------------
IN: 
0x0efec1bb:  89 d8                    movl     %ebx, %eax
0x0efec1bd:  5b                       popl     %ebx
0x0efec1be:  5e                       popl     %esi
0x0efec1bf:  c3                       retl     

----------------
IN: 
0x0eff00c4:  89 c6                    movl     %eax, %esi
0x0eff00c6:  83 c4 0c                 addl     $0xc, %esp
0x0eff00c9:  85 f6                    testl    %esi, %esi
0x0eff00cb:  78 41                    js       0xeff010e

----------------
IN: 
0x0eff00cd:  0f b7 ee                 movzwl   %si, %ebp
0x0eff00d0:  ba 0a 00 00 00           movl     $0xa, %edx
0x0eff00d5:  89 e8                    movl     %ebp, %eax
0x0eff00d7:  e8 67 a4 0f f1           calll    0xea543

----------------
IN: 
0x0eff00dc:  66 3d 04 06              cmpw     $0x604, %ax
0x0eff00e0:  75 1f                    jne      0xeff0101

----------------
IN: 
0x0eff0101:  89 da                    movl     %ebx, %edx
0x0eff0103:  89 f0                    movl     %esi, %eax
0x0eff0105:  e8 70 c0 ff ff           calll    0xefec17a

----------------
IN: 
0x0efec184:  0f b7 c0                 movzwl   %ax, %eax
0x0efec187:  ba 0e 00 00 00           movl     $0xe, %edx
0x0efec18c:  e8 f0 e3 0f f1           calll    0xea581

----------------
IN: 
0x000ea581:  89 d1                    movl     %edx, %ecx
0x000ea583:  8b 15 f8 4d 0f 00        movl     0xf4df8, %edx
0x000ea589:  0f b7 c0                 movzwl   %ax, %eax
0x000ea58c:  85 d2                    testl    %edx, %edx
0x000ea58e:  74 0a                    je       0xea59a

----------------
IN: 
0x000ea59a:  c1 e0 08                 shll     $8, %eax
0x000ea59d:  89 ca                    movl     %ecx, %edx
0x000ea59f:  81 e2 fc 00 00 00        andl     $0xfc, %edx
0x000ea5a5:  09 d0                    orl      %edx, %eax
0x000ea5a7:  0d 00 00 00 80           orl      $0x80000000, %eax
0x000ea5ac:  ba f8 0c 00 00           movl     $0xcf8, %edx
0x000ea5b1:  ef                       outl     %eax, %dx

----------------
IN: 
0x000ea5b2:  83 e1 03                 andl     $3, %ecx
0x000ea5b5:  8d 91 fc 0c 00 00        leal     0xcfc(%ecx), %edx
0x000ea5bb:  ec                       inb      %dx, %al

----------------
IN: 
0x000ea5bc:  c3                       retl     

----------------
IN: 
0x0efec191:  84 c0                    testb    %al, %al
0x0efec193:  78 20                    js       0xefec1b5

----------------
IN: 
0x0efec195:  83 c3 08                 addl     $8, %ebx
0x0efec198:  0f b6 c7                 movzbl   %bh, %eax
0x0efec19b:  39 f0                    cmpl     %esi, %eax
0x0efec19d:  75 19                    jne      0xefec1b8

----------------
IN: 
0x0eff010a:  89 c6                    movl     %eax, %esi
0x0eff010c:  eb bb                    jmp      0xeff00c9

----------------
IN: 
0x0eff00c9:  85 f6                    testl    %esi, %esi
0x0eff00cb:  78 41                    js       0xeff010e

----------------
IN: 
0x0efec1b0:  f6 c3 07                 testb    $7, %bl
0x0efec1b3:  74 e0                    je       0xefec195

----------------
IN: 
0x0efec1b8:  83 cb ff                 orl      $0xffffffff, %ebx
0x0efec1bb:  89 d8                    movl     %ebx, %eax
0x0efec1bd:  5b                       popl     %ebx
0x0efec1be:  5e                       popl     %esi
0x0efec1bf:  c3                       retl     

----------------
IN: 
0x0eff010e:  89 da                    movl     %ebx, %edx
0x0eff0110:  89 f8                    movl     %edi, %eax
0x0eff0112:  e8 63 c0 ff ff           calll    0xefec17a

----------------
IN: 
0x0eff0117:  89 44 24 08              movl     %eax, 8(%esp)
0x0eff011b:  83 7c 24 08 00           cmpl     $0, 8(%esp)
0x0eff0120:  0f 88 d9 01 00 00        js       0xeff02ff

----------------
IN: 
0x0eff0126:  0f b7 7c 24 08           movzwl   8(%esp), %edi
0x0eff012b:  ba 0a 00 00 00           movl     $0xa, %edx
0x0eff0130:  89 f8                    movl     %edi, %eax
0x0eff0132:  e8 0c a4 0f f1           calll    0xea543

----------------
IN: 
0x0eff0137:  66 3d 04 06              cmpw     $0x604, %ax
0x0eff013b:  0f 85 b3 01 00 00        jne      0xeff02f4

----------------
IN: 
0x0eff02f4:  89 da                    movl     %ebx, %edx
0x0eff02f6:  8b 44 24 08              movl     8(%esp), %eax
0x0eff02fa:  e9 13 fe ff ff           jmp      0xeff0112

----------------
IN: 
0x0eff0112:  e8 63 c0 ff ff           calll    0xefec17a

----------------
IN: 
0x0eff02ff:  83 c4 14                 addl     $0x14, %esp
0x0eff0302:  5b                       popl     %ebx
0x0eff0303:  5e                       popl     %esi
0x0eff0304:  5f                       popl     %edi
0x0eff0305:  5d                       popl     %ebp
0x0eff0306:  c3                       retl     

----------------
IN: 
0x0eff76f0:  84 db                    testb    %bl, %bl
0x0eff76f2:  75 2c                    jne      0xeff7720

----------------
IN: 
0x0eff76f4:  68 bb 2b 0f 00           pushl    $0xf2bbb
0x0eff76f9:  e8 24 58 0f f1           calll    0xecf22

----------------
IN: 
0x0eff76fe:  e8 9b 91 ff ff           calll    0xeff089e

----------------
IN: 
0x0eff089e:  55                       pushl    %ebp
0x0eff089f:  57                       pushl    %edi
0x0eff08a0:  56                       pushl    %esi
0x0eff08a1:  53                       pushl    %ebx
0x0eff08a2:  81 ec 14 04 00 00        subl     $0x414, %esp
0x0eff08a8:  8d 44 24 14              leal     0x14(%esp), %eax
0x0eff08ac:  b9 00 04 00 00           movl     $0x400, %ecx
0x0eff08b1:  31 d2                    xorl     %edx, %edx
0x0eff08b3:  e8 6e ae 0f f1           calll    0xeb726

----------------
IN: 
0x0eff08b8:  31 d2                    xorl     %edx, %edx
0x0eff08ba:  31 c9                    xorl     %ecx, %ecx
0x0eff08bc:  b8 75 16 0f 00           movl     $0xf1675, %eax
0x0eff08c1:  e8 f5 d8 ff ff           calll    0xefee1bb

----------------
IN: 
0x0eff08c6:  89 44 24 10              movl     %eax, 0x10(%esp)
0x0eff08ca:  31 c0                    xorl     %eax, %eax
0x0eff08cc:  89 44 24 08              movl     %eax, 8(%esp)
0x0eff08d0:  89 04 24                 movl     %eax, (%esp)
0x0eff08d3:  89 44 24 04              movl     %eax, 4(%esp)
0x0eff08d7:  83 cb ff                 orl      $0xffffffff, %ebx
0x0eff08da:  bd f8 fd ff 0e           movl     $0xefffdf8, %ebp
0x0eff08df:  39 1d 2c 56 0f 00        cmpl     %ebx, 0xf562c
0x0eff08e5:  0f 8e 2a 01 00 00        jle      0xeff0a15

----------------
IN: 
0x0eff08eb:  43                       incl     %ebx
0x0eff08ec:  89 d8                    movl     %ebx, %eax
0x0eff08ee:  c1 e0 08                 shll     $8, %eax
0x0eff08f1:  0f b7 c0                 movzwl   %ax, %eax
0x0eff08f4:  48                       decl     %eax
0x0eff08f5:  89 da                    movl     %ebx, %edx
0x0eff08f7:  e8 7e b8 ff ff           calll    0xefec17a

----------------
IN: 
0x0eff08fc:  89 c7                    movl     %eax, %edi
0x0eff08fe:  85 ff                    testl    %edi, %edi
0x0eff0900:  0f 88 01 01 00 00        js       0xeff0a07

----------------
IN: 
0x0eff0906:  b8 20 00 00 00           movl     $0x20, %eax
0x0eff090b:  e8 32 e1 ff ff           calll    0xefeea42

----------------
IN: 
0x0eff0910:  89 c6                    movl     %eax, %esi
0x0eff0912:  85 c0                    testl    %eax, %eax
0x0eff0914:  75 19                    jne      0xeff092f

----------------
IN: 
0x0eff092f:  b9 20 00 00 00           movl     $0x20, %ecx
0x0eff0934:  31 d2                    xorl     %edx, %edx
0x0eff0936:  e8 eb ad 0f f1           calll    0xeb726

----------------
IN: 
0x0eff093b:  8d 40 04                 leal     4(%eax), %eax
0x0eff093e:  89 44 24 0c              movl     %eax, 0xc(%esp)
0x0eff0942:  89 ea                    movl     %ebp, %edx
0x0eff0944:  e8 48 b7 ff ff           calll    0xefec091

----------------
IN: 
0x0eff0949:  ff 44 24 08              incl     8(%esp)
0x0eff094d:  8b 44 9c 14              movl     0x14(%esp, %ebx, 4), %eax
0x0eff0951:  85 c0                    testl    %eax, %eax
0x0eff0953:  75 22                    jne      0xeff0977

----------------
IN: 
0x0eff0955:  39 5c 24 04              cmpl     %ebx, 4(%esp)
0x0eff0959:  74 03                    je       0xeff095e

----------------
IN: 
0x0eff095e:  39 1d 2c 56 0f 00        cmpl     %ebx, 0xf562c
0x0eff0964:  7c 09                    jl       0xeff096f

----------------
IN: 
0x0eff0966:  8b 14 24                 movl     (%esp), %edx
0x0eff0969:  89 5c 24 04              movl     %ebx, 4(%esp)
0x0eff096d:  eb 0c                    jmp      0xeff097b

----------------
IN: 
0x0eff097b:  66 89 3e                 movw     %di, (%esi)
0x0eff097e:  89 46 0c                 movl     %eax, 0xc(%esi)
0x0eff0981:  88 56 02                 movb     %dl, 2(%esi)
0x0eff0984:  0f b7 ef                 movzwl   %di, %ebp
0x0eff0987:  31 d2                    xorl     %edx, %edx
0x0eff0989:  89 e8                    movl     %ebp, %eax
0x0eff098b:  e8 7f 9b 0f f1           calll    0xea50f

----------------
IN: 
0x000ea50f:  8b 0d f8 4d 0f 00        movl     0xf4df8, %ecx
0x000ea515:  0f b7 c0                 movzwl   %ax, %eax
0x000ea518:  85 c9                    testl    %ecx, %ecx
0x000ea51a:  74 0a                    je       0xea526

----------------
IN: 
0x000ea526:  c1 e0 08                 shll     $8, %eax
0x000ea529:  81 e2 fc 00 00 00        andl     $0xfc, %edx
0x000ea52f:  09 d0                    orl      %edx, %eax
0x000ea531:  0d 00 00 00 80           orl      $0x80000000, %eax
0x000ea536:  ba f8 0c 00 00           movl     $0xcf8, %edx
0x000ea53b:  ef                       outl     %eax, %dx

----------------
IN: 
0x000ea53c:  ba fc 0c 00 00           movl     $0xcfc, %edx
0x000ea541:  ed                       inl      %dx, %eax

----------------
IN: 
0x000ea542:  c3                       retl     

----------------
IN: 
0x0eff0990:  89 46 10                 movl     %eax, 0x10(%esi)
0x0eff0993:  ba 08 00 00 00           movl     $8, %edx
0x0eff0998:  89 e8                    movl     %ebp, %eax
0x0eff099a:  e8 70 9b 0f f1           calll    0xea50f

----------------
IN: 
0x0eff099f:  89 c2                    movl     %eax, %edx
0x0eff09a1:  c1 ea 10                 shrl     $0x10, %edx
0x0eff09a4:  66 89 56 14              movw     %dx, 0x14(%esi)
0x0eff09a8:  86 e0                    xchgb    %ah, %al
0x0eff09aa:  66 89 46 16              movw     %ax, 0x16(%esi)
0x0eff09ae:  ba 0e 00 00 00           movl     $0xe, %edx
0x0eff09b3:  89 e8                    movl     %ebp, %eax
0x0eff09b5:  e8 c7 9b 0f f1           calll    0xea581

----------------
IN: 
0x0eff09ba:  88 46 18                 movb     %al, 0x18(%esi)
0x0eff09bd:  83 e0 7f                 andl     $0x7f, %eax
0x0eff09c0:  48                       decl     %eax
0x0eff09c1:  3c 01                    cmpb     $1, %al
0x0eff09c3:  77 2e                    ja       0xeff09f3

----------------
IN: 
0x0eff09f3:  89 da                    movl     %ebx, %edx
0x0eff09f5:  89 f8                    movl     %edi, %eax
0x0eff09f7:  e8 7e b7 ff ff           calll    0xefec17a

----------------
IN: 
0x0eff09fc:  89 c7                    movl     %eax, %edi
0x0eff09fe:  8b 6c 24 0c              movl     0xc(%esp), %ebp
0x0eff0a02:  e9 f7 fe ff ff           jmp      0xeff08fe

----------------
IN: 
0x0eff08fe:  85 ff                    testl    %edi, %edi
0x0eff0900:  0f 88 01 01 00 00        js       0xeff0a07

----------------
IN: 
0x0eff0a07:  81 fb ff 00 00 00        cmpl     $0xff, %ebx
0x0eff0a0d:  0f 85 cc fe ff ff        jne      0xeff08df

----------------
IN: 
0x0eff08df:  39 1d 2c 56 0f 00        cmpl     %ebx, 0xf562c
0x0eff08e5:  0f 8e 2a 01 00 00        jle      0xeff0a15

----------------
IN: 
0x0eff0a15:  8b 3c 24                 movl     (%esp), %edi
0x0eff0a18:  39 7c 24 10              cmpl     %edi, 0x10(%esp)
0x0eff0a1c:  0f 8f c9 fe ff ff        jg       0xeff08eb

----------------
IN: 
0x0eff0a22:  ff 35 2c 56 0f 00        pushl    0xf562c
0x0eff0a28:  ff 74 24 0c              pushl    0xc(%esp)
0x0eff0a2c:  68 89 16 0f 00           pushl    $0xf1689
0x0eff0a31:  e8 ec c4 0f f1           calll    0xecf22

----------------
IN: 
0x0eff0a36:  81 c4 20 04 00 00        addl     $0x420, %esp
0x0eff0a3c:  5b                       popl     %ebx
0x0eff0a3d:  5e                       popl     %esi
0x0eff0a3e:  5f                       popl     %edi
0x0eff0a3f:  5d                       popl     %ebp
0x0eff0a40:  c3                       retl     

----------------
IN: 
0x0eff7703:  a1 28 ff ff 0e           movl     0xeffff28, %eax
0x0eff7708:  a3 d0 fd ff 0e           movl     %eax, 0xefffdd0
0x0eff770d:  31 f6                    xorl     %esi, %esi
0x0eff770f:  89 35 d4 fd ff 0e        movl     %esi, 0xefffdd4
0x0eff7715:  a1 f8 fd ff 0e           movl     0xefffdf8, %eax
0x0eff771a:  8d 58 fc                 leal     -4(%eax), %ebx
0x0eff771d:  5f                       popl     %edi
0x0eff771e:  eb 1b                    jmp      0xeff773b

----------------
IN: 
0x0eff773b:  83 fb fc                 cmpl     $-4, %ebx
0x0eff773e:  74 14                    je       0xeff7754

----------------
IN: 
0x0eff7740:  89 da                    movl     %ebx, %edx
0x0eff7742:  b8 40 fa ff 0e           movl     $0xefffa40, %eax
0x0eff7747:  e8 ab 5d ff ff           calll    0xefed4f7

----------------
IN: 
0x0efed4f7:  53                       pushl    %ebx
0x0efed4f8:  89 d1                    movl     %edx, %ecx
0x0efed4fa:  8b 10                    movl     (%eax), %edx
0x0efed4fc:  85 d2                    testl    %edx, %edx
0x0efed4fe:  74 3c                    je       0xefed53c

----------------
IN: 
0x0efed500:  83 fa ff                 cmpl     $-1, %edx
0x0efed503:  74 08                    je       0xefed50d

----------------
IN: 
0x0efed505:  0f b7 59 10              movzwl   0x10(%ecx), %ebx
0x0efed509:  39 da                    cmpl     %ebx, %edx
0x0efed50b:  75 2a                    jne      0xefed537

----------------
IN: 
0x0efed50d:  8b 50 04                 movl     4(%eax), %edx
0x0efed510:  83 fa ff                 cmpl     $-1, %edx
0x0efed513:  74 08                    je       0xefed51d

----------------
IN: 
0x0efed515:  0f b7 59 12              movzwl   0x12(%ecx), %ebx
0x0efed519:  39 da                    cmpl     %ebx, %edx
0x0efed51b:  75 1a                    jne      0xefed537

----------------
IN: 
0x0efed51d:  0f b7 51 14              movzwl   0x14(%ecx), %edx
0x0efed521:  33 50 08                 xorl     8(%eax), %edx
0x0efed524:  23 50 0c                 andl     0xc(%eax), %edx
0x0efed527:  75 0e                    jne      0xefed537

----------------
IN: 
0x0efed529:  8b 58 10                 movl     0x10(%eax), %ebx
0x0efed52c:  85 db                    testl    %ebx, %ebx
0x0efed52e:  74 12                    je       0xefed542

----------------
IN: 
0x0efed530:  89 c8                    movl     %ecx, %eax
0x0efed532:  89 d9                    movl     %ebx, %ecx
0x0efed534:  5b                       popl     %ebx
0x0efed535:  ff e1                    jmpl     *%ecx

----------------
IN: 
0x0efec871:  a1 28 ff ff 0e           movl     0xeffff28, %eax
0x0efec876:  3d 00 00 00 80           cmpl     $0x80000000, %eax
0x0efec87b:  77 0c                    ja       0xefec889

----------------
IN: 
0x0efec87d:  c7 05 d0 fd ff 0e 00 00  movl     $0x80000000, 0xefffdd0
0x0efec885:  00 80
0x0efec887:  eb 11                    jmp      0xefec89a

----------------
IN: 
0x0efec89a:  31 c0                    xorl     %eax, %eax
0x0efec89c:  a3 d4 fd ff 0e           movl     %eax, 0xefffdd4
0x0efec8a1:  c7 05 c0 fd ff 0e d8 c7  movl     $0xefec7d8, 0xefffdc0
0x0efec8a9:  fe 0e
0x0efec8ab:  c3                       retl     

----------------
IN: 
0x0eff774c:  8b 5b 04                 movl     4(%ebx), %ebx
0x0eff774f:  83 eb 04                 subl     $4, %ebx
0x0eff7752:  eb e7                    jmp      0xeff773b

----------------
IN: 
0x0efed537:  83 c0 14                 addl     $0x14, %eax
0x0efed53a:  eb be                    jmp      0xefed4fa

----------------
IN: 
0x0efed4fa:  8b 10                    movl     (%eax), %edx
0x0efed4fc:  85 d2                    testl    %edx, %edx
0x0efed4fe:  74 3c                    je       0xefed53c

----------------
IN: 
0x0efed53c:  83 78 0c 00              cmpl     $0, 0xc(%eax)
0x0efed540:  75 c3                    jne      0xefed505

----------------
IN: 
0x0efed542:  5b                       popl     %ebx
0x0efed543:  c3                       retl     

----------------
IN: 
0x0eff7754:  68 d7 2b 0f 00           pushl    $0xf2bd7
0x0eff7759:  e8 c4 57 0f f1           calll    0xecf22

----------------
IN: 
0x0eff775e:  a1 2c 56 0f 00           movl     0xf562c, %eax
0x0eff7763:  40                       incl     %eax
0x0eff7764:  6b c0 28                 imull    $0x28, %eax, %eax
0x0eff7767:  e8 d6 72 ff ff           calll    0xefeea42

----------------
IN: 
0x0eff776c:  89 c5                    movl     %eax, %ebp
0x0eff776e:  5b                       popl     %ebx
0x0eff776f:  85 c0                    testl    %eax, %eax
0x0eff7771:  75 14                    jne      0xeff7787

----------------
IN: 
0x0eff7787:  a1 2c 56 0f 00           movl     0xf562c, %eax
0x0eff778c:  8d 48 01                 leal     1(%eax), %ecx
0x0eff778f:  6b c9 28                 imull    $0x28, %ecx, %ecx
0x0eff7792:  31 d2                    xorl     %edx, %edx
0x0eff7794:  89 e8                    movl     %ebp, %eax
0x0eff7796:  e8 8b 3f 0f f1           calll    0xeb726

----------------
IN: 
0x0eff779b:  e8 a1 92 ff ff           calll    0xeff0a41

----------------
IN: 
0x0eff0a41:  55                       pushl    %ebp
0x0eff0a42:  57                       pushl    %edi
0x0eff0a43:  56                       pushl    %esi
0x0eff0a44:  53                       pushl    %ebx
0x0eff0a45:  83 ec 3c                 subl     $0x3c, %esp
0x0eff0a48:  89 44 24 18              movl     %eax, 0x18(%esp)
0x0eff0a4c:  68 b5 16 0f 00           pushl    $0xf16b5
0x0eff0a51:  e8 cc c4 0f f1           calll    0xecf22

----------------
IN: 
0x0eff0a56:  a1 f8 fd ff 0e           movl     0xefffdf8, %eax
0x0eff0a5b:  8d 58 fc                 leal     -4(%eax), %ebx
0x0eff0a5e:  58                       popl     %eax
0x0eff0a5f:  83 fb fc                 cmpl     $-4, %ebx
0x0eff0a62:  0f 84 f8 01 00 00        je       0xeff0c60

----------------
IN: 
0x0eff0a68:  66 81 7b 14 04 06        cmpw     $0x604, 0x14(%ebx)
0x0eff0a6e:  75 0f                    jne      0xeff0a7f

----------------
IN: 
0x0eff0a7f:  8b 03                    movl     (%ebx), %eax
0x0eff0a81:  0f b6 c4                 movzbl   %ah, %eax
0x0eff0a84:  6b c0 28                 imull    $0x28, %eax, %eax
0x0eff0a87:  8b 7c 24 18              movl     0x18(%esp), %edi
0x0eff0a8b:  01 f8                    addl     %edi, %eax
0x0eff0a8d:  89 44 24 1c              movl     %eax, 0x1c(%esp)
0x0eff0a91:  83 78 24 00              cmpl     $0, 0x24(%eax)
0x0eff0a95:  75 04                    jne      0xeff0a9b

----------------
IN: 
0x0eff0a97:  89 7c 24 1c              movl     %edi, 0x1c(%esp)
0x0eff0a9b:  31 ed                    xorl     %ebp, %ebp
0x0eff0a9d:  66 81 7b 14 04 06        cmpw     $0x604, 0x14(%ebx)
0x0eff0aa3:  75 0b                    jne      0xeff0ab0

----------------
IN: 
0x0eff0ab0:  83 fd 06                 cmpl     $6, %ebp
0x0eff0ab3:  74 09                    je       0xeff0abe

----------------
IN: 
0x0eff0ab5:  8d 34 ad 10 00 00 00     leal     0x10(, %ebp, 4), %esi
0x0eff0abc:  eb 14                    jmp      0xeff0ad2

----------------
IN: 
0x0eff0ad2:  0f b7 3b                 movzwl   (%ebx), %edi
0x0eff0ad5:  89 f2                    movl     %esi, %edx
0x0eff0ad7:  89 f8                    movl     %edi, %eax
0x0eff0ad9:  e8 31 9a 0f f1           calll    0xea50f

----------------
IN: 
0x0eff0ade:  89 44 24 14              movl     %eax, 0x14(%esp)
0x0eff0ae2:  83 fd 06                 cmpl     $6, %ebp
0x0eff0ae5:  75 2b                    jne      0xeff0b12

----------------
IN: 
0x0eff0b12:  f6 44 24 14 01           testb    $1, 0x14(%esp)
0x0eff0b17:  75 38                    jne      0xeff0b51

----------------
IN: 
0x0eff0b19:  8b 44 24 14              movl     0x14(%esp), %eax
0x0eff0b1d:  83 e0 08                 andl     $8, %eax
0x0eff0b20:  83 f8 01                 cmpl     $1, %eax
0x0eff0b23:  19 c0                    sbbl     %eax, %eax
0x0eff0b25:  89 44 24 08              movl     %eax, 8(%esp)
0x0eff0b29:  83 44 24 08 02           addl     $2, 8(%esp)
0x0eff0b2e:  8b 44 24 14              movl     0x14(%esp), %eax
0x0eff0b32:  83 e0 06                 andl     $6, %eax
0x0eff0b35:  83 f8 04                 cmpl     $4, %eax
0x0eff0b38:  0f 94 c0                 sete     %al
0x0eff0b3b:  0f b6 c0                 movzbl   %al, %eax
0x0eff0b3e:  89 04 24                 movl     %eax, (%esp)
0x0eff0b41:  c7 44 24 0c f0 ff ff ff  movl     $0xfffffff0, 0xc(%esp)
0x0eff0b49:  31 d2                    xorl     %edx, %edx
0x0eff0b4b:  89 54 24 10              movl     %edx, 0x10(%esp)
0x0eff0b4f:  eb 15                    jmp      0xeff0b66

----------------
IN: 
0x0eff0b66:  83 c9 ff                 orl      $0xffffffff, %ecx
0x0eff0b69:  89 f2                    movl     %esi, %edx
0x0eff0b6b:  89 f8                    movl     %edi, %eax
0x0eff0b6d:  e8 e0 98 0f f1           calll    0xea452

----------------
IN: 
0x000ea452:  53                       pushl    %ebx
0x000ea453:  8b 1d f8 4d 0f 00        movl     0xf4df8, %ebx
0x000ea459:  0f b7 c0                 movzwl   %ax, %eax
0x000ea45c:  85 db                    testl    %ebx, %ebx
0x000ea45e:  74 0b                    je       0xea46b

----------------
IN: 
0x000ea46b:  c1 e0 08                 shll     $8, %eax
0x000ea46e:  81 e2 fc 00 00 00        andl     $0xfc, %edx
0x000ea474:  09 d0                    orl      %edx, %eax
0x000ea476:  0d 00 00 00 80           orl      $0x80000000, %eax
0x000ea47b:  ba f8 0c 00 00           movl     $0xcf8, %edx
0x000ea480:  ef                       outl     %eax, %dx

----------------
IN: 
0x000ea481:  ba fc 0c 00 00           movl     $0xcfc, %edx
0x000ea486:  89 c8                    movl     %ecx, %eax
0x000ea488:  ef                       outl     %eax, %dx

----------------
IN: 
0x000ea489:  5b                       popl     %ebx
0x000ea48a:  c3                       retl     

----------------
IN: 
0x0eff0b72:  89 f2                    movl     %esi, %edx
0x0eff0b74:  89 f8                    movl     %edi, %eax
0x0eff0b76:  e8 94 99 0f f1           calll    0xea50f

----------------
IN: 
0x0eff0b7b:  89 44 24 20              movl     %eax, 0x20(%esp)
0x0eff0b7f:  31 c0                    xorl     %eax, %eax
0x0eff0b81:  89 44 24 24              movl     %eax, 0x24(%esp)
0x0eff0b85:  8b 4c 24 14              movl     0x14(%esp), %ecx
0x0eff0b89:  89 f2                    movl     %esi, %edx
0x0eff0b8b:  89 f8                    movl     %edi, %eax
0x0eff0b8d:  e8 c0 98 0f f1           calll    0xea452

----------------
IN: 
0x0eff0b92:  83 3c 24 00              cmpl     $0, (%esp)
0x0eff0b96:  74 57                    je       0xeff0bef

----------------
IN: 
0x0eff0bef:  8b 44 24 20              movl     0x20(%esp), %eax
0x0eff0bf3:  23 44 24 0c              andl     0xc(%esp), %eax
0x0eff0bf7:  f7 d8                    negl     %eax
0x0eff0bf9:  31 d2                    xorl     %edx, %edx
0x0eff0bfb:  85 d2                    testl    %edx, %edx
0x0eff0bfd:  75 04                    jne      0xeff0c03

----------------
IN: 
0x0eff0bff:  85 c0                    testl    %eax, %eax
0x0eff0c01:  74 48                    je       0xeff0c4b

----------------
IN: 
0x0eff0c4b:  45                       incl     %ebp
0x0eff0c4c:  83 fd 06                 cmpl     $6, %ebp
0x0eff0c4f:  0f 8e 48 fe ff ff        jle      0xeff0a9d

----------------
IN: 
0x0eff0a9d:  66 81 7b 14 04 06        cmpw     $0x604, 0x14(%ebx)
0x0eff0aa3:  75 0b                    jne      0xeff0ab0

----------------
IN: 
0x0eff0abe:  8a 43 18                 movb     0x18(%ebx), %al
0x0eff0ac1:  83 e0 7f                 andl     $0x7f, %eax
0x0eff0ac4:  be 30 00 00 00           movl     $0x30, %esi
0x0eff0ac9:  fe c8                    decb     %al
0x0eff0acb:  75 05                    jne      0xeff0ad2

----------------
IN: 
0x0eff0ae7:  b9 00 f8 ff ff           movl     $0xfffff800, %ecx
0x0eff0aec:  89 f2                    movl     %esi, %edx
0x0eff0aee:  89 f8                    movl     %edi, %eax
0x0eff0af0:  e8 5d 99 0f f1           calll    0xea452

----------------
IN: 
0x0eff0af5:  c7 44 24 0c 00 f8 ff ff  movl     $0xfffff800, 0xc(%esp)
0x0eff0afd:  31 c9                    xorl     %ecx, %ecx
0x0eff0aff:  89 4c 24 10              movl     %ecx, 0x10(%esp)
0x0eff0b03:  c7 44 24 08 01 00 00 00  movl     $1, 8(%esp)
0x0eff0b0b:  31 c0                    xorl     %eax, %eax
0x0eff0b0d:  89 04 24                 movl     %eax, (%esp)
0x0eff0b10:  eb 60                    jmp      0xeff0b72

----------------
IN: 
0x0eff0c55:  8b 5b 04                 movl     4(%ebx), %ebx
0x0eff0c58:  83 eb 04                 subl     $4, %ebx
0x0eff0c5b:  e9 ff fd ff ff           jmp      0xeff0a5f

----------------
IN: 
0x0eff0a5f:  83 fb fc                 cmpl     $-4, %ebx
0x0eff0a62:  0f 84 f8 01 00 00        je       0xeff0c60

----------------
IN: 
0x0eff0b51:  c7 44 24 0c fc ff ff ff  movl     $0xfffffffc, 0xc(%esp)
0x0eff0b59:  31 c0                    xorl     %eax, %eax
0x0eff0b5b:  89 44 24 10              movl     %eax, 0x10(%esp)
0x0eff0b5f:  89 44 24 08              movl     %eax, 8(%esp)
0x0eff0b63:  89 04 24                 movl     %eax, (%esp)
0x0eff0b66:  83 c9 ff                 orl      $0xffffffff, %ecx
0x0eff0b69:  89 f2                    movl     %esi, %edx
0x0eff0b6b:  89 f8                    movl     %edi, %eax
0x0eff0b6d:  e8 e0 98 0f f1           calll    0xea452

----------------
IN: 
0x0eff0c03:  83 7c 24 08 00           cmpl     $0, 8(%esp)
0x0eff0c08:  74 17                    je       0xeff0c21

----------------
IN: 
0x0eff0c21:  ff 34 24                 pushl    (%esp)
0x0eff0c24:  ff 74 24 0c              pushl    0xc(%esp)
0x0eff0c28:  52                       pushl    %edx
0x0eff0c29:  50                       pushl    %eax
0x0eff0c2a:  52                       pushl    %edx
0x0eff0c2b:  50                       pushl    %eax
0x0eff0c2c:  89 e9                    movl     %ebp, %ecx
0x0eff0c2e:  89 da                    movl     %ebx, %edx
0x0eff0c30:  8b 44 24 34              movl     0x34(%esp), %eax
0x0eff0c34:  e8 f3 e0 ff ff           calll    0xefeed2c

----------------
IN: 
0x0efeed2c:  55                       pushl    %ebp
0x0efeed2d:  57                       pushl    %edi
0x0efeed2e:  56                       pushl    %esi
0x0efeed2f:  53                       pushl    %ebx
0x0efeed30:  83 ec 10                 subl     $0x10, %esp
0x0efeed33:  89 c7                    movl     %eax, %edi
0x0efeed35:  89 14 24                 movl     %edx, (%esp)
0x0efeed38:  89 4c 24 0c              movl     %ecx, 0xc(%esp)
0x0efeed3c:  8b 44 24 24              movl     0x24(%esp), %eax
0x0efeed40:  89 44 24 04              movl     %eax, 4(%esp)
0x0efeed44:  8b 44 24 28              movl     0x28(%esp), %eax
0x0efeed48:  89 44 24 08              movl     %eax, 8(%esp)
0x0efeed4c:  8b 74 24 2c              movl     0x2c(%esp), %esi
0x0efeed50:  8b 6c 24 30              movl     0x30(%esp), %ebp
0x0efeed54:  b8 28 00 00 00           movl     $0x28, %eax
0x0efeed59:  e8 e4 fc ff ff           calll    0xefeea42

----------------
IN: 
0x0efeed5e:  89 c3                    movl     %eax, %ebx
0x0efeed60:  85 c0                    testl    %eax, %eax
0x0efeed62:  75 14                    jne      0xefeed78

----------------
IN: 
0x0efeed78:  b9 28 00 00 00           movl     $0x28, %ecx
0x0efeed7d:  31 d2                    xorl     %edx, %edx
0x0efeed7f:  e8 a2 c9 0f f1           calll    0xeb726

----------------
IN: 
0x0efeed84:  8b 04 24                 movl     (%esp), %eax
0x0efeed87:  89 03                    movl     %eax, (%ebx)
0x0efeed89:  8b 44 24 0c              movl     0xc(%esp), %eax
0x0efeed8d:  89 43 04                 movl     %eax, 4(%ebx)
0x0efeed90:  8b 44 24 04              movl     4(%esp), %eax
0x0efeed94:  89 43 08                 movl     %eax, 8(%ebx)
0x0efeed97:  8b 44 24 08              movl     8(%esp), %eax
0x0efeed9b:  89 43 0c                 movl     %eax, 0xc(%ebx)
0x0efeed9e:  89 73 10                 movl     %esi, 0x10(%ebx)
0x0efeeda1:  89 6b 14                 movl     %ebp, 0x14(%ebx)
0x0efeeda4:  8b 44 24 38              movl     0x38(%esp), %eax
0x0efeeda8:  89 43 18                 movl     %eax, 0x18(%ebx)
0x0efeedab:  8b 44 24 34              movl     0x34(%esp), %eax
0x0efeedaf:  89 43 1c                 movl     %eax, 0x1c(%ebx)
0x0efeedb2:  6b c0 0c                 imull    $0xc, %eax, %eax
0x0efeedb5:  8d 54 07 08              leal     8(%edi, %eax), %edx
0x0efeedb9:  8b 44 07 08              movl     8(%edi, %eax), %eax
0x0efeedbd:  85 c0                    testl    %eax, %eax
0x0efeedbf:  74 32                    je       0xefeedf3

----------------
IN: 
0x0efeedf3:  8d 43 20                 leal     0x20(%ebx), %eax
0x0efeedf6:  e8 96 d2 ff ff           calll    0xefec091

----------------
IN: 
0x0efeedfb:  89 d8                    movl     %ebx, %eax
0x0efeedfd:  83 c4 10                 addl     $0x10, %esp
0x0efeee00:  5b                       popl     %ebx
0x0efeee01:  5e                       popl     %esi
0x0efeee02:  5f                       popl     %edi
0x0efeee03:  5d                       popl     %ebp
0x0efeee04:  c3                       retl     

----------------
IN: 
0x0eff0c39:  83 c4 18                 addl     $0x18, %esp
0x0eff0c3c:  85 c0                    testl    %eax, %eax
0x0eff0c3e:  75 08                    jne      0xeff0c48

----------------
IN: 
0x0eff0c48:  03 2c 24                 addl     (%esp), %ebp
0x0eff0c4b:  45                       incl     %ebp
0x0eff0c4c:  83 fd 06                 cmpl     $6, %ebp
0x0eff0c4f:  0f 8e 48 fe ff ff        jle      0xeff0a9d

----------------
IN: 
0x0eff0c0a:  b9 ff 0f 00 00           movl     $0xfff, %ecx
0x0eff0c0f:  39 c1                    cmpl     %eax, %ecx
0x0eff0c11:  b9 00 00 00 00           movl     $0, %ecx
0x0eff0c16:  19 d1                    sbbl     %edx, %ecx
0x0eff0c18:  72 07                    jb       0xeff0c21

----------------
IN: 
0x0efeedc1:  8b 02                    movl     (%edx), %eax
0x0efeedc3:  8b 78 f0                 movl     -0x10(%eax), %edi
0x0efeedc6:  89 3c 24                 movl     %edi, (%esp)
0x0efeedc9:  8b 48 f4                 movl     -0xc(%eax), %ecx
0x0efeedcc:  39 f7                    cmpl     %esi, %edi
0x0efeedce:  89 cf                    movl     %ecx, %edi
0x0efeedd0:  19 ef                    sbbl     %ebp, %edi
0x0efeedd2:  72 1f                    jb       0xefeedf3

----------------
IN: 
0x0eff0c60:  a1 2c 56 0f 00           movl     0xf562c, %eax
0x0eff0c65:  89 44 24 28              movl     %eax, 0x28(%esp)
0x0eff0c69:  6b c0 28                 imull    $0x28, %eax, %eax
0x0eff0c6c:  8b 7c 24 18              movl     0x18(%esp), %edi
0x0eff0c70:  8d 2c 07                 leal     (%edi, %eax), %ebp
0x0eff0c73:  83 7c 24 28 00           cmpl     $0, 0x28(%esp)
0x0eff0c78:  0f 8e d5 03 00 00        jle      0xeff1053

----------------
IN: 
0x0eff1053:  31 c0                    xorl     %eax, %eax
0x0eff1055:  eb 36                    jmp      0xeff108d

----------------
IN: 
0x0eff108d:  83 c4 3c                 addl     $0x3c, %esp
0x0eff1090:  5b                       popl     %ebx
0x0eff1091:  5e                       popl     %esi
0x0eff1092:  5f                       popl     %edi
0x0eff1093:  5d                       popl     %ebp
0x0eff1094:  c3                       retl     

----------------
IN: 
0x0eff77a0:  89 44 24 08              movl     %eax, 8(%esp)
0x0eff77a4:  85 c0                    testl    %eax, %eax
0x0eff77a6:  0f 85 8b 04 00 00        jne      0xeff7c37

----------------
IN: 
0x0eff77ac:  68 fb 2b 0f 00           pushl    $0xf2bfb
0x0eff77b1:  e8 6c 57 0f f1           calll    0xecf22

----------------
IN: 
0x0eff77b6:  89 e8                    movl     %ebp, %eax
0x0eff77b8:  e8 05 51 ff ff           calll    0xefec8c2

----------------
IN: 
0x0efec8c2:  55                       pushl    %ebp
0x0efec8c3:  89 e5                    movl     %esp, %ebp
0x0efec8c5:  53                       pushl    %ebx
0x0efec8c6:  8b 50 08                 movl     8(%eax), %edx
0x0efec8c9:  83 ea 20                 subl     $0x20, %edx
0x0efec8cc:  31 c9                    xorl     %ecx, %ecx
0x0efec8ce:  31 db                    xorl     %ebx, %ebx
0x0efec8d0:  83 fa e0                 cmpl     $-0x20, %edx
0x0efec8d3:  74 0e                    je       0xefec8e3

----------------
IN: 
0x0efec8d5:  03 4a 08                 addl     8(%edx), %ecx
0x0efec8d8:  13 5a 0c                 adcl     0xc(%edx), %ebx
0x0efec8db:  8b 52 20                 movl     0x20(%edx), %edx
0x0efec8de:  83 ea 20                 subl     $0x20, %edx
0x0efec8e1:  eb ed                    jmp      0xefec8d0

----------------
IN: 
0x0efec8d0:  83 fa e0                 cmpl     $-0x20, %edx
0x0efec8d3:  74 0e                    je       0xefec8e3

----------------
IN: 
0x0efec8e3:  89 c8                    movl     %ecx, %eax
0x0efec8e5:  89 da                    movl     %ebx, %edx
0x0efec8e7:  5b                       popl     %ebx
0x0efec8e8:  5d                       popl     %ebp
0x0efec8e9:  c3                       retl     

----------------
IN: 
0x0eff77bd:  59                       popl     %ecx
0x0eff77be:  b9 ff 3f 00 00           movl     $0x3fff, %ecx
0x0eff77c3:  39 c1                    cmpl     %eax, %ecx
0x0eff77c5:  8b 7c 24 08              movl     8(%esp), %edi
0x0eff77c9:  19 d7                    sbbl     %edx, %edi
0x0eff77cb:  73 27                    jae      0xeff77f4

----------------
IN: 
0x0eff77f4:  b9 00 c0 00 00           movl     $0xc000, %ecx
0x0eff77f9:  31 db                    xorl     %ebx, %ebx
0x0eff77fb:  89 4d 00                 movl     %ecx, (%ebp)
0x0eff77fe:  89 5d 04                 movl     %ebx, 4(%ebp)
0x0eff7801:  89 ce                    movl     %ecx, %esi
0x0eff7803:  89 df                    movl     %ebx, %edi
0x0eff7805:  83 c6 ff                 addl     $-1, %esi
0x0eff7808:  83 d7 ff                 adcl     $-1, %edi
0x0eff780b:  01 c6                    addl     %eax, %esi
0x0eff780d:  11 d7                    adcl     %edx, %edi
0x0eff780f:  57                       pushl    %edi
0x0eff7810:  56                       pushl    %esi
0x0eff7811:  53                       pushl    %ebx
0x0eff7812:  51                       pushl    %ecx
0x0eff7813:  68 1f 2c 0f 00           pushl    $0xf2c1f
0x0eff7818:  e8 05 57 0f f1           calll    0xecf22

----------------
IN: 
0x0eff781d:  6a 00                    pushl    $0
0x0eff781f:  68 00 00 c0 fe           pushl    $0xfec00000
0x0eff7824:  ff 35 d4 fd ff 0e        pushl    0xefffdd4
0x0eff782a:  ff 35 d0 fd ff 0e        pushl    0xefffdd0
0x0eff7830:  68 37 2c 0f 00           pushl    $0xf2c37
0x0eff7835:  e8 e8 56 0f f1           calll    0xecf22

----------------
IN: 
0x0eff783a:  83 c4 28                 addl     $0x28, %esp
0x0eff783d:  83 3d c4 fd ff 0e 00     cmpl     $0, 0xefffdc4
0x0eff7844:  74 45                    je       0xeff788b

----------------
IN: 
0x0eff788b:  89 e8                    movl     %ebp, %eax
0x0eff788d:  e8 9c 50 ff ff           calll    0xefec92e

----------------
IN: 
0x0efec92e:  55                       pushl    %ebp
0x0efec92f:  57                       pushl    %edi
0x0efec930:  56                       pushl    %esi
0x0efec931:  53                       pushl    %ebx
0x0efec932:  83 ec 08                 subl     $8, %esp
0x0efec935:  8d 68 18                 leal     0x18(%eax), %ebp
0x0efec938:  8d 58 0c                 leal     0xc(%eax), %ebx
0x0efec93b:  89 d8                    movl     %ebx, %eax
0x0efec93d:  e8 6a ff ff ff           calll    0xefec8ac

----------------
IN: 
0x0efec8ac:  8b 40 08                 movl     8(%eax), %eax
0x0efec8af:  85 c0                    testl    %eax, %eax
0x0efec8b1:  74 07                    je       0xefec8ba

----------------
IN: 
0x0efec8b3:  8b 50 f4                 movl     -0xc(%eax), %edx
0x0efec8b6:  8b 40 f0                 movl     -0x10(%eax), %eax
0x0efec8b9:  c3                       retl     

----------------
IN: 
0x0efec942:  89 c6                    movl     %eax, %esi
0x0efec944:  89 d1                    movl     %edx, %ecx
0x0efec946:  89 e8                    movl     %ebp, %eax
0x0efec948:  e8 5f ff ff ff           calll    0xefec8ac

----------------
IN: 
0x0efec94d:  39 c6                    cmpl     %eax, %esi
0x0efec94f:  19 d1                    sbbl     %edx, %ecx
0x0efec951:  72 02                    jb       0xefec955

----------------
IN: 
0x0efec955:  89 d8                    movl     %ebx, %eax
0x0efec957:  e8 66 ff ff ff           calll    0xefec8c2

----------------
IN: 
0x0efec95c:  89 04 24                 movl     %eax, (%esp)
0x0efec95f:  89 54 24 04              movl     %edx, 4(%esp)
0x0efec963:  89 d8                    movl     %ebx, %eax
0x0efec965:  e8 42 ff ff ff           calll    0xefec8ac

----------------
IN: 
0x0efec96a:  89 c6                    movl     %eax, %esi
0x0efec96c:  89 d7                    movl     %edx, %edi
0x0efec96e:  b8 00 00 c0 fe           movl     $0xfec00000, %eax
0x0efec973:  31 d2                    xorl     %edx, %edx
0x0efec975:  2b 04 24                 subl     (%esp), %eax
0x0efec978:  1b 54 24 04              sbbl     4(%esp), %edx
0x0efec97c:  f7 de                    negl     %esi
0x0efec97e:  83 d7 00                 adcl     $0, %edi
0x0efec981:  f7 df                    negl     %edi
0x0efec983:  21 c6                    andl     %eax, %esi
0x0efec985:  21 d7                    andl     %edx, %edi
0x0efec987:  89 33                    movl     %esi, (%ebx)
0x0efec989:  89 7b 04                 movl     %edi, 4(%ebx)
0x0efec98c:  89 e8                    movl     %ebp, %eax
0x0efec98e:  e8 2f ff ff ff           calll    0xefec8c2

----------------
IN: 
0x0efec993:  89 c1                    movl     %eax, %ecx
0x0efec995:  89 d3                    movl     %edx, %ebx
0x0efec997:  89 e8                    movl     %ebp, %eax
0x0efec999:  e8 0e ff ff ff           calll    0xefec8ac

----------------
IN: 
0x0efec99e:  29 ce                    subl     %ecx, %esi
0x0efec9a0:  19 df                    sbbl     %ebx, %edi
0x0efec9a2:  f7 d8                    negl     %eax
0x0efec9a4:  83 d2 00                 adcl     $0, %edx
0x0efec9a7:  f7 da                    negl     %edx
0x0efec9a9:  21 c6                    andl     %eax, %esi
0x0efec9ab:  21 d7                    andl     %edx, %edi
0x0efec9ad:  89 75 00                 movl     %esi, (%ebp)
0x0efec9b0:  89 7d 04                 movl     %edi, 4(%ebp)
0x0efec9b3:  3b 35 d0 fd ff 0e        cmpl     0xefffdd0, %esi
0x0efec9b9:  89 f8                    movl     %edi, %eax
0x0efec9bb:  1b 05 d4 fd ff 0e        sbbl     0xefffdd4, %eax
0x0efec9c1:  0f 92 c1                 setb     %cl
0x0efec9c4:  bb 00 00 c0 fe           movl     $0xfec00000, %ebx
0x0efec9c9:  31 c0                    xorl     %eax, %eax
0x0efec9cb:  39 f3                    cmpl     %esi, %ebx
0x0efec9cd:  19 f8                    sbbl     %edi, %eax
0x0efec9cf:  0f 92 c0                 setb     %al
0x0efec9d2:  09 c8                    orl      %ecx, %eax
0x0efec9d4:  0f b6 c0                 movzbl   %al, %eax
0x0efec9d7:  f7 d8                    negl     %eax
0x0efec9d9:  83 c4 08                 addl     $8, %esp
0x0efec9dc:  5b                       popl     %ebx
0x0efec9dd:  5e                       popl     %esi
0x0efec9de:  5f                       popl     %edi
0x0efec9df:  5d                       popl     %ebp
0x0efec9e0:  c3                       retl     

----------------
IN: 
0x0eff7892:  85 c0                    testl    %eax, %eax
0x0eff7894:  75 b0                    jne      0xeff7846

----------------
IN: 
0x0eff7896:  e9 32 02 00 00           jmp      0xeff7acd

----------------
IN: 
0x0eff7acd:  89 eb                    movl     %ebp, %ebx
0x0eff7acf:  8b 44 24 08              movl     8(%esp), %eax
0x0eff7ad3:  3b 05 2c 56 0f 00        cmpl     0xf562c, %eax
0x0eff7ad9:  7f 1e                    jg       0xeff7af9

----------------
IN: 
0x0eff7adb:  89 de                    movl     %ebx, %esi
0x0eff7add:  89 f2                    movl     %esi, %edx
0x0eff7adf:  89 e8                    movl     %ebp, %eax
0x0eff7ae1:  e8 32 88 ff ff           calll    0xeff0318

----------------
IN: 
0x0eff0318:  55                       pushl    %ebp
0x0eff0319:  57                       pushl    %edi
0x0eff031a:  56                       pushl    %esi
0x0eff031b:  53                       pushl    %ebx
0x0eff031c:  83 ec 1c                 subl     $0x1c, %esp
0x0eff031f:  89 44 24 18              movl     %eax, 0x18(%esp)
0x0eff0323:  89 54 24 10              movl     %edx, 0x10(%esp)
0x0eff0327:  8b 42 08                 movl     8(%edx), %eax
0x0eff032a:  8d 58 e0                 leal     -0x20(%eax), %ebx
0x0eff032d:  83 fb e0                 cmpl     $-0x20, %ebx
0x0eff0330:  0f 84 d4 01 00 00        je       0xeff050a

----------------
IN: 
0x0eff0336:  8b 43 20                 movl     0x20(%ebx), %eax
0x0eff0339:  89 44 24 14              movl     %eax, 0x14(%esp)
0x0eff033d:  8b 44 24 10              movl     0x10(%esp), %eax
0x0eff0341:  8b 50 04                 movl     4(%eax), %edx
0x0eff0344:  8b 00                    movl     (%eax), %eax
0x0eff0346:  89 04 24                 movl     %eax, (%esp)
0x0eff0349:  89 54 24 04              movl     %edx, 4(%esp)
0x0eff034d:  8b 73 08                 movl     8(%ebx), %esi
0x0eff0350:  8b 7b 0c                 movl     0xc(%ebx), %edi
0x0eff0353:  01 f0                    addl     %esi, %eax
0x0eff0355:  11 fa                    adcl     %edi, %edx
0x0eff0357:  89 44 24 08              movl     %eax, 8(%esp)
0x0eff035b:  89 54 24 0c              movl     %edx, 0xc(%esp)
0x0eff035f:  8b 4c 24 10              movl     0x10(%esp), %ecx
0x0eff0363:  89 01                    movl     %eax, (%ecx)
0x0eff0365:  89 51 04                 movl     %edx, 4(%ecx)
0x0eff0368:  8b 4b 04                 movl     4(%ebx), %ecx
0x0eff036b:  8b 53 1c                 movl     0x1c(%ebx), %edx
0x0eff036e:  8b 03                    movl     (%ebx), %eax
0x0eff0370:  83 f9 ff                 cmpl     $-1, %ecx
0x0eff0373:  75 1e                    jne      0xeff0393

----------------
IN: 
0x0eff0393:  85 c9                    testl    %ecx, %ecx
0x0eff0395:  78 3d                    js       0xeff03d4

----------------
IN: 
0x0eff0397:  ff 34 95 9c fb ff 0e     pushl    0xefffb9c(, %edx, 4)
0x0eff039e:  57                       pushl    %edi
0x0eff039f:  56                       pushl    %esi
0x0eff03a0:  ff 74 24 10              pushl    0x10(%esp)
0x0eff03a4:  ff 74 24 10              pushl    0x10(%esp)
0x0eff03a8:  51                       pushl    %ecx
0x0eff03a9:  50                       pushl    %eax
0x0eff03aa:  68 b5 14 0f 00           pushl    $0xf14b5
0x0eff03af:  e8 6e cb 0f f1           calll    0xecf22

----------------
IN: 
0x000ec7f5:  46                       incl     %esi
0x000ec7f6:  8b 17                    movl     (%edi), %edx
0x000ec7f8:  0f b6 d6                 movzbl   %dh, %edx
0x000ec7fb:  6a 00                    pushl    $0
0x000ec7fd:  b9 02 00 00 00           movl     $2, %ecx
0x000ec802:  89 e8                    movl     %ebp, %eax
0x000ec804:  e8 09 db ff ff           calll    0xea312

----------------
IN: 
0x000ec809:  ba 3a 00 00 00           movl     $0x3a, %edx
0x000ec80e:  89 e8                    movl     %ebp, %eax
0x000ec810:  e8 86 da ff ff           calll    0xea29b

----------------
IN: 
0x000ec815:  8a 17                    movb     (%edi), %dl
0x000ec817:  c0 ea 03                 shrb     $3, %dl
0x000ec81a:  0f b6 d2                 movzbl   %dl, %edx
0x000ec81d:  6a 00                    pushl    $0
0x000ec81f:  b9 02 00 00 00           movl     $2, %ecx
0x000ec824:  89 e8                    movl     %ebp, %eax
0x000ec826:  e8 e7 da ff ff           calll    0xea312

----------------
IN: 
0x000ec82b:  ba 2e 00 00 00           movl     $0x2e, %edx
0x000ec830:  89 e8                    movl     %ebp, %eax
0x000ec832:  e8 64 da ff ff           calll    0xea29b

----------------
IN: 
0x000ec837:  8b 17                    movl     (%edi), %edx
0x000ec839:  83 e2 07                 andl     $7, %edx
0x000ec83c:  31 c9                    xorl     %ecx, %ecx
0x000ec83e:  89 e8                    movl     %ebp, %eax
0x000ec840:  e8 a9 da ff ff           calll    0xea2ee

----------------
IN: 
0x000ec845:  58                       popl     %eax
0x000ec846:  5a                       popl     %edx
0x000ec847:  e9 8c 00 00 00           jmp      0xec8d8

----------------
IN: 
0x0eff03b4:  83 c4 20                 addl     $0x20, %esp
0x0eff03b7:  8b 53 04                 movl     4(%ebx), %edx
0x0eff03ba:  ff 73 18                 pushl    0x18(%ebx)
0x0eff03bd:  ff 74 24 08              pushl    8(%esp)
0x0eff03c1:  ff 74 24 08              pushl    8(%esp)
0x0eff03c5:  8b 03                    movl     (%ebx), %eax
0x0eff03c7:  e8 78 d1 ff ff           calll    0xefed544

----------------
IN: 
0x0efed544:  55                       pushl    %ebp
0x0efed545:  57                       pushl    %edi
0x0efed546:  56                       pushl    %esi
0x0efed547:  53                       pushl    %ebx
0x0efed548:  89 c6                    movl     %eax, %esi
0x0efed54a:  8b 4c 24 14              movl     0x14(%esp), %ecx
0x0efed54e:  8b 7c 24 18              movl     0x18(%esp), %edi
0x0efed552:  8b 6c 24 1c              movl     0x1c(%esp), %ebp
0x0efed556:  83 fa 06                 cmpl     $6, %edx
0x0efed559:  74 09                    je       0xefed564

----------------
IN: 
0x0efed55b:  8d 1c 95 10 00 00 00     leal     0x10(, %edx, 4), %ebx
0x0efed562:  eb 14                    jmp      0xefed578

----------------
IN: 
0x0efed578:  0f b7 06                 movzwl   (%esi), %eax
0x0efed57b:  89 da                    movl     %ebx, %edx
0x0efed57d:  e8 d0 ce 0f f1           calll    0xea452

----------------
IN: 
0x0efed582:  85 ed                    testl    %ebp, %ebp
0x0efed584:  74 11                    je       0xefed597

----------------
IN: 
0x0efed597:  5b                       popl     %ebx
0x0efed598:  5e                       popl     %esi
0x0efed599:  5f                       popl     %edi
0x0efed59a:  5d                       popl     %ebp
0x0efed59b:  c3                       retl     

----------------
IN: 
0x0eff03cc:  83 c4 0c                 addl     $0xc, %esp
0x0eff03cf:  e9 1b 01 00 00           jmp      0xeff04ef

----------------
IN: 
0x0eff04ef:  8d 43 20                 leal     0x20(%ebx), %eax
0x0eff04f2:  e8 89 bb ff ff           calll    0xefec080

----------------
IN: 
0x0efec080:  89 c2                    movl     %eax, %edx
0x0efec082:  8b 00                    movl     (%eax), %eax
0x0efec084:  8b 52 04                 movl     4(%edx), %edx
0x0efec087:  89 02                    movl     %eax, (%edx)
0x0efec089:  85 c0                    testl    %eax, %eax
0x0efec08b:  74 03                    je       0xefec090

----------------
IN: 
0x0efec08d:  89 50 04                 movl     %edx, 4(%eax)
0x0efec090:  c3                       retl     

----------------
IN: 
0x0eff04f7:  89 d8                    movl     %ebx, %eax
0x0eff04f9:  e8 e5 df ff ff           calll    0xefee4e3

----------------
IN: 
0x0efee4e3:  85 c0                    testl    %eax, %eax
0x0efee4e5:  74 18                    je       0xefee4ff

----------------
IN: 
0x0efee4e7:  e8 ee de ff ff           calll    0xefec3da

----------------
IN: 
0x0efec3da:  56                       pushl    %esi
0x0efec3db:  53                       pushl    %ebx
0x0efec3dc:  89 c6                    movl     %eax, %esi
0x0efec3de:  e8 d9 ff ff ff           calll    0xefec3bc

----------------
IN: 
0x0efec3bc:  89 c1                    movl     %eax, %ecx
0x0efec3be:  31 d2                    xorl     %edx, %edx
0x0efec3c0:  8b 04 95 64 fe ff 0e     movl     0xefffe64(, %edx, 4), %eax
0x0efec3c7:  8b 00                    movl     (%eax), %eax
0x0efec3c9:  85 c0                    testl    %eax, %eax
0x0efec3cb:  74 06                    je       0xefec3d3

----------------
IN: 
0x0efec3cd:  39 48 08                 cmpl     %ecx, 8(%eax)
0x0efec3d0:  75 f5                    jne      0xefec3c7

----------------
IN: 
0x0efec3c7:  8b 00                    movl     (%eax), %eax
0x0efec3c9:  85 c0                    testl    %eax, %eax
0x0efec3cb:  74 06                    je       0xefec3d3

----------------
IN: 
0x0efec3d3:  42                       incl     %edx
0x0efec3d4:  83 fa 05                 cmpl     $5, %edx
0x0efec3d7:  75 e7                    jne      0xefec3c0

----------------
IN: 
0x0efec3c0:  8b 04 95 64 fe ff 0e     movl     0xefffe64(, %edx, 4), %eax
0x0efec3c7:  8b 00                    movl     (%eax), %eax
0x0efec3c9:  85 c0                    testl    %eax, %eax
0x0efec3cb:  74 06                    je       0xefec3d3

----------------
IN: 
0x0efec3d2:  c3                       retl     

----------------
IN: 
0x0efec3e3:  39 f0                    cmpl     %esi, %eax
0x0efec3e5:  74 22                    je       0xefec409

----------------
IN: 
0x0efec3e7:  89 c3                    movl     %eax, %ebx
0x0efec3e9:  85 c0                    testl    %eax, %eax
0x0efec3eb:  74 1c                    je       0xefec409

----------------
IN: 
0x0efec3ed:  83 c8 ff                 orl      $0xffffffff, %eax
0x0efec3f0:  83 7b 10 00              cmpl     $0, 0x10(%ebx)
0x0efec3f4:  74 16                    je       0xefec40c

----------------
IN: 
0x0efec3f6:  89 d8                    movl     %ebx, %eax
0x0efec3f8:  e8 a6 ff ff ff           calll    0xefec3a3

----------------
IN: 
0x0efec3a3:  8b 10                    movl     (%eax), %edx
0x0efec3a5:  85 d2                    testl    %edx, %edx
0x0efec3a7:  74 0e                    je       0xefec3b7

----------------
IN: 
0x0efec3a9:  8b 48 08                 movl     8(%eax), %ecx
0x0efec3ac:  39 4a 0c                 cmpl     %ecx, 0xc(%edx)
0x0efec3af:  75 06                    jne      0xefec3b7

----------------
IN: 
0x0efec3b1:  8b 48 0c                 movl     0xc(%eax), %ecx
0x0efec3b4:  89 4a 0c                 movl     %ecx, 0xc(%edx)
0x0efec3b7:  e9 c4 fc ff ff           jmp      0xefec080

----------------
IN: 
0x0efec3fd:  8d 43 ec                 leal     -0x14(%ebx), %eax
0x0efec400:  e8 9e ff ff ff           calll    0xefec3a3

----------------
IN: 
0x0efec405:  31 c0                    xorl     %eax, %eax
0x0efec407:  eb 03                    jmp      0xefec40c

----------------
IN: 
0x0efec40c:  5b                       popl     %ebx
0x0efec40d:  5e                       popl     %esi
0x0efec40e:  c3                       retl     

----------------
IN: 
0x0efee4ec:  85 c0                    testl    %eax, %eax
0x0efee4ee:  74 0f                    je       0xefee4ff

----------------
IN: 
0x0efee4ff:  c3                       retl     

----------------
IN: 
0x0eff04fe:  8b 5c 24 14              movl     0x14(%esp), %ebx
0x0eff0502:  83 eb 20                 subl     $0x20, %ebx
0x0eff0505:  e9 23 fe ff ff           jmp      0xeff032d

----------------
IN: 
0x0eff032d:  83 fb e0                 cmpl     $-0x20, %ebx
0x0eff0330:  0f 84 d4 01 00 00        je       0xeff050a

----------------
IN: 
0x0efec090:  c3                       retl     

----------------
IN: 
0x0eff050a:  83 c4 1c                 addl     $0x1c, %esp
0x0eff050d:  5b                       popl     %ebx
0x0eff050e:  5e                       popl     %esi
0x0eff050f:  5f                       popl     %edi
0x0eff0510:  5d                       popl     %ebp
0x0eff0511:  c3                       retl     

----------------
IN: 
0x0eff7ae6:  83 c6 0c                 addl     $0xc, %esi
0x0eff7ae9:  8d 43 24                 leal     0x24(%ebx), %eax
0x0eff7aec:  39 f0                    cmpl     %esi, %eax
0x0eff7aee:  75 ed                    jne      0xeff7add

----------------
IN: 
0x0eff7add:  89 f2                    movl     %esi, %edx
0x0eff7adf:  89 e8                    movl     %ebp, %eax
0x0eff7ae1:  e8 32 88 ff ff           calll    0xeff0318

----------------
IN: 
0x0efed564:  8a 40 18                 movb     0x18(%eax), %al
0x0efed567:  83 e0 7f                 andl     $0x7f, %eax
0x0efed56a:  bb 30 00 00 00           movl     $0x30, %ebx
0x0efed56f:  fe c8                    decb     %al
0x0efed571:  75 05                    jne      0xefed578

----------------
IN: 
0x0eff7af0:  ff 44 24 08              incl     8(%esp)
0x0eff7af4:  83 c3 28                 addl     $0x28, %ebx
0x0eff7af7:  eb d6                    jmp      0xeff7acf

----------------
IN: 
0x0eff7acf:  8b 44 24 08              movl     8(%esp), %eax
0x0eff7ad3:  3b 05 2c 56 0f 00        cmpl     0xf562c, %eax
0x0eff7ad9:  7f 1e                    jg       0xeff7af9

----------------
IN: 
0x0eff7af9:  a1 f8 fd ff 0e           movl     0xefffdf8, %eax
0x0eff7afe:  8d 58 fc                 leal     -4(%eax), %ebx
0x0eff7b01:  83 fb fc                 cmpl     $-4, %ebx
0x0eff7b04:  0f 84 84 00 00 00        je       0xeff7b8e

----------------
IN: 
0x0eff7b0a:  0f b7 43 12              movzwl   0x12(%ebx), %eax
0x0eff7b0e:  50                       pushl    %eax
0x0eff7b0f:  0f b7 43 10              movzwl   0x10(%ebx), %eax
0x0eff7b13:  50                       pushl    %eax
0x0eff7b14:  53                       pushl    %ebx
0x0eff7b15:  68 c7 2c 0f 00           pushl    $0xf2cc7
0x0eff7b1a:  e8 03 54 0f f1           calll    0xecf22

----------------
IN: 
0x0eff7b1f:  0f b7 33                 movzwl   (%ebx), %esi
0x0eff7b22:  ba 3d 00 00 00           movl     $0x3d, %edx
0x0eff7b27:  89 f0                    movl     %esi, %eax
0x0eff7b29:  e8 53 2a 0f f1           calll    0xea581

----------------
IN: 
0x0eff7b2e:  0f b6 d0                 movzbl   %al, %edx
0x0eff7b31:  83 c4 10                 addl     $0x10, %esp
0x0eff7b34:  85 d2                    testl    %edx, %edx
0x0eff7b36:  74 17                    je       0xeff7b4f

----------------
IN: 
0x0eff7b4f:  89 da                    movl     %ebx, %edx
0x0eff7b51:  b8 80 fa ff 0e           movl     $0xefffa80, %eax
0x0eff7b56:  e8 9c 59 ff ff           calll    0xefed4f7

----------------
IN: 
0x0eff7b5b:  b9 03 01 00 00           movl     $0x103, %ecx
0x0eff7b60:  ba 04 00 00 00           movl     $4, %edx
0x0eff7b65:  89 f0                    movl     %esi, %eax
0x0eff7b67:  e8 cc 58 ff ff           calll    0xefed438

----------------
IN: 
0x0efed438:  57                       pushl    %edi
0x0efed439:  56                       pushl    %esi
0x0efed43a:  53                       pushl    %ebx
0x0efed43b:  89 d6                    movl     %edx, %esi
0x0efed43d:  89 cf                    movl     %ecx, %edi
0x0efed43f:  0f b7 d8                 movzwl   %ax, %ebx
0x0efed442:  89 d8                    movl     %ebx, %eax
0x0efed444:  e8 fa d0 0f f1           calll    0xea543

----------------
IN: 
0x0efed449:  09 f8                    orl      %edi, %eax
0x0efed44b:  0f b7 c8                 movzwl   %ax, %ecx
0x0efed44e:  89 f2                    movl     %esi, %edx
0x0efed450:  89 d8                    movl     %ebx, %eax
0x0efed452:  5b                       popl     %ebx
0x0efed453:  5e                       popl     %esi
0x0efed454:  5f                       popl     %edi
0x0efed455:  e9 31 d0 0f f1           jmp      0xea48b

----------------
IN: 
0x000ea48b:  56                       pushl    %esi
0x000ea48c:  53                       pushl    %ebx
0x000ea48d:  89 d3                    movl     %edx, %ebx
0x000ea48f:  8b 35 f8 4d 0f 00        movl     0xf4df8, %esi
0x000ea495:  0f b7 c0                 movzwl   %ax, %eax
0x000ea498:  85 f6                    testl    %esi, %esi
0x000ea49a:  74 0c                    je       0xea4a8

----------------
IN: 
0x000ea4a8:  c1 e0 08                 shll     $8, %eax
0x000ea4ab:  81 e2 fc 00 00 00        andl     $0xfc, %edx
0x000ea4b1:  09 d0                    orl      %edx, %eax
0x000ea4b3:  0d 00 00 00 80           orl      $0x80000000, %eax
0x000ea4b8:  ba f8 0c 00 00           movl     $0xcf8, %edx
0x000ea4bd:  ef                       outl     %eax, %dx

----------------
IN: 
0x000ea4be:  83 e3 02                 andl     $2, %ebx
0x000ea4c1:  8d 93 fc 0c 00 00        leal     0xcfc(%ebx), %edx
0x000ea4c7:  89 c8                    movl     %ecx, %eax
0x000ea4c9:  66 ef                    outw     %ax, %dx

----------------
IN: 
0x000ea4cb:  5b                       popl     %ebx
0x000ea4cc:  5e                       popl     %esi
0x000ea4cd:  c3                       retl     

----------------
IN: 
0x0eff7b6c:  f6 43 18 01              testb    $1, 0x18(%ebx)
0x0eff7b70:  74 11                    je       0xeff7b83

----------------
IN: 
0x0eff7b83:  8b 5b 04                 movl     4(%ebx), %ebx
0x0eff7b86:  83 eb 04                 subl     $4, %ebx
0x0eff7b89:  e9 73 ff ff ff           jmp      0xeff7b01

----------------
IN: 
0x0eff7b01:  83 fb fc                 cmpl     $-4, %ebx
0x0eff7b04:  0f 84 84 00 00 00        je       0xeff7b8e

----------------
IN: 
0x0eff0512:  57                       pushl    %edi
0x0eff0513:  56                       pushl    %esi
0x0eff0514:  53                       pushl    %ebx
0x0eff0515:  52                       pushl    %edx
0x0eff0516:  89 c6                    movl     %eax, %esi
0x0eff0518:  66 c7 44 24 02 00 00     movw     $0, 2(%esp)
0x0eff051f:  bb 60 00 00 00           movl     $0x60, %ebx
0x0eff0524:  0f b6 83 38 fb ff 0e     movzbl   0xefffb38(%ebx), %eax
0x0eff052b:  89 c1                    movl     %eax, %ecx
0x0eff052d:  89 c2                    movl     %eax, %edx
0x0eff052f:  c1 fa 03                 sarl     $3, %edx
0x0eff0532:  83 e1 07                 andl     $7, %ecx
0x0eff0535:  bf 01 00 00 00           movl     $1, %edi
0x0eff053a:  d3 e7                    shll     %cl, %edi
0x0eff053c:  89 f9                    movl     %edi, %ecx
0x0eff053e:  08 4c 14 02              orb      %cl, 2(%esp, %edx)
0x0eff0542:  0f b7 3e                 movzwl   (%esi), %edi
0x0eff0545:  89 c1                    movl     %eax, %ecx
0x0eff0547:  89 da                    movl     %ebx, %edx
0x0eff0549:  89 f8                    movl     %edi, %eax
0x0eff054b:  e8 7e 9f 0f f1           calll    0xea4ce

----------------
IN: 
0x000ea4ce:  56                       pushl    %esi
0x000ea4cf:  53                       pushl    %ebx
0x000ea4d0:  89 d3                    movl     %edx, %ebx
0x000ea4d2:  8b 35 f8 4d 0f 00        movl     0xf4df8, %esi
0x000ea4d8:  0f b7 c0                 movzwl   %ax, %eax
0x000ea4db:  85 f6                    testl    %esi, %esi
0x000ea4dd:  74 0b                    je       0xea4ea

----------------
IN: 
0x000ea4ea:  c1 e0 08                 shll     $8, %eax
0x000ea4ed:  81 e2 fc 00 00 00        andl     $0xfc, %edx
0x000ea4f3:  09 d0                    orl      %edx, %eax
0x000ea4f5:  0d 00 00 00 80           orl      $0x80000000, %eax
0x000ea4fa:  ba f8 0c 00 00           movl     $0xcf8, %edx
0x000ea4ff:  ef                       outl     %eax, %dx

----------------
IN: 
0x000ea500:  83 e3 03                 andl     $3, %ebx
0x000ea503:  8d 93 fc 0c 00 00        leal     0xcfc(%ebx), %edx
0x000ea509:  88 c8                    movb     %cl, %al
0x000ea50b:  ee                       outb     %al, %dx

----------------
IN: 
0x000ea50c:  5b                       popl     %ebx
0x000ea50d:  5e                       popl     %esi
0x000ea50e:  c3                       retl     

----------------
IN: 
0x0eff0550:  43                       incl     %ebx
0x0eff0551:  83 fb 64                 cmpl     $0x64, %ebx
0x0eff0554:  75 ce                    jne      0xeff0524

----------------
IN: 
0x0eff0524:  0f b6 83 38 fb ff 0e     movzbl   0xefffb38(%ebx), %eax
0x0eff052b:  89 c1                    movl     %eax, %ecx
0x0eff052d:  89 c2                    movl     %eax, %edx
0x0eff052f:  c1 fa 03                 sarl     $3, %edx
0x0eff0532:  83 e1 07                 andl     $7, %ecx
0x0eff0535:  bf 01 00 00 00           movl     $1, %edi
0x0eff053a:  d3 e7                    shll     %cl, %edi
0x0eff053c:  89 f9                    movl     %edi, %ecx
0x0eff053e:  08 4c 14 02              orb      %cl, 2(%esp, %edx)
0x0eff0542:  0f b7 3e                 movzwl   (%esi), %edi
0x0eff0545:  89 c1                    movl     %eax, %ecx
0x0eff0547:  89 da                    movl     %ebx, %edx
0x0eff0549:  89 f8                    movl     %edi, %eax
0x0eff054b:  e8 7e 9f 0f f1           calll    0xea4ce

----------------
IN: 
0x0eff0556:  0f b6 4c 24 02           movzbl   2(%esp), %ecx
0x0eff055b:  ba d0 04 00 00           movl     $0x4d0, %edx
0x0eff0560:  88 c8                    movb     %cl, %al
0x0eff0562:  ee                       outb     %al, %dx

----------------
IN: 
0x0eff0563:  0f b6 44 24 03           movzbl   3(%esp), %eax
0x0eff0568:  ba d1 04 00 00           movl     $0x4d1, %edx
0x0eff056d:  ee                       outb     %al, %dx

----------------
IN: 
0x0eff056e:  50                       pushl    %eax
0x0eff056f:  51                       pushl    %ecx
0x0eff0570:  68 f5 14 0f 00           pushl    $0xf14f5
0x0eff0575:  e8 a8 c9 0f f1           calll    0xecf22

----------------
IN: 
0x0eff057a:  83 c4 10                 addl     $0x10, %esp
0x0eff057d:  5b                       popl     %ebx
0x0eff057e:  5e                       popl     %esi
0x0eff057f:  5f                       popl     %edi
0x0eff0580:  c3                       retl     

----------------
IN: 
0x0efec842:  53                       pushl    %ebx
0x0efec843:  0f b7 18                 movzwl   (%eax), %ebx
0x0efec846:  b9 00 80 00 00           movl     $0x8000, %ecx
0x0efec84b:  ba 40 00 00 00           movl     $0x40, %edx
0x0efec850:  89 d8                    movl     %ebx, %eax
0x0efec852:  e8 34 dc 0f f1           calll    0xea48b

----------------
IN: 
0x0efec857:  ba 42 00 00 00           movl     $0x42, %edx
0x0efec85c:  89 d8                    movl     %ebx, %eax
0x0efec85e:  5b                       popl     %ebx
0x0efec85f:  e9 27 dc 0f f1           jmp      0xea48b

----------------
IN: 
0x0eff7b38:  89 d8                    movl     %ebx, %eax
0x0eff7b3a:  ff 15 c0 fd ff 0e        calll    *0xefffdc0

----------------
IN: 
0x0efec7d8:  53                       pushl    %ebx
0x0efec7d9:  89 d3                    movl     %edx, %ebx
0x0efec7db:  31 d2                    xorl     %edx, %edx
0x0efec7dd:  8b 48 0c                 movl     0xc(%eax), %ecx
0x0efec7e0:  8b 00                    movl     (%eax), %eax
0x0efec7e2:  c0 e8 03                 shrb     $3, %al
0x0efec7e5:  0f b6 c0                 movzbl   %al, %eax
0x0efec7e8:  85 c9                    testl    %ecx, %ecx
0x0efec7ea:  74 06                    je       0xefec7f2

----------------
IN: 
0x0efec7f2:  8d 44 02 ff              leal     -1(%edx, %eax), %eax
0x0efec7f6:  8d 44 18 ff              leal     -1(%eax, %ebx), %eax
0x0efec7fa:  83 e0 03                 andl     $3, %eax
0x0efec7fd:  0f b6 80 98 fb ff 0e     movzbl   0xefffb98(%eax), %eax
0x0efec804:  5b                       popl     %ebx
0x0efec805:  c3                       retl     

----------------
IN: 
0x0eff7b40:  0f b6 c8                 movzbl   %al, %ecx
0x0eff7b43:  ba 3c 00 00 00           movl     $0x3c, %edx
0x0eff7b48:  89 f0                    movl     %esi, %eax
0x0eff7b4a:  e8 7f 29 0f f1           calll    0xea4ce

----------------
IN: 
0x0efefcd3:  0f b7 00                 movzwl   (%eax), %eax
0x0efefcd6:  a3 30 4a 0f 00           movl     %eax, 0xf4a30
0x0efefcdb:  e8 41 aa 0f f1           calll    0xea721

----------------
IN: 
0x000ea721:  56                       pushl    %esi
0x000ea722:  53                       pushl    %ebx
0x000ea723:  0f b7 f0                 movzwl   %ax, %esi
0x000ea726:  b9 09 00 00 00           movl     $9, %ecx
0x000ea72b:  ba 3c 00 00 00           movl     $0x3c, %edx
0x000ea730:  89 f0                    movl     %esi, %eax
0x000ea732:  e8 97 fd ff ff           calll    0xea4ce

----------------
IN: 
0x000ea737:  66 8b 1d 3c 4a 0f 00     movw     0xf4a3c, %bx
0x000ea73e:  89 d9                    movl     %ebx, %ecx
0x000ea740:  83 c9 01                 orl      $1, %ecx
0x000ea743:  0f b7 c9                 movzwl   %cx, %ecx
0x000ea746:  ba 40 00 00 00           movl     $0x40, %edx
0x000ea74b:  89 f0                    movl     %esi, %eax
0x000ea74d:  e8 00 fd ff ff           calll    0xea452

----------------
IN: 
0x000ea752:  b9 01 00 00 00           movl     $1, %ecx
0x000ea757:  ba 80 00 00 00           movl     $0x80, %edx
0x000ea75c:  89 f0                    movl     %esi, %eax
0x000ea75e:  e8 6b fd ff ff           calll    0xea4ce

----------------
IN: 
0x000ea763:  0f b7 cb                 movzwl   %bx, %ecx
0x000ea766:  81 c1 00 01 00 00        addl     $0x100, %ecx
0x000ea76c:  83 c9 01                 orl      $1, %ecx
0x000ea76f:  ba 90 00 00 00           movl     $0x90, %edx
0x000ea774:  89 f0                    movl     %esi, %eax
0x000ea776:  e8 d7 fc ff ff           calll    0xea452

----------------
IN: 
0x000ea77b:  b9 09 00 00 00           movl     $9, %ecx
0x000ea780:  ba d2 00 00 00           movl     $0xd2, %edx
0x000ea785:  89 f0                    movl     %esi, %eax
0x000ea787:  5b                       popl     %ebx
0x000ea788:  5e                       popl     %esi
0x000ea789:  e9 40 fd ff ff           jmp      0xea4ce

----------------
IN: 
0x0efefce0:  0f b7 15 3c 4a 0f 00     movzwl   0xf4a3c, %edx
0x0efefce7:  89 d0                    movl     %edx, %eax
0x0efefce9:  83 c2 04                 addl     $4, %edx
0x0efefcec:  89 15 24 56 0f 00        movl     %edx, 0xf5624
0x0efefcf2:  83 c0 08                 addl     $8, %eax
0x0efefcf5:  0f b7 c0                 movzwl   %ax, %eax
0x0efefcf8:  e9 a5 ff ff ff           jmp      0xefefca2

----------------
IN: 
0x0efefca2:  66 83 3d d8 60 0f 00 40  cmpw     $0x40, 0xf60d8
0x0efefcaa:  75 26                    jne      0xefefcd2

----------------
IN: 
0x0efefcac:  53                       pushl    %ebx
0x0efefcad:  89 c3                    movl     %eax, %ebx
0x0efefcaf:  0f b7 c0                 movzwl   %ax, %eax
0x0efefcb2:  50                       pushl    %eax
0x0efefcb3:  68 36 10 0f 00           pushl    $0xf1036
0x0efefcb8:  e8 65 d2 0f f1           calll    0xecf22

----------------
IN: 
0x0efefcbd:  66 89 1d d8 60 0f 00     movw     %bx, 0xf60d8
0x0efefcc4:  c7 05 dc 60 0f 00 fc 0d  movl     $0xdfc, 0xf60dc
0x0efefccc:  00 00
0x0efefcce:  58                       popl     %eax
0x0efefccf:  5a                       popl     %edx
0x0efefcd0:  5b                       popl     %ebx
0x0efefcd1:  c3                       retl     

----------------
IN: 
0x0eff7b8e:  89 e8                    movl     %ebp, %eax
0x0eff7b90:  e8 4e 69 ff ff           calll    0xefee4e3

----------------
IN: 
0x0eff7b95:  a1 f8 fd ff 0e           movl     0xefffdf8, %eax
0x0eff7b9a:  8d 58 fc                 leal     -4(%eax), %ebx
0x0eff7b9d:  83 fb fc                 cmpl     $-4, %ebx
0x0eff7ba0:  74 22                    je       0xeff7bc4

----------------
IN: 
0x0eff7ba2:  89 d8                    movl     %ebx, %eax
0x0eff7ba4:  e8 65 49 ff ff           calll    0xefec50e

----------------
IN: 
0x0efec50e:  66 81 78 14 00 03        cmpw     $0x300, 0x14(%eax)
0x0efec514:  75 39                    jne      0xefec54f

----------------
IN: 
0x0efec54f:  31 c0                    xorl     %eax, %eax
0x0efec551:  c3                       retl     

----------------
IN: 
0x0eff7ba9:  85 c0                    testl    %eax, %eax
0x0eff7bab:  74 0f                    je       0xeff7bbc

----------------
IN: 
0x0eff7bbc:  8b 5b 04                 movl     4(%ebx), %ebx
0x0eff7bbf:  83 eb 04                 subl     $4, %ebx
0x0eff7bc2:  eb d9                    jmp      0xeff7b9d

----------------
IN: 
0x0eff7b9d:  83 fb fc                 cmpl     $-4, %ebx
0x0eff7ba0:  74 22                    je       0xeff7bc4

----------------
IN: 
0x0efec516:  53                       pushl    %ebx
0x0efec517:  89 c3                    movl     %eax, %ebx
0x0efec519:  0f b7 00                 movzwl   (%eax), %eax
0x0efec51c:  ba 04 00 00 00           movl     $4, %edx
0x0efec521:  e8 1d e0 0f f1           calll    0xea543

----------------
IN: 
0x0efec526:  f7 d0                    notl     %eax
0x0efec528:  a8 03                    testb    $3, %al
0x0efec52a:  74 15                    je       0xefec541

----------------
IN: 
0x0efec541:  8b 5b 0c                 movl     0xc(%ebx), %ebx
0x0efec544:  85 db                    testl    %ebx, %ebx
0x0efec546:  75 e8                    jne      0xefec530

----------------
IN: 
0x0efec548:  b8 01 00 00 00           movl     $1, %eax
0x0efec54d:  5b                       popl     %ebx
0x0efec54e:  c3                       retl     

----------------
IN: 
0x0eff7bad:  53                       pushl    %ebx
0x0eff7bae:  68 e7 2c 0f 00           pushl    $0xf2ce7
0x0eff7bb3:  e8 6a 53 0f f1           calll    0xecf22

----------------
IN: 
0x0eff7bb8:  5b                       popl     %ebx
0x0eff7bb9:  5e                       popl     %esi
0x0eff7bba:  eb 7b                    jmp      0xeff7c37

----------------
IN: 
0x0eff7c37:  ba 13 71 00 00           movl     $0x7113, %edx
0x0eff7c3c:  b8 86 80 00 00           movl     $0x8086, %eax
0x0eff7c41:  e8 93 4a ff ff           calll    0xefec6d9

----------------
IN: 
0x0efec6d9:  89 c1                    movl     %eax, %ecx
0x0efec6db:  a1 f8 fd ff 0e           movl     0xefffdf8, %eax
0x0efec6e0:  83 e8 04                 subl     $4, %eax
0x0efec6e3:  83 f8 fc                 cmpl     $-4, %eax
0x0efec6e6:  74 11                    je       0xefec6f9

----------------
IN: 
0x0efec6e8:  66 39 48 10              cmpw     %cx, 0x10(%eax)
0x0efec6ec:  75 06                    jne      0xefec6f4

----------------
IN: 
0x0efec6ee:  66 39 50 12              cmpw     %dx, 0x12(%eax)
0x0efec6f2:  74 07                    je       0xefec6fb

----------------
IN: 
0x0efec6f4:  8b 40 04                 movl     4(%eax), %eax
0x0efec6f7:  eb e7                    jmp      0xefec6e0

----------------
IN: 
0x0efec6e0:  83 e8 04                 subl     $4, %eax
0x0efec6e3:  83 f8 fc                 cmpl     $-4, %eax
0x0efec6e6:  74 11                    je       0xefec6f9

----------------
IN: 
0x0efec6fb:  c3                       retl     

----------------
IN: 
0x0eff7c46:  89 c3                    movl     %eax, %ebx
0x0eff7c48:  ba 37 12 00 00           movl     $0x1237, %edx
0x0eff7c4d:  b8 86 80 00 00           movl     $0x8086, %eax
0x0eff7c52:  e8 82 4a ff ff           calll    0xefec6d9

----------------
IN: 
0x0eff7c57:  85 db                    testl    %ebx, %ebx
0x0eff7c59:  74 04                    je       0xeff7c5f

----------------
IN: 
0x0eff7c5b:  85 c0                    testl    %eax, %eax
0x0eff7c5d:  75 28                    jne      0xeff7c87

----------------
IN: 
0x0eff7c87:  0f b7 13                 movzwl   (%ebx), %edx
0x0eff7c8a:  89 15 24 4a 0f 00        movl     %edx, 0xf4a24
0x0eff7c90:  0f b7 00                 movzwl   (%eax), %eax
0x0eff7c93:  a3 20 4a 0f 00           movl     %eax, 0xf4a20
0x0eff7c98:  e8 e7 42 0f f1           calll    0xebf84

----------------
IN: 
0x000ebf84:  55                       pushl    %ebp
0x000ebf85:  57                       pushl    %edi
0x000ebf86:  56                       pushl    %esi
0x000ebf87:  53                       pushl    %ebx
0x000ebf88:  8b 35 24 4a 0f 00        movl     0xf4a24, %esi
0x000ebf8e:  85 f6                    testl    %esi, %esi
0x000ebf90:  0f 88 e7 00 00 00        js       0xec07d

----------------
IN: 
0x000ebf96:  0f b7 f6                 movzwl   %si, %esi
0x000ebf99:  ba 02 00 00 00           movl     $2, %edx
0x000ebf9e:  89 f0                    movl     %esi, %eax
0x000ebfa0:  e8 9e e5 ff ff           calll    0xea543

----------------
IN: 
0x000ebfa5:  8b 1d 20 4a 0f 00        movl     0xf4a20, %ebx
0x000ebfab:  66 3d 13 71              cmpw     $0x7113, %ax
0x000ebfaf:  75 62                    jne      0xec013

----------------
IN: 
0x000ebfb1:  ba 58 00 00 00           movl     $0x58, %edx
0x000ebfb6:  89 f0                    movl     %esi, %eax
0x000ebfb8:  e8 52 e5 ff ff           calll    0xea50f

----------------
IN: 
0x000ebfbd:  89 c7                    movl     %eax, %edi
0x000ebfbf:  0f ba e0 19              btl      $0x19, %eax
0x000ebfc3:  0f 82 b4 00 00 00        jb       0xec07d

----------------
IN: 
0x000ebfc9:  b9 4a 00 00 00           movl     $0x4a, %ecx
0x000ebfce:  ba 72 00 00 00           movl     $0x72, %edx
0x000ebfd3:  0f b7 c3                 movzwl   %bx, %eax
0x000ebfd6:  e8 f3 e4 ff ff           calll    0xea4ce

----------------
IN: 
0x000ebfdb:  e8 54 ff ff ff           calll    0xebf34

----------------
IN: 
0x000ebf34:  57                       pushl    %edi
0x000ebf35:  56                       pushl    %esi
0x000ebf36:  b8 00 fe 0a 00           movl     $0xafe00, %eax
0x000ebf3b:  be 00 fe 03 00           movl     $0x3fe00, %esi
0x000ebf40:  b9 80 00 00 00           movl     $0x80, %ecx
0x000ebf45:  89 c7                    movl     %eax, %edi
0x000ebf47:  f3 a5                    rep movsl (%esi), %es:(%edi)

----------------
IN: 
0x000ebf49:  b8 00 80 0a 00           movl     $0xa8000, %eax
0x000ebf4e:  ba 00 80 03 00           movl     $0x38000, %edx
0x000ebf53:  8b 0a                    movl     (%edx), %ecx
0x000ebf55:  89 08                    movl     %ecx, (%eax)
0x000ebf57:  8b 52 04                 movl     4(%edx), %edx
0x000ebf5a:  89 50 04                 movl     %edx, 4(%eax)
0x000ebf5d:  b8 6e d0 00 00           movl     $0xd06e, %eax
0x000ebf62:  31 d2                    xorl     %edx, %edx
0x000ebf64:  0f a4 c2 18              shldl    $0x18, %eax, %edx
0x000ebf68:  c1 e0 18                 shll     $0x18, %eax
0x000ebf6b:  0d 8c c8 ea 00           orl      $0xeac88c, %eax
0x000ebf70:  81 ca 00 00 f0 00        orl      $0xf00000, %edx
0x000ebf76:  a3 00 80 03 00           movl     %eax, 0x38000
0x000ebf7b:  89 15 04 80 03 00        movl     %edx, 0x38004
0x000ebf81:  5e                       popl     %esi
0x000ebf82:  5f                       popl     %edi
0x000ebf83:  c3                       retl     

----------------
IN: 
0x000ebfe0:  81 cf 00 00 00 02        orl      $0x2000000, %edi
0x000ebfe6:  89 f9                    movl     %edi, %ecx
0x000ebfe8:  ba 58 00 00 00           movl     $0x58, %edx
0x000ebfed:  89 f0                    movl     %esi, %eax
0x000ebfef:  e8 5e e4 ff ff           calll    0xea452

----------------
IN: 
0x000ebff4:  66 a1 3c 4a 0f 00        movw     0xf4a3c, %ax
0x000ebffa:  8d 50 28                 leal     0x28(%eax), %edx
0x000ebffd:  ed                       inl      %dx, %eax

----------------
IN: 
0x000ebffe:  83 c8 01                 orl      $1, %eax

----------------
IN: 
0x000ec001:  ef                       outl     %eax, %dx

----------------
IN: 
0x000ec002:  e8 cd fe ff ff           calll    0xebed4

----------------
IN: 
0x000ebed4:  57                       pushl    %edi
0x000ebed5:  56                       pushl    %esi
0x000ebed6:  b0 01                    movb     $1, %al
0x000ebed8:  e6 b3                    outb     %al, $0xb3

----------------
IN: 
0x000ebeda:  31 c0                    xorl     %eax, %eax
0x000ebedc:  e6 b2                    outb     %al, $0xb2

SMM: enter
EAX=00000000 EBX=00000000 ECX=02000000 EDX=02000628
ESI=0000000b EDI=02000000 EBP=0efeb0e0 ESP=00006d5c
EIP=000ebede EFL=00000046 [---Z-P-] CPL=0 II=0 A20=1 SMM=0 HLT=0
ES =0010 00000000 ffffffff 00cf9300 DPL=0 DS   [-WA]
CS =0008 00000000 ffffffff 00cf9b00 DPL=0 CS32 [-RA]
SS =0010 00000000 ffffffff 00cf9300 DPL=0 DS   [-WA]
DS =0010 00000000 ffffffff 00cf9300 DPL=0 DS   [-WA]
FS =0010 00000000 ffffffff 00cf9300 DPL=0 DS   [-WA]
GS =0010 00000000 ffffffff 00cf9300 DPL=0 DS   [-WA]
LDT=0000 00000000 0000ffff 00008200 DPL=0 LDT
TR =0000 00000000 0000ffff 00008b00 DPL=0 TSS32-busy
GDT=     000f6220 00000037
IDT=     000f625e 00000000
CR0=00000011 CR2=00000000 CR3=00000000 CR4=00000000
DR0=0000000000000000 DR1=0000000000000000 DR2=0000000000000000 DR3=0000000000000000 
DR6=00000000ffff0ff0 DR7=0000000000000400
CCS=00000044 CCD=ffffffff CCO=EFLAGS
EFER=0000000000000000
----------------
IN: 
0x00038000:  8c c8                    movw     %cs, %ax
0x00038002:  ea 6e d0 00 f0           ljmpw    $0xf000:$0xd06e

----------------
IN: 
0x000fd06e:  66 ba 77 d0 0f 00        movl     $0xfd077, %edx
0x000fd074:  e9 d1 fe                 jmp      0xfcf48

----------------
IN: 
0x000fcf48:  2e 0f 01 1e 58 62        lidtw    %cs:0x6258
0x000fcf4e:  2e 0f 01 16 18 62        lgdtw    %cs:0x6218
0x000fcf54:  0f 20 c1                 movl     %cr0, %ecx
0x000fcf57:  66 81 e1 ff ff ff 1f     andl     $0x1fffffff, %ecx
0x000fcf5e:  66 83 c9 01              orl      $1, %ecx
0x000fcf62:  0f 22 c1                 movl     %ecx, %cr0

----------------
IN: 
0x000fcf65:  66 ea 6d cf 0f 00 08 00  ljmpl    $0x8:$0xfcf6d

----------------
IN: 
0x000fcf6d:  b9 10 00 00 00           movl     $0x10, %ecx
0x000fcf72:  8e d9                    movl     %ecx, %ds

----------------
IN: 
0x000fcf74:  8e c1                    movl     %ecx, %es

----------------
IN: 
0x000fcf76:  8e d1                    movl     %ecx, %ss

----------------
IN: 
0x000fcf78:  8e e1                    movl     %ecx, %fs

----------------
IN: 
0x000fcf7a:  8e e9                    movl     %ecx, %gs
0x000fcf7c:  ff e2                    jmpl     *%edx

----------------
IN: 
0x000fd077:  bc 00 80 0a 00           movl     $0xa8000, %esp
0x000fd07c:  e8 43 3b ff ff           calll    0xf0bc4

----------------
IN: 
0x000f0bc4:  55                       pushl    %ebp
0x000f0bc5:  89 e5                    movl     %esp, %ebp
0x000f0bc7:  57                       pushl    %edi
0x000f0bc8:  56                       pushl    %esi
0x000f0bc9:  53                       pushl    %ebx
0x000f0bca:  83 e4 f8                 andl     $0xfffffff8, %esp
0x000f0bcd:  83 ec 48                 subl     $0x48, %esp
0x000f0bd0:  0f b7 d0                 movzwl   %ax, %edx
0x000f0bd3:  e4 b2                    inb      $0xb2, %al

----------------
IN: 
0x000f0bd5:  c1 e2 04                 shll     $4, %edx
0x000f0bd8:  89 d3                    movl     %edx, %ebx
0x000f0bda:  8b 92 fc fe 00 00        movl     0xfefc(%edx), %edx
0x000f0be0:  81 e2 ff ff 02 00        andl     $0x2ffff, %edx
0x000f0be6:  81 fb 00 00 03 00        cmpl     $0x30000, %ebx
0x000f0bec:  75 77                    jne      0xf0c65

----------------
IN: 
0x000f0bee:  81 fa 00 00 02 00        cmpl     $0x20000, %edx
0x000f0bf4:  75 0c                    jne      0xf0c02

----------------
IN: 
0x000f0c02:  81 fa 64 00 02 00        cmpl     $0x20064, %edx
0x000f0c08:  75 0c                    jne      0xf0c16

----------------
IN: 
0x000f0c0a:  c7 05 00 ff 03 00 00 00  movl     $0xa0000, 0x3ff00
0x000f0c12:  0a 00
0x000f0c14:  eb 16                    jmp      0xf0c2c

----------------
IN: 
0x000f0c2c:  31 c0                    xorl     %eax, %eax
0x000f0c2e:  e6 b3                    outb     %al, $0xb3

----------------
IN: 
0x000f0c30:  b8 00 00 0a 00           movl     $0xa0000, %eax
0x000f0c35:  be 00 fe 03 00           movl     $0x3fe00, %esi
0x000f0c3a:  b9 80 00 00 00           movl     $0x80, %ecx
0x000f0c3f:  89 c7                    movl     %eax, %edi
0x000f0c41:  f3 a5                    rep movsl (%esi), %es:(%edi)

----------------
IN: 
0x000f0c43:  b8 00 02 0a 00           movl     $0xa0200, %eax
0x000f0c48:  be 00 fe 03 00           movl     $0x3fe00, %esi
0x000f0c4d:  b9 80 00 00 00           movl     $0x80, %ecx
0x000f0c52:  89 c7                    movl     %eax, %edi
0x000f0c54:  f3 a5                    rep movsl (%esi), %es:(%edi)

----------------
IN: 
0x000f0c56:  c7 05 14 62 0f 00 01 00  movl     $1, 0xf6214
0x000f0c5e:  00 00
0x000f0c60:  e9 ab 01 00 00           jmp      0xf0e10

----------------
IN: 
0x000f0e10:  8d 65 f4                 leal     -0xc(%ebp), %esp
0x000f0e13:  5b                       popl     %ebx
0x000f0e14:  5e                       popl     %esi
0x000f0e15:  5f                       popl     %edi
0x000f0e16:  5d                       popl     %ebp
0x000f0e17:  c3                       retl     

----------------
IN: 
0x000fd081:  0f aa                    rsm      

SMM: after RSM
EAX=00000000 EBX=00000000 ECX=02000000 EDX=02000628
ESI=0000000b EDI=02000000 EBP=0efeb0e0 ESP=00006d5c
EIP=000ebede EFL=00000046 [---Z-P-] CPL=0 II=0 A20=1 SMM=0 HLT=0
ES =0010 00000000 ffffffff 00c09300 DPL=0 DS   [-WA]
CS =0008 00000000 ffffffff 00c09b00 DPL=0 CS32 [-RA]
SS =0010 00000000 ffffffff 00c09300 DPL=0 DS   [-WA]
DS =0010 00000000 ffffffff 00c09300 DPL=0 DS   [-WA]
FS =0010 00000000 ffffffff 00c09300 DPL=0 DS   [-WA]
GS =0010 00000000 ffffffff 00c09300 DPL=0 DS   [-WA]
LDT=0000 00000000 0000ffff 00008200 DPL=0 LDT
TR =0000 00000000 0000ffff 00008b00 DPL=0 TSS32-busy
GDT=     000f6220 00000037
IDT=     000f625e 00000000
CR0=00000011 CR2=00000000 CR3=00000000 CR4=00000000
DR0=0000000000000000 DR1=0000000000000000 DR2=0000000000000000 DR3=0000000000000000 
DR6=00000000ffff0ff0 DR7=0000000000000400
CCS=00000044 CCD=00000000 CCO=EFLAGS
EFER=0000000000000000
----------------
IN: 
0x000ebede:  e4 b3                    inb      $0xb3, %al

----------------
IN: 
0x000ebee0:  84 c0                    testb    %al, %al
0x000ebee2:  75 fa                    jne      0xebede

----------------
IN: 
0x000ebee4:  b8 00 fe 03 00           movl     $0x3fe00, %eax
0x000ebee9:  be 00 fe 0a 00           movl     $0xafe00, %esi
0x000ebeee:  b9 80 00 00 00           movl     $0x80, %ecx
0x000ebef3:  89 c7                    movl     %eax, %edi
0x000ebef5:  f3 a5                    rep movsl (%esi), %es:(%edi)

----------------
IN: 
0x000ebef7:  b8 00 80 03 00           movl     $0x38000, %eax
0x000ebefc:  ba 00 80 0a 00           movl     $0xa8000, %edx
0x000ebf01:  8b 0a                    movl     (%edx), %ecx
0x000ebf03:  89 08                    movl     %ecx, (%eax)
0x000ebf05:  8b 52 04                 movl     4(%edx), %edx
0x000ebf08:  89 50 04                 movl     %edx, 4(%eax)
0x000ebf0b:  b8 6e d0 00 00           movl     $0xd06e, %eax
0x000ebf10:  31 d2                    xorl     %edx, %edx
0x000ebf12:  0f a4 c2 18              shldl    $0x18, %eax, %edx
0x000ebf16:  c1 e0 18                 shll     $0x18, %eax
0x000ebf19:  0d 8c c8 ea 00           orl      $0xeac88c, %eax
0x000ebf1e:  81 ca 00 00 f0 00        orl      $0xf00000, %edx
0x000ebf24:  a3 00 80 0a 00           movl     %eax, 0xa8000
0x000ebf29:  89 15 04 80 0a 00        movl     %edx, 0xa8004
0x000ebf2f:  0f 09                    wbinvd   
0x000ebf31:  5e                       popl     %esi
0x000ebf32:  5f                       popl     %edi
0x000ebf33:  c3                       retl     

----------------
IN: 
0x000ec007:  b9 0a 00 00 00           movl     $0xa, %ecx
0x000ec00c:  ba 72 00 00 00           movl     $0x72, %edx
0x000ec011:  eb 5e                    jmp      0xec071

----------------
IN: 
0x000ec071:  0f b7 c3                 movzwl   %bx, %eax
0x000ec074:  5b                       popl     %ebx
0x000ec075:  5e                       popl     %esi
0x000ec076:  5f                       popl     %edi
0x000ec077:  5d                       popl     %ebp
0x000ec078:  e9 51 e4 ff ff           jmp      0xea4ce

----------------
IN: 
0x0eff7c9d:  8d 54 24 44              leal     0x44(%esp), %edx
0x0eff7ca1:  8d 44 24 5c              leal     0x5c(%esp), %eax
0x0eff7ca5:  50                       pushl    %eax
0x0eff7ca6:  8d 44 24 50              leal     0x50(%esp), %eax
0x0eff7caa:  50                       pushl    %eax
0x0eff7cab:  8d 4c 24 50              leal     0x50(%esp), %ecx
0x0eff7caf:  b8 01 00 00 00           movl     $1, %eax
0x0eff7cb4:  e8 37 29 0f f1           calll    0xea5f0

----------------
IN: 
0x0eff7cb9:  5d                       popl     %ebp
0x0eff7cba:  58                       popl     %eax
0x0eff7cbb:  8b 44 24 5c              movl     0x5c(%esp), %eax
0x0eff7cbf:  f7 d0                    notl     %eax
0x0eff7cc1:  a9 20 10 00 00           testl    $0x1020, %eax
0x0eff7cc6:  0f 85 ce 01 00 00        jne      0xeff7e9a

----------------
IN: 
0x0eff7ccc:  b9 fe 00 00 00           movl     $0xfe, %ecx
0x0eff7cd1:  0f 32                    rdmsr    
0x0eff7cd3:  0f b6 f0                 movzbl   %al, %esi
0x0eff7cd6:  0f ba e0 08              btl      $8, %eax
0x0eff7cda:  0f 83 ba 01 00 00        jae      0xeff7e9a

----------------
IN: 
0x0eff7ce0:  85 f6                    testl    %esi, %esi
0x0eff7ce2:  0f 84 b2 01 00 00        je       0xeff7e9a

----------------
IN: 
0x0eff7ce8:  31 d2                    xorl     %edx, %edx
0x0eff7cea:  31 c9                    xorl     %ecx, %ecx
0x0eff7cec:  b8 ff 02 00 00           movl     $0x2ff, %eax
0x0eff7cf1:  e8 fa 68 ff ff           calll    0xefee5f0

----------------
IN: 
0x0efee5f0:  56                       pushl    %esi
0x0efee5f1:  53                       pushl    %ebx
0x0efee5f2:  89 c3                    movl     %eax, %ebx
0x0efee5f4:  89 d0                    movl     %edx, %eax
0x0efee5f6:  89 ca                    movl     %ecx, %edx
0x0efee5f8:  89 d9                    movl     %ebx, %ecx
0x0efee5fa:  0f 30                    wrmsr    

----------------
IN: 
0x0efee5fc:  8b 0d 68 4b 0f 00        movl     0xf4b68, %ecx
0x0efee602:  83 f9 1f                 cmpl     $0x1f, %ecx
0x0efee605:  76 11                    jbe      0xefee618

----------------
IN: 
0x0efee618:  6b f1 0c                 imull    $0xc, %ecx, %esi
0x0efee61b:  89 9e 80 4b 0f 00        movl     %ebx, 0xf4b80(%esi)
0x0efee621:  89 86 84 4b 0f 00        movl     %eax, 0xf4b84(%esi)
0x0efee627:  89 96 88 4b 0f 00        movl     %edx, 0xf4b88(%esi)
0x0efee62d:  41                       incl     %ecx
0x0efee62e:  89 0d 68 4b 0f 00        movl     %ecx, 0xf4b68
0x0efee634:  5b                       popl     %ebx
0x0efee635:  5e                       popl     %esi
0x0efee636:  c3                       retl     

----------------
IN: 
0x0eff7cf6:  31 ff                    xorl     %edi, %edi
0x0eff7cf8:  89 7c 24 68              movl     %edi, 0x68(%esp)
0x0eff7cfc:  89 7c 24 6c              movl     %edi, 0x6c(%esp)
0x0eff7d00:  8b 15 28 ff ff 0e        movl     0xeffff28, %edx
0x0eff7d06:  31 c0                    xorl     %eax, %eax
0x0eff7d08:  40                       incl     %eax
0x0eff7d09:  89 c1                    movl     %eax, %ecx
0x0eff7d0b:  c1 e1 10                 shll     $0x10, %ecx
0x0eff7d0e:  39 ca                    cmpl     %ecx, %edx
0x0eff7d10:  72 05                    jb       0xeff7d17

----------------
IN: 
0x0eff7d12:  c6 44 04 67 06           movb     $6, 0x67(%esp, %eax)
0x0eff7d17:  83 f8 08                 cmpl     $8, %eax
0x0eff7d1a:  75 ec                    jne      0xeff7d08

----------------
IN: 
0x0eff7d08:  40                       incl     %eax
0x0eff7d09:  89 c1                    movl     %eax, %ecx
0x0eff7d0b:  c1 e1 10                 shll     $0x10, %ecx
0x0eff7d0e:  39 ca                    cmpl     %ecx, %edx
0x0eff7d10:  72 05                    jb       0xeff7d17

----------------
IN: 
0x0eff7d1c:  8b 54 24 68              movl     0x68(%esp), %edx
0x0eff7d20:  8b 4c 24 6c              movl     0x6c(%esp), %ecx
0x0eff7d24:  b8 50 02 00 00           movl     $0x250, %eax
0x0eff7d29:  e8 c2 68 ff ff           calll    0xefee5f0

----------------
IN: 
0x0eff7d2e:  31 db                    xorl     %ebx, %ebx
0x0eff7d30:  89 5c 24 68              movl     %ebx, 0x68(%esp)
0x0eff7d34:  89 5c 24 6c              movl     %ebx, 0x6c(%esp)
0x0eff7d38:  8b 0d 28 ff ff 0e        movl     0xeffff28, %ecx
0x0eff7d3e:  8d 54 24 68              leal     0x68(%esp), %edx
0x0eff7d42:  b8 00 40 08 00           movl     $0x84000, %eax
0x0eff7d47:  39 c1                    cmpl     %eax, %ecx
0x0eff7d49:  72 03                    jb       0xeff7d4e

----------------
IN: 
0x0eff7d4b:  c6 02 06                 movb     $6, (%edx)
0x0eff7d4e:  05 00 40 00 00           addl     $0x4000, %eax
0x0eff7d53:  42                       incl     %edx
0x0eff7d54:  3d 00 40 0a 00           cmpl     $0xa4000, %eax
0x0eff7d59:  75 ec                    jne      0xeff7d47

----------------
IN: 
0x0eff7d47:  39 c1                    cmpl     %eax, %ecx
0x0eff7d49:  72 03                    jb       0xeff7d4e

----------------
IN: 
0x0eff7d5b:  8b 54 24 68              movl     0x68(%esp), %edx
0x0eff7d5f:  8b 4c 24 6c              movl     0x6c(%esp), %ecx
0x0eff7d63:  b8 58 02 00 00           movl     $0x258, %eax
0x0eff7d68:  e8 83 68 ff ff           calll    0xefee5f0

----------------
IN: 
0x0eff7d6d:  31 d2                    xorl     %edx, %edx
0x0eff7d6f:  31 c9                    xorl     %ecx, %ecx
0x0eff7d71:  b8 59 02 00 00           movl     $0x259, %eax
0x0eff7d76:  e8 75 68 ff ff           calll    0xefee5f0

----------------
IN: 
0x0eff7d7b:  bb 68 02 00 00           movl     $0x268, %ebx
0x0eff7d80:  31 c9                    xorl     %ecx, %ecx
0x0eff7d82:  89 4c 24 68              movl     %ecx, 0x68(%esp)
0x0eff7d86:  89 4c 24 6c              movl     %ecx, 0x6c(%esp)
0x0eff7d8a:  8b 0d 28 ff ff 0e        movl     0xeffff28, %ecx
0x0eff7d90:  89 d8                    movl     %ebx, %eax
0x0eff7d92:  c1 e0 0f                 shll     $0xf, %eax
0x0eff7d95:  2d 00 f0 27 01           subl     $0x127f000, %eax
0x0eff7d9a:  31 d2                    xorl     %edx, %edx
0x0eff7d9c:  42                       incl     %edx
0x0eff7d9d:  39 c1                    cmpl     %eax, %ecx
0x0eff7d9f:  72 05                    jb       0xeff7da6

----------------
IN: 
0x0eff7da1:  c6 44 14 67 05           movb     $5, 0x67(%esp, %edx)
0x0eff7da6:  05 00 10 00 00           addl     $0x1000, %eax
0x0eff7dab:  83 fa 08                 cmpl     $8, %edx
0x0eff7dae:  75 ec                    jne      0xeff7d9c

----------------
IN: 
0x0eff7d9c:  42                       incl     %edx
0x0eff7d9d:  39 c1                    cmpl     %eax, %ecx
0x0eff7d9f:  72 05                    jb       0xeff7da6

----------------
IN: 
0x0eff7db0:  8b 54 24 68              movl     0x68(%esp), %edx
0x0eff7db4:  8b 4c 24 6c              movl     0x6c(%esp), %ecx
0x0eff7db8:  89 d8                    movl     %ebx, %eax
0x0eff7dba:  e8 31 68 ff ff           calll    0xefee5f0

----------------
IN: 
0x0eff7dbf:  43                       incl     %ebx
0x0eff7dc0:  81 fb 70 02 00 00        cmpl     $0x270, %ebx
0x0eff7dc6:  75 b8                    jne      0xeff7d80

----------------
IN: 
0x0eff7d80:  31 c9                    xorl     %ecx, %ecx
0x0eff7d82:  89 4c 24 68              movl     %ecx, 0x68(%esp)
0x0eff7d86:  89 4c 24 6c              movl     %ecx, 0x6c(%esp)
0x0eff7d8a:  8b 0d 28 ff ff 0e        movl     0xeffff28, %ecx
0x0eff7d90:  89 d8                    movl     %ebx, %eax
0x0eff7d92:  c1 e0 0f                 shll     $0xf, %eax
0x0eff7d95:  2d 00 f0 27 01           subl     $0x127f000, %eax
0x0eff7d9a:  31 d2                    xorl     %edx, %edx
0x0eff7d9c:  42                       incl     %edx
0x0eff7d9d:  39 c1                    cmpl     %eax, %ecx
0x0eff7d9f:  72 05                    jb       0xeff7da6

----------------
IN: 
0x0eff7dc8:  8d 6c 24 54              leal     0x54(%esp), %ebp
0x0eff7dcc:  55                       pushl    %ebp
0x0eff7dcd:  8d 7c 24 50              leal     0x50(%esp), %edi
0x0eff7dd1:  57                       pushl    %edi
0x0eff7dd2:  8d 4c 24 50              leal     0x50(%esp), %ecx
0x0eff7dd6:  8d 54 24 4c              leal     0x4c(%esp), %edx
0x0eff7dda:  b8 00 00 00 80           movl     $0x80000000, %eax
0x0eff7ddf:  e8 0c 28 0f f1           calll    0xea5f0

----------------
IN: 
0x0eff7de4:  58                       popl     %eax
0x0eff7de5:  5a                       popl     %edx
0x0eff7de6:  bb 24 00 00 00           movl     $0x24, %ebx
0x0eff7deb:  81 7c 24 44 07 00 00 80  cmpl     $0x80000007, 0x44(%esp)
0x0eff7df3:  76 1b                    jbe      0xeff7e10

----------------
IN: 
0x0eff7df5:  55                       pushl    %ebp
0x0eff7df6:  57                       pushl    %edi
0x0eff7df7:  8d 4c 24 50              leal     0x50(%esp), %ecx
0x0eff7dfb:  8d 54 24 4c              leal     0x4c(%esp), %edx
0x0eff7dff:  b8 08 00 00 80           movl     $0x80000008, %eax
0x0eff7e04:  e8 e7 27 0f f1           calll    0xea5f0

----------------
IN: 
0x0eff7e09:  0f b6 5c 24 4c           movzbl   0x4c(%esp), %ebx
0x0eff7e0e:  59                       popl     %ecx
0x0eff7e0f:  5f                       popl     %edi
0x0eff7e10:  31 ff                    xorl     %edi, %edi
0x0eff7e12:  8d 84 3f 00 02 00 00     leal     0x200(%edi, %edi), %eax
0x0eff7e19:  31 d2                    xorl     %edx, %edx
0x0eff7e1b:  31 c9                    xorl     %ecx, %ecx
0x0eff7e1d:  e8 ce 67 ff ff           calll    0xefee5f0

----------------
IN: 
0x0eff7e22:  8d 84 3f 01 02 00 00     leal     0x201(%edi, %edi), %eax
0x0eff7e29:  31 d2                    xorl     %edx, %edx
0x0eff7e2b:  31 c9                    xorl     %ecx, %ecx
0x0eff7e2d:  e8 be 67 ff ff           calll    0xefee5f0

----------------
IN: 
0x0eff7e32:  47                       incl     %edi
0x0eff7e33:  39 fe                    cmpl     %edi, %esi
0x0eff7e35:  7f db                    jg       0xeff7e12

----------------
IN: 
0x0eff7e12:  8d 84 3f 00 02 00 00     leal     0x200(%edi, %edi), %eax
0x0eff7e19:  31 d2                    xorl     %edx, %edx
0x0eff7e1b:  31 c9                    xorl     %ecx, %ecx
0x0eff7e1d:  e8 ce 67 ff ff           calll    0xefee5f0

----------------
IN: 
0x0eff7e37:  8b 15 d0 fd ff 0e        movl     0xefffdd0, %edx
0x0eff7e3d:  8b 0d d4 fd ff 0e        movl     0xefffdd4, %ecx
0x0eff7e43:  b8 00 02 00 00           movl     $0x200, %eax
0x0eff7e48:  e8 a3 67 ff ff           calll    0xefee5f0

----------------
IN: 
0x0eff7e4d:  a1 d0 fd ff 0e           movl     0xefffdd0, %eax
0x0eff7e52:  8b 15 d4 fd ff 0e        movl     0xefffdd4, %edx
0x0eff7e58:  4a                       decl     %edx
0x0eff7e59:  88 d9                    movb     %bl, %cl
0x0eff7e5b:  be ff ff ff ff           movl     $0xffffffff, %esi
0x0eff7e60:  89 f7                    movl     %esi, %edi
0x0eff7e62:  d3 e6                    shll     %cl, %esi
0x0eff7e64:  f6 c1 20                 testb    $0x20, %cl
0x0eff7e67:  74 04                    je       0xeff7e6d

----------------
IN: 
0x0eff7e69:  89 f7                    movl     %esi, %edi
0x0eff7e6b:  31 f6                    xorl     %esi, %esi
0x0eff7e6d:  f7 d6                    notl     %esi
0x0eff7e6f:  f7 d7                    notl     %edi
0x0eff7e71:  21 c6                    andl     %eax, %esi
0x0eff7e73:  21 d7                    andl     %edx, %edi
0x0eff7e75:  81 ce 00 08 00 00        orl      $0x800, %esi
0x0eff7e7b:  89 f2                    movl     %esi, %edx
0x0eff7e7d:  89 f9                    movl     %edi, %ecx
0x0eff7e7f:  b8 01 02 00 00           movl     $0x201, %eax
0x0eff7e84:  e8 67 67 ff ff           calll    0xefee5f0

----------------
IN: 
0x0eff7e89:  ba 06 0c 00 00           movl     $0xc06, %edx
0x0eff7e8e:  31 c9                    xorl     %ecx, %ecx
0x0eff7e90:  b8 ff 02 00 00           movl     $0x2ff, %eax
0x0eff7e95:  e8 56 67 ff ff           calll    0xefee5f0

----------------
IN: 
0x0eff7e9a:  31 d2                    xorl     %edx, %edx
0x0eff7e9c:  31 c9                    xorl     %ecx, %ecx
0x0eff7e9e:  b8 6c 2d 0f 00           movl     $0xf2d6c, %eax
0x0eff7ea3:  e8 13 63 ff ff           calll    0xefee1bb

----------------
IN: 
0x0eff7ea8:  89 d1                    movl     %edx, %ecx
0x0eff7eaa:  85 d2                    testl    %edx, %edx
0x0eff7eac:  75 04                    jne      0xeff7eb2

----------------
IN: 
0x0eff7eae:  85 c0                    testl    %eax, %eax
0x0eff7eb0:  74 0c                    je       0xeff7ebe

----------------
IN: 
0x0eff7ebe:  31 d2                    xorl     %edx, %edx
0x0eff7ec0:  31 c9                    xorl     %ecx, %ecx
0x0eff7ec2:  b8 90 1f 0f 00           movl     $0xf1f90, %eax
0x0eff7ec7:  e8 ef 62 ff ff           calll    0xefee1bb

----------------
IN: 
0x0eff7ecc:  89 c3                    movl     %eax, %ebx
0x0eff7ece:  a3 64 4b 0f 00           movl     %eax, 0xf4b64
0x0eff7ed3:  e8 29 4f 0f f1           calll    0xece01

----------------
IN: 
0x000ece01:  51                       pushl    %ecx
0x000ece02:  66 c7 44 24 02 00 00     movw     $0, 2(%esp)
0x000ece09:  83 3d 04 4d 0f 00 00     cmpl     $0, 0xf4d04
0x000ece10:  74 13                    je       0xece25

----------------
IN: 
0x000ece12:  8d 44 24 02              leal     2(%esp), %eax
0x000ece16:  b9 02 00 00 00           movl     $2, %ecx
0x000ece1b:  ba 05 00 00 00           movl     $5, %edx
0x000ece20:  e8 a8 ff ff ff           calll    0xecdcd

----------------
IN: 
0x000ece25:  b0 88                    movb     $0x88, %al
0x000ece27:  e6 70                    outb     %al, $0x70

----------------
IN: 
0x000ece29:  e4 71                    inb      $0x71, %al

----------------
IN: 
0x000ece2b:  fe c0                    incb     %al
0x000ece2d:  74 16                    je       0xece45

----------------
IN: 
0x000ece2f:  b0 df                    movb     $0xdf, %al
0x000ece31:  e6 70                    outb     %al, $0x70

----------------
IN: 
0x000ece33:  e4 71                    inb      $0x71, %al

----------------
IN: 
0x000ece35:  0f b6 c0                 movzbl   %al, %eax
0x000ece38:  40                       incl     %eax
0x000ece39:  66 39 44 24 02           cmpw     %ax, 2(%esp)
0x000ece3e:  73 05                    jae      0xece45

----------------
IN: 
0x000ece45:  66 8b 44 24 02           movw     2(%esp), %ax
0x000ece4a:  5a                       popl     %edx
0x000ece4b:  c3                       retl     

----------------
IN: 
0x0eff7ed8:  0f b7 c0                 movzwl   %ax, %eax
0x0eff7edb:  39 c3                    cmpl     %eax, %ebx
0x0eff7edd:  73 05                    jae      0xeff7ee4

----------------
IN: 
0x0eff7ee4:  e8 84 6e 0f f1           calll    0xeed6d

----------------
IN: 
0x000eed6d:  57                       pushl    %edi
0x000eed6e:  56                       pushl    %esi
0x000eed6f:  53                       pushl    %ebx
0x000eed70:  83 ec 10                 subl     $0x10, %esp
0x000eed73:  8d 4c 24 04              leal     4(%esp), %ecx
0x000eed77:  89 e2                    movl     %esp, %edx
0x000eed79:  8d 44 24 0c              leal     0xc(%esp), %eax
0x000eed7d:  50                       pushl    %eax
0x000eed7e:  8d 44 24 0c              leal     0xc(%esp), %eax
0x000eed82:  50                       pushl    %eax
0x000eed83:  b8 01 00 00 00           movl     $1, %eax
0x000eed88:  e8 63 b8 ff ff           calll    0xea5f0

----------------
IN: 
0x000eed8d:  5a                       popl     %edx
0x000eed8e:  59                       popl     %ecx
0x000eed8f:  83 3c 24 00              cmpl     $0, (%esp)
0x000eed93:  74 07                    je       0xeed9c

----------------
IN: 
0x000eed95:  f6 44 24 0d 02           testb    $2, 0xd(%esp)
0x000eed9a:  75 1a                    jne      0xeedb6

----------------
IN: 
0x000eedb6:  c7 05 60 4b 0f 00 01 00  movl     $1, 0xf4b60
0x000eedbe:  00 00
0x000eedc0:  8b 35 00 00 01 00        movl     0x10000, %esi
0x000eedc6:  8b 3d 04 00 01 00        movl     0x10004, %edi
0x000eedcc:  b8 83 d0 00 00           movl     $0xd083, %eax
0x000eedd1:  c1 e0 08                 shll     $8, %eax
0x000eedd4:  31 d2                    xorl     %edx, %edx
0x000eedd6:  0c ea                    orb      $0xea, %al
0x000eedd8:  80 ca f0                 orb      $0xf0, %dl
0x000eeddb:  a3 00 00 01 00           movl     %eax, 0x10000
0x000eede0:  89 15 04 00 01 00        movl     %edx, 0x10004
0x000eede6:  a1 f0 00 e0 fe           movl     0xfee000f0, %eax
0x000eedeb:  80 cc 01                 orb      $1, %ah
0x000eedee:  a3 f0 00 e0 fe           movl     %eax, 0xfee000f0
0x000eedf3:  c7 05 50 03 e0 fe 00 87  movl     $0x8700, 0xfee00350
0x000eedfb:  00 00
0x000eedfd:  c7 05 60 03 e0 fe 00 84  movl     $0x8400, 0xfee00360
0x000eee05:  00 00
0x000eee07:  c7 05 28 4b 0f 00 01 00  movl     $1, 0xf4b28
0x000eee0f:  00 00
0x000eee11:  c7 05 00 03 e0 fe 00 45  movl     $0xc4500, 0xfee00300
0x000eee19:  0c 00
0x000eee1b:  c7 05 00 03 e0 fe 10 46  movl     $0xc4610, 0xfee00300
0x000eee23:  0c 00
0x000eee25:  e8 be b9 ff ff           calll    0xea7e8

----------------
IN: 
0x000eede6:  a1 f0 00 e0 fe           movl     0xfee000f0, %eax

----------------
IN: 
0x000eedeb:  80 cc 01                 orb      $1, %ah
0x000eedee:  a3 f0 00 e0 fe           movl     %eax, 0xfee000f0
0x000eedf3:  c7 05 50 03 e0 fe 00 87  movl     $0x8700, 0xfee00350
0x000eedfb:  00 00
0x000eedfd:  c7 05 60 03 e0 fe 00 84  movl     $0x8400, 0xfee00360
0x000eee05:  00 00
0x000eee07:  c7 05 28 4b 0f 00 01 00  movl     $1, 0xf4b28
0x000eee0f:  00 00
0x000eee11:  c7 05 00 03 e0 fe 00 45  movl     $0xc4500, 0xfee00300
0x000eee19:  0c 00
0x000eee1b:  c7 05 00 03 e0 fe 10 46  movl     $0xc4610, 0xfee00300
0x000eee23:  0c 00
0x000eee25:  e8 be b9 ff ff           calll    0xea7e8

----------------
IN: 
0x000eedee:  a3 f0 00 e0 fe           movl     %eax, 0xfee000f0

----------------
IN: 
0x000eedf3:  c7 05 50 03 e0 fe 00 87  movl     $0x8700, 0xfee00350
0x000eedfb:  00 00
0x000eedfd:  c7 05 60 03 e0 fe 00 84  movl     $0x8400, 0xfee00360
0x000eee05:  00 00
0x000eee07:  c7 05 28 4b 0f 00 01 00  movl     $1, 0xf4b28
0x000eee0f:  00 00
0x000eee11:  c7 05 00 03 e0 fe 00 45  movl     $0xc4500, 0xfee00300
0x000eee19:  0c 00
0x000eee1b:  c7 05 00 03 e0 fe 10 46  movl     $0xc4610, 0xfee00300
0x000eee23:  0c 00
0x000eee25:  e8 be b9 ff ff           calll    0xea7e8

----------------
IN: 
0x000eedf3:  c7 05 50 03 e0 fe 00 87  movl     $0x8700, 0xfee00350
0x000eedfb:  00 00

----------------
IN: 
0x000eedfd:  c7 05 60 03 e0 fe 00 84  movl     $0x8400, 0xfee00360
0x000eee05:  00 00
0x000eee07:  c7 05 28 4b 0f 00 01 00  movl     $1, 0xf4b28
0x000eee0f:  00 00
0x000eee11:  c7 05 00 03 e0 fe 00 45  movl     $0xc4500, 0xfee00300
0x000eee19:  0c 00
0x000eee1b:  c7 05 00 03 e0 fe 10 46  movl     $0xc4610, 0xfee00300
0x000eee23:  0c 00
0x000eee25:  e8 be b9 ff ff           calll    0xea7e8

----------------
IN: 
0x000eedfd:  c7 05 60 03 e0 fe 00 84  movl     $0x8400, 0xfee00360
0x000eee05:  00 00

----------------
IN: 
0x000eee07:  c7 05 28 4b 0f 00 01 00  movl     $1, 0xf4b28
0x000eee0f:  00 00
0x000eee11:  c7 05 00 03 e0 fe 00 45  movl     $0xc4500, 0xfee00300
0x000eee19:  0c 00
0x000eee1b:  c7 05 00 03 e0 fe 10 46  movl     $0xc4610, 0xfee00300
0x000eee23:  0c 00
0x000eee25:  e8 be b9 ff ff           calll    0xea7e8

----------------
IN: 
0x000eee11:  c7 05 00 03 e0 fe 00 45  movl     $0xc4500, 0xfee00300
0x000eee19:  0c 00

----------------
IN: 
0x000eee1b:  c7 05 00 03 e0 fe 10 46  movl     $0xc4610, 0xfee00300
0x000eee23:  0c 00
0x000eee25:  e8 be b9 ff ff           calll    0xea7e8

----------------
IN: 
0x000eee1b:  c7 05 00 03 e0 fe 10 46  movl     $0xc4610, 0xfee00300
0x000eee23:  0c 00

----------------
IN: 
0x000eee25:  e8 be b9 ff ff           calll    0xea7e8

----------------
IN: 
0x000ea7e8:  53                       pushl    %ebx
0x000ea7e9:  83 ec 10                 subl     $0x10, %esp
0x000ea7ec:  8d 4c 24 04              leal     4(%esp), %ecx
0x000ea7f0:  89 e2                    movl     %esp, %edx
0x000ea7f2:  8d 44 24 0c              leal     0xc(%esp), %eax
0x000ea7f6:  50                       pushl    %eax
0x000ea7f7:  8d 44 24 0c              leal     0xc(%esp), %eax
0x000ea7fb:  50                       pushl    %eax
0x000ea7fc:  b8 01 00 00 00           movl     $1, %eax
0x000ea801:  e8 ea fd ff ff           calll    0xea5f0

----------------
IN: 
0x000ea806:  58                       popl     %eax
0x000ea807:  5a                       popl     %edx
0x000ea808:  81 3d 64 4b 0f 00 ff 00  cmpl     $0xff, 0xf4b64
0x000ea810:  00 00
0x000ea812:  77 1e                    ja       0xea832

----------------
IN: 
0x000ea814:  8b 54 24 04              movl     4(%esp), %edx
0x000ea818:  89 d0                    movl     %edx, %eax
0x000ea81a:  c1 e8 18                 shrl     $0x18, %eax
0x000ea81d:  c1 ea 1d                 shrl     $0x1d, %edx
0x000ea820:  bb 01 00 00 00           movl     $1, %ebx
0x000ea825:  88 c1                    movb     %al, %cl
0x000ea827:  d3 e3                    shll     %cl, %ebx
0x000ea829:  09 1c 95 40 4b 0f 00     orl      %ebx, 0xf4b40(, %edx, 4)
0x000ea830:  eb 1d                    jmp      0xea84f

----------------
IN: 
0x000ea84f:  83 c4 10                 addl     $0x10, %esp
0x000ea852:  5b                       popl     %ebx
0x000ea853:  c3                       retl     

----------------
IN: 
0x000eee2a:  e8 d2 df ff ff           calll    0xece01

----------------
IN: 
0x000eee2f:  0f b7 d8                 movzwl   %ax, %ebx
0x000eee32:  3b 1d 60 4b 0f 00        cmpl     0xf4b60, %ebx
0x000eee38:  74 1f                    je       0xeee59

----------------
IN: 
0x000eee59:  e8 d6 dc ff ff           calll    0xecb34

----------------
IN: 
0x000ecb34:  53                       pushl    %ebx
0x000ecb35:  89 e0                    movl     %esp, %eax
0x000ecb37:  bb 08 62 0f 00           movl     $0xf6208, %ebx
0x000ecb3c:  3d 00 00 10 00           cmpl     $0x100000, %eax
0x000ecb41:  76 07                    jbe      0xecb4a

----------------
IN: 
0x000ecb4a:  89 d8                    movl     %ebx, %eax
0x000ecb4c:  e8 2c d7 ff ff           calll    0xea27d

----------------
IN: 
0x000ea27d:  8b 50 04                 movl     4(%eax), %edx
0x000ea280:  8d 4a fc                 leal     -4(%edx), %ecx
0x000ea283:  39 c8                    cmpl     %ecx, %eax
0x000ea285:  74 13                    je       0xea29a

----------------
IN: 
0x000ea29a:  c3                       retl     

----------------
IN: 
0x000ecb51:  81 fb 08 62 0f 00        cmpl     $0xf6208, %ebx
0x000ecb57:  75 06                    jne      0xecb5f

----------------
IN: 
0x000ecb59:  5b                       popl     %ebx
0x000ecb5a:  e9 bb ff ff ff           jmp      0xecb1a

----------------
IN: 
0x000ecb1a:  80 3d 01 4e 0f 00 00     cmpb     $0, 0xf4e01
0x000ecb21:  75 03                    jne      0xecb26

----------------
IN: 
0x000ecb26:  b9 f5 88 0f 00           movl     $0xf88f5, %ecx
0x000ecb2b:  31 d2                    xorl     %edx, %edx
0x000ecb2d:  31 c0                    xorl     %eax, %eax
0x000ecb2f:  e9 5e ff ff ff           jmp      0xeca92

----------------
IN: 
0x000eca92:  55                       pushl    %ebp
0x000eca93:  57                       pushl    %edi
0x000eca94:  56                       pushl    %esi
0x000eca95:  53                       pushl    %ebx
0x000eca96:  89 c6                    movl     %eax, %esi
0x000eca98:  89 e0                    movl     %esp, %eax
0x000eca9a:  3d 00 00 10 00           cmpl     $0x100000, %eax
0x000eca9f:  76 0a                    jbe      0xecaab

----------------
IN: 
0x000ecaab:  89 d3                    movl     %edx, %ebx
0x000ecaad:  a0 1c a2 0e 00           movb     0xea21c, %al
0x000ecab2:  8d a9 00 00 f1 ff        leal     -0xf0000(%ecx), %ebp
0x000ecab8:  0f b7 3d 20 a2 0e 00     movzwl   0xea220, %edi
0x000ecabf:  3c 02                    cmpb     $2, %al
0x000ecac1:  75 1d                    jne      0xecae0

----------------
IN: 
0x000ecae0:  b9 93 cf 0f 00           movl     $0xfcf93, %ecx
0x000ecae5:  fe c8                    decb     %al
0x000ecae7:  74 0e                    je       0xecaf7

----------------
IN: 
0x000ecaf7:  89 f0                    movl     %esi, %eax
0x000ecaf9:  ba 96 62 00 00           movl     $0x6296, %edx
0x000ecafe:  ff e1                    jmpl     *%ecx

----------------
IN: 
0x000fcf93:  b9 30 00 00 00           movl     $0x30, %ecx
0x000fcf98:  8e d9                    movl     %ecx, %ds

----------------
IN: 
0x000fcf9a:  8e c1                    movl     %ecx, %es

----------------
IN: 
0x000fcf9c:  8e d1                    movl     %ecx, %ss

----------------
IN: 
0x000fcf9e:  8e e1                    movl     %ecx, %fs

----------------
IN: 
0x000fcfa0:  8e e9                    movl     %ecx, %gs
0x000fcfa2:  66 ea a8 cf 28 00        ljmpw    $0x28:$0xcfa8

----------------
IN: 
0x000fcfa8:  0f 20 c1                 movl     %cr0, %ecx
0x000fcfab:  66 83 e1 fe              andl     $0xfffffffe, %ecx
0x000fcfaf:  0f 22 c1                 movl     %ecx, %cr0

----------------
IN: 
0x000fcfb2:  ea b7 cf 00 f0           ljmpw    $0xf000:$0xcfb7

----------------
IN: 
0x000fcfb7:  2e 0f 01 1e 60 62        lidtw    %cs:0x6260
0x000fcfbd:  31 c9                    xorw     %cx, %cx
0x000fcfbf:  8e e1                    movw     %cx, %fs
0x000fcfc1:  8e e9                    movw     %cx, %gs
0x000fcfc3:  8e c1                    movw     %cx, %es
0x000fcfc5:  8e d9                    movw     %cx, %ds
0x000fcfc7:  8e d1                    movw     %cx, %ss

----------------
IN: 
0x000fcfc9:  66 ff e2                 jmpl     *%edx

----------------
IN: 
0x000f6296:  66 89 f9                 movl     %edi, %ecx
0x000f6299:  66 c1 e7 04              shll     $4, %edi
0x000f629d:  8e d1                    movw     %cx, %ss

----------------
IN: 
0x000f629f:  66 29 fc                 subl     %edi, %esp

----------------
IN: 
0x000f62a2:  8e d9                    movw     %cx, %ds
0x000f62a4:  66 89 da                 movl     %ebx, %edx
0x000f62a7:  66 89 e9                 movl     %ebp, %ecx
0x000f62aa:  66 e8 f6 19 00 00        calll    0xf7ca6

----------------
IN: 
0x000f7ca6:  66 55                    pushl    %ebp
0x000f7ca8:  66 57                    pushl    %edi
0x000f7caa:  66 56                    pushl    %esi
0x000f7cac:  66 53                    pushl    %ebx
0x000f7cae:  66 89 c7                 movl     %eax, %edi
0x000f7cb1:  66 89 d5                 movl     %edx, %ebp
0x000f7cb4:  66 89 ce                 movl     %ecx, %esi
0x000f7cb7:  66 e8 71 f3 ff ff        calll    0xf702e

----------------
IN: 
0x000f702e:  66 56                    pushl    %esi
0x000f7030:  66 53                    pushl    %ebx
0x000f7032:  66 83 ec 08              subl     $8, %esp
0x000f7036:  66 be 80 da 00 00        movl     $0xda80, %esi
0x000f703c:  8e c6                    movw     %si, %es
0x000f703e:  26 8a 1e 1c fa           movb     %es:0xfa1c, %bl
0x000f7043:  66 31 c0                 xorl     %eax, %eax
0x000f7046:  26 a2 1c fa              movb     %al, %es:0xfa1c
0x000f704a:  66 31 c0                 xorl     %eax, %eax
0x000f704d:  26 a3 20 fa              movw     %ax, %es:0xfa20
0x000f7051:  80 fb 02                 cmpb     $2, %bl
0x000f7054:  74 5b                    je       0xf70b1

----------------
IN: 
0x000f7056:  26 a0 1e fa              movb     %es:0xfa1e, %al
0x000f705a:  84 c0                    testb    %al, %al
0x000f705c:  75 09                    jne      0xf7067

----------------
IN: 
0x000f7067:  8e c6                    movw     %si, %es
0x000f7069:  26 a1 2c fa              movw     %es:0xfa2c, %ax
0x000f706d:  67 89 44 24 02           movw     %ax, 2(%esp)
0x000f7072:  26 66 a1 2e fa           movl     %es:0xfa2e, %eax
0x000f7077:  67 66 89 44 24 04        movl     %eax, 4(%esp)
0x000f707d:  67 66 0f 01 54 24 02     lgdtl    2(%esp)
0x000f7084:  8e c6                    movw     %si, %es
0x000f7086:  26 a1 22 fa              movw     %es:0xfa22, %ax
0x000f708a:  8e e0                    movw     %ax, %fs
0x000f708c:  26 a1 24 fa              movw     %es:0xfa24, %ax
0x000f7090:  8e e8                    movw     %ax, %gs
0x000f7092:  26 66 a1 28 fa           movl     %es:0xfa28, %eax
0x000f7097:  66 25 00 00 00 60        andl     $0x60000000, %eax
0x000f709d:  66 89 c2                 movl     %eax, %edx
0x000f70a0:  74 0f                    je       0xf70b1

----------------
IN: 
0x000f70b1:  8e c6                    movw     %si, %es
0x000f70b3:  26 a0 1d fa              movb     %es:0xfa1d, %al
0x000f70b7:  84 c0                    testb    %al, %al
0x000f70b9:  78 04                    js       0xf70bf

----------------
IN: 
0x000f70bb:  e6 70                    outb     %al, $0x70

----------------
IN: 
0x000f70bd:  e4 71                    inb      $0x71, %al

----------------
IN: 
0x000f70bf:  88 d8                    movb     %bl, %al
0x000f70c1:  66 83 c4 08              addl     $8, %esp
0x000f70c5:  66 5b                    popl     %ebx
0x000f70c7:  66 5e                    popl     %esi
0x000f70c9:  66 c3                    retl     

----------------
IN: 
0x000f7cbd:  88 c3                    movb     %al, %bl
0x000f7cbf:  66 89 ea                 movl     %ebp, %edx
0x000f7cc2:  66 89 f8                 movl     %edi, %eax
0x000f7cc5:  66 ff d6                 calll    *%esi

----------------
IN: 
0x000f88f5:  66 e8 51 e3 ff ff        calll    0xf6c4c

----------------
IN: 
0x000f6c4c:  8c d0                    movw     %ss, %ax
0x000f6c4e:  66 0f b7 c0              movzwl   %ax, %eax
0x000f6c52:  66 31 d2                 xorl     %edx, %edx
0x000f6c55:  66 3d 80 da 00 00        cmpl     $0xda80, %eax
0x000f6c5b:  75 0f                    jne      0xf6c6c

----------------
IN: 
0x000f6c6c:  66 89 d0                 movl     %edx, %eax
0x000f6c6f:  66 c3                    retl     

----------------
IN: 
0x000f88fb:  66 85 c0                 testl    %eax, %eax
0x000f88fe:  74 0f                    je       0xf890f

----------------
IN: 
0x000f890f:  fb                       sti      

----------------
IN: 
0x000f8910:  90                       nop      

----------------
IN: 
0x000f8911:  f3 90                    pause    

----------------
IN: 
0x000f8913:  fa                       cli      
0x000f8914:  fc                       cld      
0x000f8915:  66 c3                    retl     

----------------
IN: 
0x000f7cc8:  66 89 c6                 movl     %eax, %esi
0x000f7ccb:  66 0f b6 c3              movzbl   %bl, %eax
0x000f7ccf:  66 e8 de ee ff ff        calll    0xf6bb3

----------------
IN: 
0x000f6bb3:  66 56                    pushl    %esi
0x000f6bb5:  66 53                    pushl    %ebx
0x000f6bb7:  66 83 ec 08              subl     $8, %esp
0x000f6bbb:  66 89 c3                 movl     %eax, %ebx
0x000f6bbe:  3c 02                    cmpb     $2, %al
0x000f6bc0:  74 53                    je       0xf6c15

----------------
IN: 
0x000f6bc2:  0f 20 c0                 movl     %cr0, %eax
0x000f6bc5:  a8 01                    testb    $1, %al
0x000f6bc7:  74 06                    je       0xf6bcf

----------------
IN: 
0x000f6bcf:  66 be 80 da 00 00        movl     $0xda80, %esi
0x000f6bd5:  8e c6                    movw     %si, %es
0x000f6bd7:  26 66 a3 28 fa           movl     %eax, %es:0xfa28
0x000f6bdc:  8c e0                    movw     %fs, %ax
0x000f6bde:  26 a3 22 fa              movw     %ax, %es:0xfa22
0x000f6be2:  8c e8                    movw     %gs, %ax
0x000f6be4:  26 a3 24 fa              movw     %ax, %es:0xfa24
0x000f6be8:  67 66 0f 01 44 24 02     sgdtl    2(%esp)
0x000f6bef:  67 8b 44 24 02           movw     2(%esp), %ax
0x000f6bf4:  26 a3 2c fa              movw     %ax, %es:0xfa2c
0x000f6bf8:  67 66 8b 44 24 04        movl     4(%esp), %eax
0x000f6bfe:  26 66 a3 2e fa           movl     %eax, %es:0xfa2e
0x000f6c03:  66 b8 01 00 00 00        movl     $1, %eax
0x000f6c09:  66 e8 71 ff ff ff        calll    0xf6b80

----------------
IN: 
0x000f6b80:  66 89 c1                 movl     %eax, %ecx
0x000f6b83:  e4 92                    inb      $0x92, %al

----------------
IN: 
0x000f6b85:  88 c2                    movb     %al, %dl
0x000f6b87:  d0 ea                    shrb     $1, %dl
0x000f6b89:  66 83 e2 01              andl     $1, %edx
0x000f6b8d:  66 83 e1 01              andl     $1, %ecx
0x000f6b91:  38 ca                    cmpb     %cl, %dl
0x000f6b93:  74 06                    je       0xf6b9b

----------------
IN: 
0x000f6b9b:  88 d0                    movb     %dl, %al
0x000f6b9d:  66 c3                    retl     

----------------
IN: 
0x000f6c0f:  8e c6                    movw     %si, %es
0x000f6c11:  26 a2 1e fa              movb     %al, %es:0xfa1e
0x000f6c15:  8c d0                    movw     %ss, %ax
0x000f6c17:  66 b9 80 da 00 00        movl     $0xda80, %ecx
0x000f6c1d:  8e c1                    movw     %cx, %es
0x000f6c1f:  26 a3 20 fa              movw     %ax, %es:0xfa20
0x000f6c23:  e4 70                    inb      $0x70, %al

----------------
IN: 
0x000f6c25:  88 c2                    movb     %al, %dl
0x000f6c27:  84 c0                    testb    %al, %al
0x000f6c29:  78 08                    js       0xf6c33

----------------
IN: 
0x000f6c33:  8e c1                    movw     %cx, %es
0x000f6c35:  26 88 16 1d fa           movb     %dl, %es:0xfa1d
0x000f6c3a:  26 88 1e 1c fa           movb     %bl, %es:0xfa1c
0x000f6c3f:  66 31 c0                 xorl     %eax, %eax
0x000f6c42:  66 83 c4 08              addl     $8, %esp
0x000f6c46:  66 5b                    popl     %ebx
0x000f6c48:  66 5e                    popl     %esi
0x000f6c4a:  66 c3                    retl     

----------------
IN: 
0x000f7cd5:  66 89 f0                 movl     %esi, %eax
0x000f7cd8:  66 5b                    popl     %ebx
0x000f7cda:  66 5e                    popl     %esi
0x000f7cdc:  66 5f                    popl     %edi
0x000f7cde:  66 5d                    popl     %ebp
0x000f7ce0:  66 c3                    retl     

----------------
IN: 
0x000f62b0:  66 ba 00 cb 0e 00        movl     $0xecb00, %edx
0x000f62b6:  e9 8f 6c                 jmp      0xfcf48

----------------
IN: 
0x000fcf48:  2e 0f 01 1e 58 62        lidtw    %cs:0x6258
0x000fcf4e:  2e 0f 01 16 18 62        lgdtw    %cs:0x6218
0x000fcf54:  0f 20 c1                 movl     %cr0, %ecx
0x000fcf57:  66 81 e1 ff ff ff 1f     andl     $0x1fffffff, %ecx
0x000fcf5e:  66 83 c9 01              orl      $1, %ecx
0x000fcf62:  0f 22 c1                 movl     %ecx, %cr0

----------------
IN: 
0x000fcf65:  66 ea 6d cf 0f 00 08 00  ljmpl    $0x8:$0xfcf6d

----------------
IN: 
0x000fcf6d:  b9 10 00 00 00           movl     $0x10, %ecx
0x000fcf72:  8e d9                    movl     %ecx, %ds

----------------
IN: 
0x000fcf74:  8e c1                    movl     %ecx, %es

----------------
IN: 
0x000fcf76:  8e d1                    movl     %ecx, %ss

----------------
IN: 
0x000fcf78:  8e e1                    movl     %ecx, %fs

----------------
IN: 
0x000fcf7a:  8e e9                    movl     %ecx, %gs
0x000fcf7c:  ff e2                    jmpl     *%edx

----------------
IN: 
0x000ecb00:  01 fc                    addl     %edi, %esp
0x000ecb02:  5b                       popl     %ebx
0x000ecb03:  5e                       popl     %esi
0x000ecb04:  5f                       popl     %edi
0x000ecb05:  5d                       popl     %ebp
0x000ecb06:  c3                       retl     

----------------
IN: 
0x000eee5e:  89 35 00 00 01 00        movl     %esi, 0x10000
0x000eee64:  89 3d 04 00 01 00        movl     %edi, 0x10004
0x000eee6a:  ff 35 64 4b 0f 00        pushl    0xf4b64
0x000eee70:  53                       pushl    %ebx
0x000eee71:  68 80 1b 0f 00           pushl    $0xf1b80
0x000eee76:  e8 a7 e0 ff ff           calll    0xecf22

----------------
IN: 
0x000eee7b:  83 c4 0c                 addl     $0xc, %esp
0x000eee7e:  83 c4 10                 addl     $0x10, %esp
0x000eee81:  5b                       popl     %ebx
0x000eee82:  5e                       popl     %esi
0x000eee83:  5f                       popl     %edi
0x000eee84:  c3                       retl     

----------------
IN: 
0x0eff7ee9:  81 3d 64 4b 0f 00 ff 00  cmpl     $0xff, 0xf4b64
0x0eff7ef1:  00 00
0x0eff7ef3:  0f 87 c7 03 00 00        ja       0xeff82c0

----------------
IN: 
0x0eff7ef9:  c7 05 40 fd ff 0e 24 50  movl     $0x52495024, 0xefffd40
0x0eff7f01:  49 52
0x0eff7f03:  ba 80 00 00 00           movl     $0x80, %edx
0x0eff7f08:  b8 40 fd ff 0e           movl     $0xefffd40, %eax
0x0eff7f0d:  e8 41 37 0f f1           calll    0xeb653

----------------
IN: 
0x0eff7f12:  28 05 5f fd ff 0e        subb     %al, 0xefffd5f
0x0eff7f18:  83 3d 28 56 0f 00 00     cmpl     $0, 0xf5628
0x0eff7f1f:  75 0a                    jne      0xeff7f2b

----------------
IN: 
0x0eff7f21:  b8 40 fd ff 0e           movl     $0xefffd40, %eax
0x0eff7f26:  e8 e6 9c ff ff           calll    0xeff1c11

----------------
IN: 
0x0eff1c11:  56                       pushl    %esi
0x0eff1c12:  53                       pushl    %ebx
0x0eff1c13:  66 8b 70 06              movw     6(%eax), %si
0x0eff1c17:  66 83 fe 1f              cmpw     $0x1f, %si
0x0eff1c1b:  76 22                    jbe      0xeff1c3f

----------------
IN: 
0x0eff1c1d:  89 c3                    movl     %eax, %ebx
0x0eff1c1f:  0f b7 d6                 movzwl   %si, %edx
0x0eff1c22:  e8 2c 9a 0f f1           calll    0xeb653

----------------
IN: 
0x0eff1c27:  84 c0                    testb    %al, %al
0x0eff1c29:  75 14                    jne      0xeff1c3f

----------------
IN: 
0x0eff1c2b:  0f b7 ce                 movzwl   %si, %ecx
0x0eff1c2e:  89 da                    movl     %ebx, %edx
0x0eff1c30:  b8 70 19 0f 00           movl     $0xf1970, %eax
0x0eff1c35:  e8 92 ff ff ff           calll    0xeff1bcc

----------------
IN: 
0x0eff1bcc:  55                       pushl    %ebp
0x0eff1bcd:  57                       pushl    %edi
0x0eff1bce:  56                       pushl    %esi
0x0eff1bcf:  53                       pushl    %ebx
0x0eff1bd0:  89 c7                    movl     %eax, %edi
0x0eff1bd2:  89 d6                    movl     %edx, %esi
0x0eff1bd4:  89 cd                    movl     %ecx, %ebp
0x0eff1bd6:  89 c8                    movl     %ecx, %eax
0x0eff1bd8:  e8 96 ce ff ff           calll    0xefeea73

----------------
IN: 
0x0efeea73:  b9 10 00 00 00           movl     $0x10, %ecx
0x0efeea78:  89 c2                    movl     %eax, %edx
0x0efeea7a:  b8 80 fe ff 0e           movl     $0xefffe80, %eax
0x0efeea7f:  e9 d3 fe ff ff           jmp      0xefee957

----------------
IN: 
0x0eff1bdd:  89 c3                    movl     %eax, %ebx
0x0eff1bdf:  85 c0                    testl    %eax, %eax
0x0eff1be1:  75 11                    jne      0xeff1bf4

----------------
IN: 
0x0eff1bf4:  50                       pushl    %eax
0x0eff1bf5:  56                       pushl    %esi
0x0eff1bf6:  57                       pushl    %edi
0x0eff1bf7:  68 56 19 0f 00           pushl    $0xf1956
0x0eff1bfc:  e8 21 b3 0f f1           calll    0xecf22

----------------
IN: 
0x0eff1c01:  89 df                    movl     %ebx, %edi
0x0eff1c03:  89 e9                    movl     %ebp, %ecx
0x0eff1c05:  f3 a4                    rep movsb (%esi), %es:(%edi)

----------------
IN: 
0x0eff1c07:  83 c4 10                 addl     $0x10, %esp
0x0eff1c0a:  89 d8                    movl     %ebx, %eax
0x0eff1c0c:  5b                       popl     %ebx
0x0eff1c0d:  5e                       popl     %esi
0x0eff1c0e:  5f                       popl     %edi
0x0eff1c0f:  5d                       popl     %ebp
0x0eff1c10:  c3                       retl     

----------------
IN: 
0x0eff1c3a:  a3 28 56 0f 00           movl     %eax, 0xf5628
0x0eff1c3f:  5b                       popl     %ebx
0x0eff1c40:  5e                       popl     %esi
0x0eff1c41:  c3                       retl     

----------------
IN: 
0x0eff7f2b:  b8 00 80 00 00           movl     $0x8000, %eax
0x0eff7f30:  e8 0d 6b ff ff           calll    0xefeea42

----------------
IN: 
0x0eff7f35:  89 c5                    movl     %eax, %ebp
0x0eff7f37:  85 c0                    testl    %eax, %eax
0x0eff7f39:  75 14                    jne      0xeff7f4f

----------------
IN: 
0x0eff7f4f:  b9 2c 00 00 00           movl     $0x2c, %ecx
0x0eff7f54:  31 d2                    xorl     %edx, %edx
0x0eff7f56:  e8 cb 37 0f f1           calll    0xeb726

----------------
IN: 
0x0eff7f5b:  c7 00 50 43 4d 50        movl     $0x504d4350, (%eax)
0x0eff7f61:  c6 40 06 04              movb     $4, 6(%eax)
0x0eff7f65:  c7 40 08 42 4f 43 48     movl     $0x48434f42, 8(%eax)
0x0eff7f6c:  c7 40 0c 53 43 50 55     movl     $0x55504353, 0xc(%eax)
0x0eff7f73:  be 84 2d 0f 00           movl     $0xf2d84, %esi
0x0eff7f78:  b9 03 00 00 00           movl     $3, %ecx
0x0eff7f7d:  8d 78 10                 leal     0x10(%eax), %edi
0x0eff7f80:  f3 a5                    rep movsl (%esi), %es:(%edi)

----------------
IN: 
0x0eff7f82:  c7 40 24 00 00 e0 fe     movl     $0xfee00000, 0x24(%eax)
0x0eff7f89:  8d 4c 24 4c              leal     0x4c(%esp), %ecx
0x0eff7f8d:  8d 54 24 48              leal     0x48(%esp), %edx
0x0eff7f91:  8d 44 24 5c              leal     0x5c(%esp), %eax
0x0eff7f95:  50                       pushl    %eax
0x0eff7f96:  8d 44 24 58              leal     0x58(%esp), %eax
0x0eff7f9a:  50                       pushl    %eax
0x0eff7f9b:  b8 01 00 00 00           movl     $1, %eax
0x0eff7fa0:  e8 4b 26 0f f1           calll    0xea5f0

----------------
IN: 
0x0eff7fa5:  58                       popl     %eax
0x0eff7fa6:  5a                       popl     %edx
0x0eff7fa7:  83 7c 24 48 00           cmpl     $0, 0x48(%esp)
0x0eff7fac:  75 12                    jne      0xeff7fc0

----------------
IN: 
0x0eff7fc0:  f6 44 24 5f 10           testb    $0x10, 0x5f(%esp)
0x0eff7fc5:  75 07                    jne      0xeff7fce

----------------
IN: 
0x0eff7fc7:  bf 01 00 00 00           movl     $1, %edi
0x0eff7fcc:  eb 11                    jmp      0xeff7fdf

----------------
IN: 
0x0eff7fdf:  a1 30 00 e0 fe           movl     0xfee00030, %eax
0x0eff7fe4:  89 04 24                 movl     %eax, (%esp)
0x0eff7fe7:  8d 45 2c                 leal     0x2c(%ebp), %eax
0x0eff7fea:  89 44 24 08              movl     %eax, 8(%esp)
0x0eff7fee:  31 f6                    xorl     %esi, %esi
0x0eff7ff0:  89 c3                    movl     %eax, %ebx
0x0eff7ff2:  3b 35 64 4b 0f 00        cmpl     0xf4b64, %esi
0x0eff7ff8:  73 55                    jae      0xeff804f

----------------
IN: 
0x0eff7fdf:  a1 30 00 e0 fe           movl     0xfee00030, %eax

----------------
IN: 
0x0eff7fe4:  89 04 24                 movl     %eax, (%esp)
0x0eff7fe7:  8d 45 2c                 leal     0x2c(%ebp), %eax
0x0eff7fea:  89 44 24 08              movl     %eax, 8(%esp)
0x0eff7fee:  31 f6                    xorl     %esi, %esi
0x0eff7ff0:  89 c3                    movl     %eax, %ebx
0x0eff7ff2:  3b 35 64 4b 0f 00        cmpl     0xf4b64, %esi
0x0eff7ff8:  73 55                    jae      0xeff804f

----------------
IN: 
0x0eff7ffa:  b9 14 00 00 00           movl     $0x14, %ecx

----------------
IN: 
0x0eff7fff:  31 d2                    xorl     %edx, %edx

----------------
IN: 
0x0eff8001:  89 d8                    movl     %ebx, %eax
0x0eff8003:  e8 1e 37 0f f1           calll    0xeb726

----------------
IN: 
0x0eff8008:  c6 03 00                 movb     $0, (%ebx)
0x0eff800b:  89 f0                    movl     %esi, %eax
0x0eff800d:  88 43 01                 movb     %al, 1(%ebx)
0x0eff8010:  8a 04 24                 movb     (%esp), %al
0x0eff8013:  88 43 02                 movb     %al, 2(%ebx)
0x0eff8016:  89 f0                    movl     %esi, %eax
0x0eff8018:  c0 e8 05                 shrb     $5, %al
0x0eff801b:  0f b6 c0                 movzbl   %al, %eax
0x0eff801e:  8b 04 85 40 4b 0f 00     movl     0xf4b40(, %eax, 4), %eax
0x0eff8025:  89 f1                    movl     %esi, %ecx
0x0eff8027:  d3 e8                    shrl     %cl, %eax
0x0eff8029:  83 e0 01                 andl     $1, %eax
0x0eff802c:  89 c2                    movl     %eax, %edx
0x0eff802e:  85 f6                    testl    %esi, %esi
0x0eff8030:  0f 94 c0                 sete     %al
0x0eff8033:  d1 e0                    shll     $1, %eax
0x0eff8035:  09 d0                    orl      %edx, %eax
0x0eff8037:  88 43 03                 movb     %al, 3(%ebx)
0x0eff803a:  8b 44 24 48              movl     0x48(%esp), %eax
0x0eff803e:  89 43 04                 movl     %eax, 4(%ebx)
0x0eff8041:  8b 44 24 5c              movl     0x5c(%esp), %eax
0x0eff8045:  89 43 08                 movl     %eax, 8(%ebx)
0x0eff8048:  83 c3 14                 addl     $0x14, %ebx
0x0eff804b:  01 fe                    addl     %edi, %esi
0x0eff804d:  eb a3                    jmp      0xeff7ff2

----------------
IN: 
0x0eff7ff2:  3b 35 64 4b 0f 00        cmpl     0xf4b64, %esi
0x0eff7ff8:  73 55                    jae      0xeff804f

----------------
IN: 
0x0eff804f:  89 df                    movl     %ebx, %edi
0x0eff8051:  2b 7c 24 08              subl     8(%esp), %edi
0x0eff8055:  c1 ff 02                 sarl     $2, %edi
0x0eff8058:  69 ff cd cc cc cc        imull    $0xcccccccd, %edi, %edi
0x0eff805e:  89 de                    movl     %ebx, %esi
0x0eff8060:  83 3d f8 fd ff 0e 00     cmpl     $0, 0xefffdf8
0x0eff8067:  74 24                    je       0xeff808d

----------------
IN: 
0x0eff8069:  8d 73 08                 leal     8(%ebx), %esi
0x0eff806c:  b9 08 00 00 00           movl     $8, %ecx
0x0eff8071:  31 d2                    xorl     %edx, %edx
0x0eff8073:  89 d8                    movl     %ebx, %eax
0x0eff8075:  e8 ac 36 0f f1           calll    0xeb726

----------------
IN: 
0x0eff807a:  66 c7 03 01 00           movw     $1, (%ebx)
0x0eff807f:  c7 43 02 50 43 49 20     movl     $0x20494350, 2(%ebx)
0x0eff8086:  66 c7 43 06 20 20        movw     $0x2020, 6(%ebx)
0x0eff808c:  47                       incl     %edi
0x0eff808d:  b9 08 00 00 00           movl     $8, %ecx
0x0eff8092:  31 d2                    xorl     %edx, %edx
0x0eff8094:  89 f0                    movl     %esi, %eax
0x0eff8096:  e8 8b 36 0f f1           calll    0xeb726

----------------
IN: 
0x0eff809b:  c6 06 01                 movb     $1, (%esi)
0x0eff809e:  29 d8                    subl     %ebx, %eax
0x0eff80a0:  c1 f8 03                 sarl     $3, %eax
0x0eff80a3:  89 44 24 0c              movl     %eax, 0xc(%esp)
0x0eff80a7:  8a 44 24 0c              movb     0xc(%esp), %al
0x0eff80ab:  88 46 01                 movb     %al, 1(%esi)
0x0eff80ae:  c7 46 02 49 53 41 20     movl     $0x20415349, 2(%esi)
0x0eff80b5:  66 c7 46 06 20 20        movw     $0x2020, 6(%esi)
0x0eff80bb:  8d 46 08                 leal     8(%esi), %eax
0x0eff80be:  b9 08 00 00 00           movl     $8, %ecx
0x0eff80c3:  e8 5e 36 0f f1           calll    0xeb726

----------------
IN: 
0x0eff80c8:  c7 46 08 02 00 11 01     movl     $0x1110002, 8(%esi)
0x0eff80cf:  c7 46 0c 00 00 c0 fe     movl     $0xfec00000, 0xc(%esi)
0x0eff80d6:  8d 47 02                 leal     2(%edi), %eax
0x0eff80d9:  89 44 24 30              movl     %eax, 0x30(%esp)
0x0eff80dd:  8d 5e 10                 leal     0x10(%esi), %ebx
0x0eff80e0:  a1 f8 fd ff 0e           movl     0xefffdf8, %eax
0x0eff80e5:  83 e8 04                 subl     $4, %eax
0x0eff80e8:  89 04 24                 movl     %eax, (%esp)
0x0eff80eb:  66 c7 44 24 20 00 00     movw     $0, 0x20(%esp)
0x0eff80f2:  c7 44 24 28 ff ff ff ff  movl     $0xffffffff, 0x28(%esp)
0x0eff80fa:  83 3c 24 fc              cmpl     $-4, (%esp)
0x0eff80fe:  0f 84 cb 00 00 00        je       0xeff81cf

----------------
IN: 
0x0eff8104:  8b 04 24                 movl     (%esp), %eax
0x0eff8107:  8b 00                    movl     (%eax), %eax
0x0eff8109:  66 89 44 24 08           movw     %ax, 8(%esp)
0x0eff810e:  66 c1 e8 08              shrw     $8, %ax
0x0eff8112:  0f 85 b7 00 00 00        jne      0xeff81cf

----------------
IN: 
0x0eff8118:  0f b7 7c 24 08           movzwl   8(%esp), %edi
0x0eff811d:  ba 3d 00 00 00           movl     $0x3d, %edx
0x0eff8122:  89 f8                    movl     %edi, %eax
0x0eff8124:  e8 58 24 0f f1           calll    0xea581

----------------
IN: 
0x0eff8129:  88 44 24 18              movb     %al, 0x18(%esp)
0x0eff812d:  0f b6 c8                 movzbl   %al, %ecx
0x0eff8130:  89 4c 24 38              movl     %ecx, 0x38(%esp)
0x0eff8134:  ba 3c 00 00 00           movl     $0x3c, %edx
0x0eff8139:  89 f8                    movl     %edi, %eax
0x0eff813b:  e8 41 24 0f f1           calll    0xea581

----------------
IN: 
0x0eff8140:  89 c7                    movl     %eax, %edi
0x0eff8142:  83 7c 24 38 00           cmpl     $0, 0x38(%esp)
0x0eff8147:  74 75                    je       0xeff81be

----------------
IN: 
0x0eff81be:  8b 04 24                 movl     (%esp), %eax
0x0eff81c1:  8b 40 04                 movl     4(%eax), %eax
0x0eff81c4:  83 e8 04                 subl     $4, %eax
0x0eff81c7:  89 04 24                 movl     %eax, (%esp)
0x0eff81ca:  e9 2b ff ff ff           jmp      0xeff80fa

----------------
IN: 
0x0eff80fa:  83 3c 24 fc              cmpl     $-4, (%esp)
0x0eff80fe:  0f 84 cb 00 00 00        je       0xeff81cf

----------------
IN: 
0x0eff8149:  8b 44 24 08              movl     8(%esp), %eax
0x0eff814d:  25 f8 ff 00 00           andl     $0xfff8, %eax
0x0eff8152:  3b 44 24 28              cmpl     0x28(%esp), %eax
0x0eff8156:  75 10                    jne      0xeff8168

----------------
IN: 
0x0eff8168:  89 44 24 28              movl     %eax, 0x28(%esp)
0x0eff816c:  66 c7 44 24 20 00 00     movw     $0, 0x20(%esp)
0x0eff8173:  b8 01 00 00 00           movl     $1, %eax
0x0eff8178:  8a 4c 24 18              movb     0x18(%esp), %cl
0x0eff817c:  d3 e0                    shll     %cl, %eax
0x0eff817e:  66 09 44 24 20           orw      %ax, 0x20(%esp)
0x0eff8183:  b9 08 00 00 00           movl     $8, %ecx
0x0eff8188:  31 d2                    xorl     %edx, %edx
0x0eff818a:  89 d8                    movl     %ebx, %eax
0x0eff818c:  e8 95 35 0f f1           calll    0xeb726

----------------
IN: 
0x0eff8191:  c7 03 03 00 01 00        movl     $0x10003, (%ebx)
0x0eff8197:  c6 43 04 00              movb     $0, 4(%ebx)
0x0eff819b:  8b 44 24 08              movl     8(%esp), %eax
0x0eff819f:  66 c1 e8 03              shrw     $3, %ax
0x0eff81a3:  c1 e0 02                 shll     $2, %eax
0x0eff81a6:  8a 4c 24 18              movb     0x18(%esp), %cl
0x0eff81aa:  8d 51 ff                 leal     -1(%ecx), %edx
0x0eff81ad:  09 d0                    orl      %edx, %eax
0x0eff81af:  88 43 05                 movb     %al, 5(%ebx)
0x0eff81b2:  c6 43 06 00              movb     $0, 6(%ebx)
0x0eff81b6:  89 f8                    movl     %edi, %eax
0x0eff81b8:  88 43 07                 movb     %al, 7(%ebx)
0x0eff81bb:  83 c3 08                 addl     $8, %ebx
0x0eff81be:  8b 04 24                 movl     (%esp), %eax
0x0eff81c1:  8b 40 04                 movl     4(%eax), %eax
0x0eff81c4:  83 e8 04                 subl     $4, %eax
0x0eff81c7:  89 04 24                 movl     %eax, (%esp)
0x0eff81ca:  e9 2b ff ff ff           jmp      0xeff80fa

----------------
IN: 
0x0eff81cf:  31 d2                    xorl     %edx, %edx
0x0eff81d1:  31 c9                    xorl     %ecx, %ecx
0x0eff81d3:  b8 7e 1f 0f 00           movl     $0xf1f7e, %eax
0x0eff81d8:  e8 de 5f ff ff           calll    0xefee1bb

----------------
IN: 
0x0eff81dd:  89 04 24                 movl     %eax, (%esp)
0x0eff81e0:  31 ff                    xorl     %edi, %edi
0x0eff81e2:  b9 08 00 00 00           movl     $8, %ecx
0x0eff81e7:  31 d2                    xorl     %edx, %edx
0x0eff81e9:  89 d8                    movl     %ebx, %eax
0x0eff81eb:  e8 36 35 0f f1           calll    0xeb726

----------------
IN: 
0x0eff81f0:  b8 20 0e 00 00           movl     $0xe20, %eax
0x0eff81f5:  89 f9                    movl     %edi, %ecx
0x0eff81f7:  0f a3 c8                 btl      %ecx, %eax
0x0eff81fa:  72 32                    jb       0xeff822e

----------------
IN: 
0x0eff81fc:  c7 03 03 00 00 00        movl     $3, (%ebx)
0x0eff8202:  8a 44 24 0c              movb     0xc(%esp), %al
0x0eff8206:  88 43 04                 movb     %al, 4(%ebx)
0x0eff8209:  88 4b 05                 movb     %cl, 5(%ebx)
0x0eff820c:  c6 43 06 00              movb     $0, 6(%ebx)
0x0eff8210:  88 4b 07                 movb     %cl, 7(%ebx)
0x0eff8213:  83 3c 24 00              cmpl     $0, (%esp)
0x0eff8217:  74 12                    je       0xeff822b

----------------
IN: 
0x0eff8219:  85 ff                    testl    %edi, %edi
0x0eff821b:  75 06                    jne      0xeff8223

----------------
IN: 
0x0eff821d:  c6 43 07 02              movb     $2, 7(%ebx)
0x0eff8221:  eb 08                    jmp      0xeff822b

----------------
IN: 
0x0eff822b:  83 c3 08                 addl     $8, %ebx
0x0eff822e:  47                       incl     %edi
0x0eff822f:  83 ff 10                 cmpl     $0x10, %edi
0x0eff8232:  75 ae                    jne      0xeff81e2

----------------
IN: 
0x0eff81e2:  b9 08 00 00 00           movl     $8, %ecx
0x0eff81e7:  31 d2                    xorl     %edx, %edx
0x0eff81e9:  89 d8                    movl     %ebx, %eax
0x0eff81eb:  e8 36 35 0f f1           calll    0xeb726

----------------
IN: 
0x0eff8223:  83 ff 02                 cmpl     $2, %edi
0x0eff8226:  75 03                    jne      0xeff822b

----------------
IN: 
0x0eff8228:  83 eb 08                 subl     $8, %ebx
0x0eff822b:  83 c3 08                 addl     $8, %ebx
0x0eff822e:  47                       incl     %edi
0x0eff822f:  83 ff 10                 cmpl     $0x10, %edi
0x0eff8232:  75 ae                    jne      0xeff81e2

----------------
IN: 
0x0eff822e:  47                       incl     %edi
0x0eff822f:  83 ff 10                 cmpl     $0x10, %edi
0x0eff8232:  75 ae                    jne      0xeff81e2

----------------
IN: 
0x0eff8234:  c7 03 04 03 00 00        movl     $0x304, (%ebx)
0x0eff823a:  8a 44 24 0c              movb     0xc(%esp), %al
0x0eff823e:  88 43 04                 movb     %al, 4(%ebx)
0x0eff8241:  c7 43 05 00 00 00 04     movl     $0x4000000, 5(%ebx)
0x0eff8248:  66 c7 43 09 01 00        movw     $1, 9(%ebx)
0x0eff824e:  c6 43 0b 00              movb     $0, 0xb(%ebx)
0x0eff8252:  88 43 0c                 movb     %al, 0xc(%ebx)
0x0eff8255:  66 c7 43 0d 00 ff        movw     $0xff00, 0xd(%ebx)
0x0eff825b:  c6 43 0f 01              movb     $1, 0xf(%ebx)
0x0eff825f:  8d 53 10                 leal     0x10(%ebx), %edx
0x0eff8262:  29 ea                    subl     %ebp, %edx
0x0eff8264:  29 f3                    subl     %esi, %ebx
0x0eff8266:  c1 fb 03                 sarl     $3, %ebx
0x0eff8269:  03 5c 24 30              addl     0x30(%esp), %ebx
0x0eff826d:  66 89 5d 22              movw     %bx, 0x22(%ebp)
0x0eff8271:  66 89 55 04              movw     %dx, 4(%ebp)
0x0eff8275:  89 e8                    movl     %ebp, %eax
0x0eff8277:  e8 d7 33 0f f1           calll    0xeb653

----------------
IN: 
0x0eff827c:  28 45 07                 subb     %al, 7(%ebp)
0x0eff827f:  b9 10 00 00 00           movl     $0x10, %ecx
0x0eff8284:  31 d2                    xorl     %edx, %edx
0x0eff8286:  8d 44 24 68              leal     0x68(%esp), %eax
0x0eff828a:  e8 97 34 0f f1           calll    0xeb726

----------------
IN: 
0x0eff828f:  c7 44 24 68 5f 4d 50 5f  movl     $0x5f504d5f, 0x68(%esp)
0x0eff8297:  89 6c 24 6c              movl     %ebp, 0x6c(%esp)
0x0eff829b:  66 c7 44 24 70 01 04     movw     $0x401, 0x70(%esp)
0x0eff82a2:  ba 10 00 00 00           movl     $0x10, %edx
0x0eff82a7:  e8 a7 33 0f f1           calll    0xeb653

----------------
IN: 
0x0eff82ac:  28 44 24 72              subb     %al, 0x72(%esp)
0x0eff82b0:  8d 44 24 68              leal     0x68(%esp), %eax
0x0eff82b4:  e8 36 9a ff ff           calll    0xeff1cef

----------------
IN: 
0x0eff1cef:  55                       pushl    %ebp
0x0eff1cf0:  57                       pushl    %edi
0x0eff1cf1:  56                       pushl    %esi
0x0eff1cf2:  53                       pushl    %ebx
0x0eff1cf3:  83 ec 08                 subl     $8, %esp
0x0eff1cf6:  8b 70 04                 movl     4(%eax), %esi
0x0eff1cf9:  85 f6                    testl    %esi, %esi
0x0eff1cfb:  0f 84 9b 00 00 00        je       0xeff1d9c

----------------
IN: 
0x0eff1d01:  89 c3                    movl     %eax, %ebx
0x0eff1d03:  ba 10 00 00 00           movl     $0x10, %edx
0x0eff1d08:  e8 46 99 0f f1           calll    0xeb653

----------------
IN: 
0x0eff1d0d:  84 c0                    testb    %al, %al
0x0eff1d0f:  0f 85 87 00 00 00        jne      0xeff1d9c

----------------
IN: 
0x0eff1d15:  0f b6 43 08              movzbl   8(%ebx), %eax
0x0eff1d19:  c1 e0 04                 shll     $4, %eax
0x0eff1d1c:  89 04 24                 movl     %eax, (%esp)
0x0eff1d1f:  0f b7 46 04              movzwl   4(%esi), %eax
0x0eff1d23:  89 44 24 04              movl     %eax, 4(%esp)
0x0eff1d27:  8b 04 24                 movl     (%esp), %eax
0x0eff1d2a:  03 44 24 04              addl     4(%esp), %eax
0x0eff1d2e:  3d 58 02 00 00           cmpl     $0x258, %eax
0x0eff1d33:  76 0f                    jbe      0xeff1d44

----------------
IN: 
0x0eff1d44:  e8 2a cd ff ff           calll    0xefeea73

----------------
IN: 
0x0eff1d49:  89 c5                    movl     %eax, %ebp
0x0eff1d4b:  85 c0                    testl    %eax, %eax
0x0eff1d4d:  75 16                    jne      0xeff1d65

----------------
IN: 
0x0eff1d65:  50                       pushl    %eax
0x0eff1d66:  ff 73 04                 pushl    4(%ebx)
0x0eff1d69:  53                       pushl    %ebx
0x0eff1d6a:  68 c6 19 0f 00           pushl    $0xf19c6
0x0eff1d6f:  e8 ae b1 0f f1           calll    0xecf22

----------------
IN: 
0x0eff1d74:  89 ef                    movl     %ebp, %edi
0x0eff1d76:  89 de                    movl     %ebx, %esi
0x0eff1d78:  8b 4c 24 10              movl     0x10(%esp), %ecx
0x0eff1d7c:  f3 a4                    rep movsb (%esi), %es:(%edi)

----------------
IN: 
0x0eff1d7e:  89 7d 04                 movl     %edi, 4(%ebp)
0x0eff1d81:  ba 10 00 00 00           movl     $0x10, %edx
0x0eff1d86:  89 e8                    movl     %ebp, %eax
0x0eff1d88:  e8 c6 98 0f f1           calll    0xeb653

----------------
IN: 
0x0eff1d8d:  28 45 0a                 subb     %al, 0xa(%ebp)
0x0eff1d90:  8b 73 04                 movl     4(%ebx), %esi
0x0eff1d93:  8b 4c 24 14              movl     0x14(%esp), %ecx
0x0eff1d97:  f3 a4                    rep movsb (%esi), %es:(%edi)

----------------
IN: 
0x0eff1d99:  83 c4 10                 addl     $0x10, %esp
0x0eff1d9c:  83 c4 08                 addl     $8, %esp
0x0eff1d9f:  5b                       popl     %ebx
0x0eff1da0:  5e                       popl     %esi
0x0eff1da1:  5f                       popl     %edi
0x0eff1da2:  5d                       popl     %ebp
0x0eff1da3:  c3                       retl     

----------------
IN: 
0x0eff82b9:  89 e8                    movl     %ebp, %eax
0x0eff82bb:  e8 23 62 ff ff           calll    0xefee4e3

----------------
IN: 
0x0eff82c0:  b8 91 2d 0f 00           movl     $0xf2d91, %eax
0x0eff82c5:  e8 c0 5e ff ff           calll    0xefee18a

----------------
IN: 
0x0eff82ca:  89 c3                    movl     %eax, %ebx
0x0eff82cc:  b8 aa 2d 0f 00           movl     $0xf2daa, %eax
0x0eff82d1:  e8 b4 5e ff ff           calll    0xefee18a

----------------
IN: 
0x0eff82d6:  89 c6                    movl     %eax, %esi
0x0eff82d8:  85 db                    testl    %ebx, %ebx
0x0eff82da:  0f 84 4b 01 00 00        je       0xeff842b

----------------
IN: 
0x0eff82e0:  85 c0                    testl    %eax, %eax
0x0eff82e2:  0f 84 43 01 00 00        je       0xeff842b

----------------
IN: 
0x0eff82e8:  8b 8b 84 00 00 00        movl     0x84(%ebx), %ecx
0x0eff82ee:  83 f9 1f                 cmpl     $0x1f, %ecx
0x0eff82f1:  0f 87 34 01 00 00        ja       0xeff842b

----------------
IN: 
0x0eff82f7:  8d 54 24 68              leal     0x68(%esp), %edx
0x0eff82fb:  89 d8                    movl     %ebx, %eax
0x0eff82fd:  ff 93 88 00 00 00        calll    *0x88(%ebx)

----------------
IN: 
0x0eff8303:  8b 83 84 00 00 00        movl     0x84(%ebx), %eax
0x0eff8309:  83 f8 1f                 cmpl     $0x1f, %eax
0x0eff830c:  0f 85 b9 00 00 00        jne      0xeff83cb

----------------
IN: 
0x0eff8312:  81 7c 24 68 5f 53 4d 5f  cmpl     $0x5f4d535f, 0x68(%esp)
0x0eff831a:  0f 85 00 01 00 00        jne      0xeff8420

----------------
IN: 
0x0eff8320:  8b 84 24 80 00 00 00     movl     0x80(%esp), %eax
0x0eff8327:  89 44 24 5c              movl     %eax, 0x5c(%esp)
0x0eff832b:  31 db                    xorl     %ebx, %ebx
0x0eff832d:  89 5c 24 60              movl     %ebx, 0x60(%esp)
0x0eff8331:  0f b7 44 24 7e           movzwl   0x7e(%esp), %eax
0x0eff8336:  89 44 24 54              movl     %eax, 0x54(%esp)
0x0eff833a:  8d 4c 24 54              leal     0x54(%esp), %ecx
0x0eff833e:  8d 84 24 84 00 00 00     leal     0x84(%esp), %eax
0x0eff8345:  50                       pushl    %eax
0x0eff8346:  8d 44 24 74              leal     0x74(%esp), %eax
0x0eff834a:  50                       pushl    %eax
0x0eff834b:  8d 54 24 64              leal     0x64(%esp), %edx
0x0eff834f:  89 f0                    movl     %esi, %eax
0x0eff8351:  e8 4e 9a ff ff           calll    0xeff1da4

----------------
IN: 
0x0eff1da4:  55                       pushl    %ebp
0x0eff1da5:  57                       pushl    %edi
0x0eff1da6:  56                       pushl    %esi
0x0eff1da7:  53                       pushl    %ebx
0x0eff1da8:  83 ec 0c                 subl     $0xc, %esp
0x0eff1dab:  89 d5                    movl     %edx, %ebp
0x0eff1dad:  8b 7c 24 20              movl     0x20(%esp), %edi
0x0eff1db1:  8b 74 24 24              movl     0x24(%esp), %esi
0x0eff1db5:  8b 90 84 00 00 00        movl     0x84(%eax), %edx
0x0eff1dbb:  3b 11                    cmpl     (%ecx), %edx
0x0eff1dbd:  75 25                    jne      0xeff1de4

----------------
IN: 
0x0eff1dbf:  89 cb                    movl     %ecx, %ebx
0x0eff1dc1:  89 6c 24 04              movl     %ebp, 4(%esp)
0x0eff1dc5:  89 c5                    movl     %eax, %ebp
0x0eff1dc7:  89 d0                    movl     %edx, %eax
0x0eff1dc9:  e8 63 cc ff ff           calll    0xefeea31

----------------
IN: 
0x0eff1dce:  89 04 24                 movl     %eax, (%esp)
0x0eff1dd1:  85 c0                    testl    %eax, %eax
0x0eff1dd3:  75 16                    jne      0xeff1deb

----------------
IN: 
0x0eff1deb:  8b 8d 84 00 00 00        movl     0x84(%ebp), %ecx
0x0eff1df1:  8b 14 24                 movl     (%esp), %edx
0x0eff1df4:  89 e8                    movl     %ebp, %eax
0x0eff1df6:  ff 95 88 00 00 00        calll    *0x88(%ebp)

----------------
IN: 
0x0eff1dfc:  8b 85 84 00 00 00        movl     0x84(%ebp), %eax
0x0eff1e02:  89 44 24 08              movl     %eax, 8(%esp)
0x0eff1e06:  31 c9                    xorl     %ecx, %ecx
0x0eff1e08:  89 c2                    movl     %eax, %edx
0x0eff1e0a:  8b 04 24                 movl     (%esp), %eax
0x0eff1e0d:  e8 37 a9 ff ff           calll    0xefec749

----------------
IN: 
0x0efec749:  85 c0                    testl    %eax, %eax
0x0efec74b:  74 5c                    je       0xefec7a9

----------------
IN: 
0x0efec74d:  01 c2                    addl     %eax, %edx
0x0efec74f:  85 c9                    testl    %ecx, %ecx
0x0efec751:  74 27                    je       0xefec77a

----------------
IN: 
0x0efec77a:  39 d0                    cmpl     %edx, %eax
0x0efec77c:  72 17                    jb       0xefec795

----------------
IN: 
0x0efec795:  8d 48 04                 leal     4(%eax), %ecx
0x0efec798:  39 d1                    cmpl     %edx, %ecx
0x0efec79a:  73 0a                    jae      0xefec7a6

----------------
IN: 
0x0efec79c:  0f b6 48 01              movzbl   1(%eax), %ecx
0x0efec7a0:  01 c1                    addl     %eax, %ecx
0x0efec7a2:  39 d1                    cmpl     %edx, %ecx
0x0efec7a4:  72 03                    jb       0xefec7a9

----------------
IN: 
0x0efec7a9:  c3                       retl     

----------------
IN: 
0x0eff1e12:  85 c0                    testl    %eax, %eax
0x0eff1e14:  74 0d                    je       0xeff1e23

----------------
IN: 
0x0eff1e16:  80 38 00                 cmpb     $0, (%eax)
0x0eff1e19:  74 4d                    je       0xeff1e68

----------------
IN: 
0x0eff1e1b:  89 c1                    movl     %eax, %ecx
0x0eff1e1d:  8b 54 24 08              movl     8(%esp), %edx
0x0eff1e21:  eb e7                    jmp      0xeff1e0a

----------------
IN: 
0x0eff1e0a:  8b 04 24                 movl     (%esp), %eax
0x0eff1e0d:  e8 37 a9 ff ff           calll    0xefec749

----------------
IN: 
0x0efec753:  53                       pushl    %ebx
0x0efec754:  8d 59 04                 leal     4(%ecx), %ebx
0x0efec757:  31 c0                    xorl     %eax, %eax
0x0efec759:  39 da                    cmpl     %ebx, %edx
0x0efec75b:  72 36                    jb       0xefec793

----------------
IN: 
0x0efec75d:  0f b6 41 01              movzbl   1(%ecx), %eax
0x0efec761:  8d 44 01 02              leal     2(%ecx, %eax), %eax
0x0efec765:  39 d0                    cmpl     %edx, %eax
0x0efec767:  73 28                    jae      0xefec791

----------------
IN: 
0x0efec769:  80 78 ff 00              cmpb     $0, -1(%eax)
0x0efec76d:  74 03                    je       0xefec772

----------------
IN: 
0x0efec76f:  40                       incl     %eax
0x0efec770:  eb f3                    jmp      0xefec765

----------------
IN: 
0x0efec765:  39 d0                    cmpl     %edx, %eax
0x0efec767:  73 28                    jae      0xefec791

----------------
IN: 
0x0efec772:  80 78 fe 00              cmpb     $0, -2(%eax)
0x0efec776:  75 f7                    jne      0xefec76f

----------------
IN: 
0x0efec778:  eb 06                    jmp      0xefec780

----------------
IN: 
0x0efec780:  8d 48 04                 leal     4(%eax), %ecx
0x0efec783:  39 d1                    cmpl     %edx, %ecx
0x0efec785:  73 0a                    jae      0xefec791

----------------
IN: 
0x0efec787:  0f b6 48 01              movzbl   1(%eax), %ecx
0x0efec78b:  01 c1                    addl     %eax, %ecx
0x0efec78d:  39 d1                    cmpl     %edx, %ecx
0x0efec78f:  72 02                    jb       0xefec793

----------------
IN: 
0x0efec793:  5b                       popl     %ebx
0x0efec794:  c3                       retl     

----------------
IN: 
0x0efec791:  31 c0                    xorl     %eax, %eax
0x0efec793:  5b                       popl     %ebx
0x0efec794:  c3                       retl     

----------------
IN: 
0x0eff1e23:  b8 2d 1a 0f 00           movl     $0xf1a2d, %eax
0x0eff1e28:  e8 d3 85 0f f1           calll    0xea400

----------------
IN: 
0x0eff1e2d:  89 c1                    movl     %eax, %ecx
0x0eff1e2f:  b8 c0 4a 0f 00           movl     $0xf4ac0, %eax
0x0eff1e34:  e8 c7 85 0f f1           calll    0xea400

----------------
IN: 
0x0eff1e39:  01 c1                    addl     %eax, %ecx
0x0eff1e3b:  b8 35 1a 0f 00           movl     $0xf1a35, %eax
0x0eff1e40:  e8 bb 85 0f f1           calll    0xea400

----------------
IN: 
0x0eff1e45:  8d 44 01 1c              leal     0x1c(%ecx, %eax), %eax
0x0eff1e49:  0f b7 d0                 movzwl   %ax, %edx
0x0eff1e4c:  8b 2b                    movl     (%ebx), %ebp
0x0eff1e4e:  b9 ff ff 00 00           movl     $0xffff, %ecx
0x0eff1e53:  29 e9                    subl     %ebp, %ecx
0x0eff1e55:  39 d1                    cmpl     %edx, %ecx
0x0eff1e57:  73 13                    jae      0xeff1e6c

----------------
IN: 
0x0eff1e6c:  01 ea                    addl     %ebp, %edx
0x0eff1e6e:  89 13                    movl     %edx, (%ebx)
0x0eff1e70:  85 ff                    testl    %edi, %edi
0x0eff1e72:  0f 85 43 01 00 00        jne      0xeff1fbb

----------------
IN: 
0x0eff1fbb:  66 39 07                 cmpw     %ax, (%edi)
0x0eff1fbe:  0f 83 b4 fe ff ff        jae      0xeff1e78

----------------
IN: 
0x0eff1fc4:  66 89 07                 movw     %ax, (%edi)
0x0eff1fc7:  e9 ac fe ff ff           jmp      0xeff1e78

----------------
IN: 
0x0eff1e78:  85 f6                    testl    %esi, %esi
0x0eff1e7a:  74 03                    je       0xeff1e7f

----------------
IN: 
0x0eff1e7c:  66 ff 06                 incw     (%esi)
0x0eff1e7f:  be 01 00 00 00           movl     $1, %esi
0x0eff1e84:  8b 03                    movl     (%ebx), %eax
0x0eff1e86:  3d 58 02 00 00           cmpl     $0x258, %eax
0x0eff1e8b:  76 07                    jbe      0xeff1e94

----------------
IN: 
0x0eff1e94:  e8 da cb ff ff           calll    0xefeea73

----------------
IN: 
0x0eff1e99:  89 c3                    movl     %eax, %ebx
0x0eff1e9b:  85 c0                    testl    %eax, %eax
0x0eff1e9d:  75 1c                    jne      0xeff1ebb

----------------
IN: 
0x0eff1ebb:  8b 44 24 04              movl     4(%esp), %eax
0x0eff1ebf:  89 18                    movl     %ebx, (%eax)
0x0eff1ec1:  31 c9                    xorl     %ecx, %ecx
0x0eff1ec3:  89 48 04                 movl     %ecx, 4(%eax)
0x0eff1ec6:  85 f6                    testl    %esi, %esi
0x0eff1ec8:  0f 84 d3 00 00 00        je       0xeff1fa1

----------------
IN: 
0x0eff1ece:  8d 6b 18                 leal     0x18(%ebx), %ebp
0x0eff1ed1:  c7 03 00 18 00 00        movl     $0x1800, (%ebx)
0x0eff1ed7:  b8 2d 1a 0f 00           movl     $0xf1a2d, %eax
0x0eff1edc:  e8 1f 85 0f f1           calll    0xea400

----------------
IN: 
0x0eff1ee1:  8d 48 01                 leal     1(%eax), %ecx
0x0eff1ee4:  83 f9 01                 cmpl     $1, %ecx
0x0eff1ee7:  7e 17                    jle      0xeff1f00

----------------
IN: 
0x0eff1ee9:  be 2d 1a 0f 00           movl     $0xf1a2d, %esi
0x0eff1eee:  89 ef                    movl     %ebp, %edi
0x0eff1ef0:  f3 a4                    rep movsb (%esi), %es:(%edi)

----------------
IN: 
0x0eff1ef2:  89 fd                    movl     %edi, %ebp
0x0eff1ef4:  b0 01                    movb     $1, %al
0x0eff1ef6:  c7 44 24 04 01 00 00 00  movl     $1, 4(%esp)
0x0eff1efe:  eb 08                    jmp      0xeff1f08

----------------
IN: 
0x0eff1f08:  88 43 04                 movb     %al, 4(%ebx)
0x0eff1f0b:  be c0 4a 0f 00           movl     $0xf4ac0, %esi
0x0eff1f10:  31 ff                    xorl     %edi, %edi
0x0eff1f12:  85 f6                    testl    %esi, %esi
0x0eff1f14:  74 1d                    je       0xeff1f33

----------------
IN: 
0x0eff1f16:  89 f0                    movl     %esi, %eax
0x0eff1f18:  e8 e3 84 0f f1           calll    0xea400

----------------
IN: 
0x0eff1f1d:  8d 48 01                 leal     1(%eax), %ecx
0x0eff1f20:  83 f9 01                 cmpl     $1, %ecx
0x0eff1f23:  7e 0e                    jle      0xeff1f33

----------------
IN: 
0x0eff1f25:  89 ef                    movl     %ebp, %edi
0x0eff1f27:  f3 a4                    rep movsb (%esi), %es:(%edi)

----------------
IN: 
0x0eff1f29:  89 fd                    movl     %edi, %ebp
0x0eff1f2b:  ff 44 24 04              incl     4(%esp)
0x0eff1f2f:  8b 7c 24 04              movl     4(%esp), %edi
0x0eff1f33:  89 f8                    movl     %edi, %eax
0x0eff1f35:  88 43 05                 movb     %al, 5(%ebx)
0x0eff1f38:  66 c7 43 06 00 e8        movw     $0xe800, 6(%ebx)
0x0eff1f3e:  b8 35 1a 0f 00           movl     $0xf1a35, %eax
0x0eff1f43:  e8 b8 84 0f f1           calll    0xea400

----------------
IN: 
0x0eff1f48:  8d 48 01                 leal     1(%eax), %ecx
0x0eff1f4b:  31 c0                    xorl     %eax, %eax
0x0eff1f4d:  83 f9 01                 cmpl     $1, %ecx
0x0eff1f50:  7e 13                    jle      0xeff1f65

----------------
IN: 
0x0eff1f52:  be 35 1a 0f 00           movl     $0xf1a35, %esi
0x0eff1f57:  89 ef                    movl     %ebp, %edi
0x0eff1f59:  f3 a4                    rep movsb (%esi), %es:(%edi)

----------------
IN: 
0x0eff1f5b:  89 fd                    movl     %edi, %ebp
0x0eff1f5d:  ff 44 24 04              incl     4(%esp)
0x0eff1f61:  8a 44 24 04              movb     4(%esp), %al
0x0eff1f65:  88 43 08                 movb     %al, 8(%ebx)
0x0eff1f68:  c6 43 09 00              movb     $0, 9(%ebx)
0x0eff1f6c:  8d 43 0a                 leal     0xa(%ebx), %eax
0x0eff1f6f:  b9 08 00 00 00           movl     $8, %ecx
0x0eff1f74:  31 d2                    xorl     %edx, %edx
0x0eff1f76:  e8 ab 97 0f f1           calll    0xeb726

----------------
IN: 
0x0eff1f7b:  c6 43 0a 08              movb     $8, 0xa(%ebx)
0x0eff1f7f:  c7 43 12 00 04 00 00     movl     $0x400, 0x12(%ebx)
0x0eff1f86:  66 c7 43 16 ff ff        movw     $0xffff, 0x16(%ebx)
0x0eff1f8c:  c6 45 00 00              movb     $0, (%ebp)
0x0eff1f90:  8d 5d 01                 leal     1(%ebp), %ebx
0x0eff1f93:  83 7c 24 04 00           cmpl     $0, 4(%esp)
0x0eff1f98:  75 07                    jne      0xeff1fa1

----------------
IN: 
0x0eff1fa1:  89 df                    movl     %ebx, %edi
0x0eff1fa3:  8b 34 24                 movl     (%esp), %esi
0x0eff1fa6:  8b 4c 24 08              movl     8(%esp), %ecx
0x0eff1faa:  f3 a4                    rep movsb (%esi), %es:(%edi)

----------------
IN: 
0x0eff1fac:  8b 04 24                 movl     (%esp), %eax
0x0eff1faf:  e8 2f c5 ff ff           calll    0xefee4e3

----------------
IN: 
0x0eff1fb4:  b8 01 00 00 00           movl     $1, %eax
0x0eff1fb9:  eb 11                    jmp      0xeff1fcc

----------------
IN: 
0x0eff1fcc:  83 c4 0c                 addl     $0xc, %esp
0x0eff1fcf:  5b                       popl     %ebx
0x0eff1fd0:  5e                       popl     %esi
0x0eff1fd1:  5f                       popl     %edi
0x0eff1fd2:  5d                       popl     %ebp
0x0eff1fd3:  c3                       retl     

----------------
IN: 
0x0eff8356:  5e                       popl     %esi
0x0eff8357:  5f                       popl     %edi
0x0eff8358:  85 c0                    testl    %eax, %eax
0x0eff835a:  0f 84 cb 00 00 00        je       0xeff842b

----------------
IN: 
0x0eff8360:  8b 54 24 5c              movl     0x5c(%esp), %edx
0x0eff8364:  83 7c 24 60 00           cmpl     $0, 0x60(%esp)
0x0eff8369:  75 0b                    jne      0xeff8376

----------------
IN: 
0x0eff836b:  8b 44 24 54              movl     0x54(%esp), %eax
0x0eff836f:  3d ff ff 00 00           cmpl     $0xffff, %eax
0x0eff8374:  76 14                    jbe      0xeff838a

----------------
IN: 
0x0eff838a:  89 94 24 80 00 00 00     movl     %edx, 0x80(%esp)
0x0eff8391:  66 89 44 24 7e           movw     %ax, 0x7e(%esp)
0x0eff8396:  ba 10 00 00 00           movl     $0x10, %edx
0x0eff839b:  8d 44 24 68              leal     0x68(%esp), %eax
0x0eff839f:  e8 af 32 0f f1           calll    0xeb653

----------------
IN: 
0x0eff83a4:  28 44 24 6c              subb     %al, 0x6c(%esp)
0x0eff83a8:  0f b6 54 24 6d           movzbl   0x6d(%esp), %edx
0x0eff83ad:  83 ea 10                 subl     $0x10, %edx
0x0eff83b0:  8d 44 24 78              leal     0x78(%esp), %eax
0x0eff83b4:  e8 9a 32 0f f1           calll    0xeb653

----------------
IN: 
0x0eff83b9:  28 44 24 7d              subb     %al, 0x7d(%esp)
0x0eff83bd:  8d 44 24 68              leal     0x68(%esp), %eax
0x0eff83c1:  e8 7c 98 ff ff           calll    0xeff1c42

----------------
IN: 
0x0eff1c42:  83 3d 30 ff ff 0e 00     cmpl     $0, 0xeffff30
0x0eff1c49:  75 5b                    jne      0xeff1ca6

----------------
IN: 
0x0eff1c4b:  81 38 5f 53 4d 5f        cmpl     $0x5f4d535f, (%eax)
0x0eff1c51:  75 53                    jne      0xeff1ca6

----------------
IN: 
0x0eff1c53:  57                       pushl    %edi
0x0eff1c54:  56                       pushl    %esi
0x0eff1c55:  53                       pushl    %ebx
0x0eff1c56:  89 c3                    movl     %eax, %ebx
0x0eff1c58:  ba 10 00 00 00           movl     $0x10, %edx
0x0eff1c5d:  e8 f1 99 0f f1           calll    0xeb653

----------------
IN: 
0x0eff1c62:  84 c0                    testb    %al, %al
0x0eff1c64:  75 3c                    jne      0xeff1ca2

----------------
IN: 
0x0eff1c66:  b9 05 00 00 00           movl     $5, %ecx
0x0eff1c6b:  ba 74 19 0f 00           movl     $0xf1974, %edx
0x0eff1c70:  8d 43 10                 leal     0x10(%ebx), %eax
0x0eff1c73:  e8 95 87 0f f1           calll    0xea40d

----------------
IN: 
0x0eff1c78:  85 c0                    testl    %eax, %eax
0x0eff1c7a:  75 26                    jne      0xeff1ca2

----------------
IN: 
0x0eff1c7c:  0f b6 73 05              movzbl   5(%ebx), %esi
0x0eff1c80:  8d 56 f0                 leal     -0x10(%esi), %edx
0x0eff1c83:  8d 43 10                 leal     0x10(%ebx), %eax
0x0eff1c86:  e8 c8 99 0f f1           calll    0xeb653

----------------
IN: 
0x0eff1c8b:  84 c0                    testb    %al, %al
0x0eff1c8d:  75 13                    jne      0xeff1ca2

----------------
IN: 
0x0eff1c8f:  89 f1                    movl     %esi, %ecx
0x0eff1c91:  89 da                    movl     %ebx, %edx
0x0eff1c93:  b8 7a 19 0f 00           movl     $0xf197a, %eax
0x0eff1c98:  e8 2f ff ff ff           calll    0xeff1bcc

----------------
IN: 
0x0eff1c9d:  a3 30 ff ff 0e           movl     %eax, 0xeffff30
0x0eff1ca2:  5b                       popl     %ebx
0x0eff1ca3:  5e                       popl     %esi
0x0eff1ca4:  5f                       popl     %edi
0x0eff1ca5:  c3                       retl     

----------------
IN: 
0x0eff83c6:  e9 5c 0b 00 00           jmp      0xeff8f27

----------------
IN: 
0x0eff8f27:  8d 54 24 5c              leal     0x5c(%esp), %edx
0x0eff8f2b:  b8 06 20 0f 00           movl     $0xf2006, %eax
0x0eff8f30:  e8 4b 5c ff ff           calll    0xefeeb80

----------------
IN: 
0x0efeeb9b:  8d 45 01                 leal     1(%ebp), %eax
0x0efeeb9e:  e8 8e fe ff ff           calll    0xefeea31

----------------
IN: 
0x0efeeba3:  89 c3                    movl     %eax, %ebx
0x0efeeba5:  85 c0                    testl    %eax, %eax
0x0efeeba7:  75 13                    jne      0xefeebbc

----------------
IN: 
0x0efeebbc:  89 e9                    movl     %ebp, %ecx
0x0efeebbe:  89 c2                    movl     %eax, %edx
0x0efeebc0:  89 f0                    movl     %esi, %eax
0x0efeebc2:  ff 96 88 00 00 00        calll    *0x88(%esi)

----------------
IN: 
0x0efeebc8:  85 c0                    testl    %eax, %eax
0x0efeebca:  79 09                    jns      0xefeebd5

----------------
IN: 
0x0efeebd5:  85 ff                    testl    %edi, %edi
0x0efeebd7:  74 02                    je       0xefeebdb

----------------
IN: 
0x0efeebd9:  89 2f                    movl     %ebp, (%edi)
0x0efeebdb:  c6 04 2b 00              movb     $0, (%ebx, %ebp)
0x0efeebdf:  89 d8                    movl     %ebx, %eax
0x0efeebe1:  5b                       popl     %ebx
0x0efeebe2:  5e                       popl     %esi
0x0efeebe3:  5f                       popl     %edi
0x0efeebe4:  5d                       popl     %ebp
0x0efeebe5:  c3                       retl     

----------------
IN: 
0x0eff8f35:  89 44 24 08              movl     %eax, 8(%esp)
0x0eff8f39:  85 c0                    testl    %eax, %eax
0x0eff8f3b:  0f 84 3e 04 00 00        je       0xeff937f

----------------
IN: 
0x0eff8f41:  8b 44 24 5c              movl     0x5c(%esp), %eax
0x0eff8f45:  89 44 24 0c              movl     %eax, 0xc(%esp)
0x0eff8f49:  83 e0 7f                 andl     $0x7f, %eax
0x0eff8f4c:  89 44 24 14              movl     %eax, 0x14(%esp)
0x0eff8f50:  74 14                    je       0xeff8f66

----------------
IN: 
0x0eff8f66:  8b 44 24 0c              movl     0xc(%esp), %eax
0x0eff8f6a:  c1 e8 07                 shrl     $7, %eax
0x0eff8f6d:  8d 04 c5 04 00 00 00     leal     4(, %eax, 8), %eax
0x0eff8f74:  e8 c9 5a ff ff           calll    0xefeea42

----------------
IN: 
0x0eff8f79:  89 04 24                 movl     %eax, (%esp)
0x0eff8f7c:  85 c0                    testl    %eax, %eax
0x0eff8f7e:  75 14                    jne      0xeff8f94

----------------
IN: 
0x0eff8f94:  8b 04 24                 movl     (%esp), %eax
0x0eff8f97:  31 d2                    xorl     %edx, %edx
0x0eff8f99:  89 10                    movl     %edx, (%eax)
0x0eff8f9b:  8b 44 24 08              movl     8(%esp), %eax
0x0eff8f9f:  8d 68 04                 leal     4(%eax), %ebp
0x0eff8fa2:  b8 fc ff ff ff           movl     $0xfffffffc, %eax
0x0eff8fa7:  2b 44 24 08              subl     8(%esp), %eax
0x0eff8fab:  89 44 24 28              movl     %eax, 0x28(%esp)
0x0eff8faf:  8b 44 24 28              movl     0x28(%esp), %eax
0x0eff8fb3:  01 e8                    addl     %ebp, %eax
0x0eff8fb5:  39 44 24 0c              cmpl     %eax, 0xc(%esp)
0x0eff8fb9:  0f 8e a4 03 00 00        jle      0xeff9363

----------------
IN: 
0x0eff8fbf:  8b 45 fc                 movl     -4(%ebp), %eax
0x0eff8fc2:  83 f8 03                 cmpl     $3, %eax
0x0eff8fc5:  0f 84 83 01 00 00        je       0xeff914e

----------------
IN: 
0x0eff8fcb:  77 13                    ja       0xeff8fe0

----------------
IN: 
0x0eff8fcd:  83 f8 01                 cmpl     $1, %eax
0x0eff8fd0:  74 1c                    je       0xeff8fee

----------------
IN: 
0x0eff8fee:  8b 7d 38                 movl     0x38(%ebp), %edi
0x0eff8ff1:  8d 47 ff                 leal     -1(%edi), %eax
0x0eff8ff4:  85 f8                    testl    %edi, %eax
0x0eff8ff6:  0f 85 a9 00 00 00        jne      0xeff90a5

----------------
IN: 
0x0eff8ffc:  8a 45 3c                 movb     0x3c(%ebp), %al

----------------
IN: 
0x0eff8fff:  3c 01                    cmpb     $1, %al

----------------
IN: 
0x0eff9001:  74 0e                    je       0xeff9011

----------------
IN: 
0x0eff9003:  be 80 fe ff 0e           movl     $0xefffe80, %esi
0x0eff9008:  3c 02                    cmpb     $2, %al
0x0eff900a:  74 0a                    je       0xeff9016

----------------
IN: 
0x0eff9016:  80 7d 37 00              cmpb     $0, 0x37(%ebp)
0x0eff901a:  0f 85 85 00 00 00        jne      0xeff90a5

----------------
IN: 
0x0eff9020:  8b 04 24                 movl     (%esp), %eax
0x0eff9023:  8b 18                    movl     (%eax), %ebx
0x0eff9025:  89 e8                    movl     %ebp, %eax
0x0eff9027:  e8 5e 51 ff ff           calll    0xefee18a

----------------
IN: 
0x0eff902c:  8b 0c 24                 movl     (%esp), %ecx
0x0eff902f:  8d 1c d9                 leal     (%ecx, %ebx, 8), %ebx
0x0eff9032:  89 43 04                 movl     %eax, 4(%ebx)
0x0eff9035:  85 c0                    testl    %eax, %eax
0x0eff9037:  0f 84 1e 03 00 00        je       0xeff935b

----------------
IN: 
0x0eff903d:  8b 90 84 00 00 00        movl     0x84(%eax), %edx
0x0eff9043:  85 d2                    testl    %edx, %edx
0x0eff9045:  0f 84 10 03 00 00        je       0xeff935b

----------------
IN: 
0x0eff904b:  89 f9                    movl     %edi, %ecx
0x0eff904d:  83 ff 10                 cmpl     $0x10, %edi
0x0eff9050:  73 05                    jae      0xeff9057

----------------
IN: 
0x0eff9057:  89 f0                    movl     %esi, %eax
0x0eff9059:  e8 f9 58 ff ff           calll    0xefee957

----------------
IN: 
0x0eff905e:  89 c6                    movl     %eax, %esi
0x0eff9060:  85 c0                    testl    %eax, %eax
0x0eff9062:  75 0f                    jne      0xeff9073

----------------
IN: 
0x0eff9073:  8b 43 04                 movl     4(%ebx), %eax
0x0eff9076:  8b 88 84 00 00 00        movl     0x84(%eax), %ecx
0x0eff907c:  89 f2                    movl     %esi, %edx
0x0eff907e:  ff 90 88 00 00 00        calll    *0x88(%eax)

----------------
IN: 
0x0eff9084:  8b 53 04                 movl     4(%ebx), %edx
0x0eff9087:  39 82 84 00 00 00        cmpl     %eax, 0x84(%edx)
0x0eff908d:  74 09                    je       0xeff9098

----------------
IN: 
0x0eff9098:  89 73 08                 movl     %esi, 8(%ebx)
0x0eff909b:  8b 04 24                 movl     (%esp), %eax
0x0eff909e:  ff 00                    incl     (%eax)
0x0eff90a0:  e9 b6 02 00 00           jmp      0xeff935b

----------------
IN: 
0x0eff935b:  83 ed 80                 subl     $-0x80, %ebp
0x0eff935e:  e9 4c fc ff ff           jmp      0xeff8faf

----------------
IN: 
0x0eff8faf:  8b 44 24 28              movl     0x28(%esp), %eax
0x0eff8fb3:  01 e8                    addl     %ebp, %eax
0x0eff8fb5:  39 44 24 0c              cmpl     %eax, 0xc(%esp)
0x0eff8fb9:  0f 8e a4 03 00 00        jle      0xeff9363

----------------
IN: 
0x0eff9011:  be 84 fe ff 0e           movl     $0xefffe84, %esi
0x0eff9016:  80 7d 37 00              cmpb     $0, 0x37(%ebp)
0x0eff901a:  0f 85 85 00 00 00        jne      0xeff90a5

----------------
IN: 
0x0eff914e:  8b 14 24                 movl     (%esp), %edx
0x0eff9151:  89 e8                    movl     %ebp, %eax
0x0eff9153:  e8 89 38 ff ff           calll    0xefec9e1

----------------
IN: 
0x0efec9e1:  80 78 37 00              cmpb     $0, 0x37(%eax)
0x0efec9e5:  75 2f                    jne      0xefeca16

----------------
IN: 
0x0efec9e7:  55                       pushl    %ebp
0x0efec9e8:  57                       pushl    %edi
0x0efec9e9:  56                       pushl    %esi
0x0efec9ea:  53                       pushl    %ebx
0x0efec9eb:  89 d6                    movl     %edx, %esi
0x0efec9ed:  89 c7                    movl     %eax, %edi
0x0efec9ef:  8b 2a                    movl     (%edx), %ebp
0x0efec9f1:  31 db                    xorl     %ebx, %ebx
0x0efec9f3:  39 dd                    cmpl     %ebx, %ebp
0x0efec9f5:  7e 1b                    jle      0xefeca12

----------------
IN: 
0x0efec9f7:  8b 44 de 04              movl     4(%esi, %ebx, 8), %eax
0x0efec9fb:  83 c0 04                 addl     $4, %eax
0x0efec9fe:  89 fa                    movl     %edi, %edx
0x0efeca00:  e8 29 da 0f f1           calll    0xea42e

----------------
IN: 
0x0efeca05:  85 c0                    testl    %eax, %eax
0x0efeca07:  75 06                    jne      0xefeca0f

----------------
IN: 
0x0efeca0f:  43                       incl     %ebx
0x0efeca10:  eb e1                    jmp      0xefec9f3

----------------
IN: 
0x0efec9f3:  39 dd                    cmpl     %ebx, %ebp
0x0efec9f5:  7e 1b                    jle      0xefeca12

----------------
IN: 
0x0efeca09:  8d 44 de 04              leal     4(%esi, %ebx, 8), %eax
0x0efeca0d:  eb 0a                    jmp      0xefeca19

----------------
IN: 
0x0efeca19:  5b                       popl     %ebx
0x0efeca1a:  5e                       popl     %esi
0x0efeca1b:  5f                       popl     %edi
0x0efeca1c:  5d                       popl     %ebp
0x0efeca1d:  c3                       retl     

----------------
IN: 
0x0eff9158:  89 c1                    movl     %eax, %ecx
0x0eff915a:  85 c0                    testl    %eax, %eax
0x0eff915c:  74 31                    je       0xeff918f

----------------
IN: 
0x0eff915e:  8b 40 04                 movl     4(%eax), %eax
0x0eff9161:  85 c0                    testl    %eax, %eax
0x0eff9163:  74 2a                    je       0xeff918f

----------------
IN: 
0x0eff9165:  8b 7d 38                 movl     0x38(%ebp), %edi
0x0eff9168:  89 7c 24 18              movl     %edi, 0x18(%esp)
0x0eff916c:  8b 09                    movl     (%ecx), %ecx
0x0eff916e:  8b b1 84 00 00 00        movl     0x84(%ecx), %esi
0x0eff9174:  39 f7                    cmpl     %esi, %edi
0x0eff9176:  73 17                    jae      0xeff918f

----------------
IN: 
0x0eff9178:  8b 4d 3c                 movl     0x3c(%ebp), %ecx
0x0eff917b:  8b 5d 40                 movl     0x40(%ebp), %ebx
0x0eff917e:  89 cf                    movl     %ecx, %edi
0x0eff9180:  31 d2                    xorl     %edx, %edx
0x0eff9182:  01 df                    addl     %ebx, %edi
0x0eff9184:  0f 92 c2                 setb     %dl
0x0eff9187:  39 fe                    cmpl     %edi, %esi
0x0eff9189:  72 04                    jb       0xeff918f

----------------
IN: 
0x0eff918b:  85 d2                    testl    %edx, %edx
0x0eff918d:  74 0f                    je       0xeff919e

----------------
IN: 
0x0eff919e:  8b 74 24 18              movl     0x18(%esp), %esi
0x0eff91a2:  01 c6                    addl     %eax, %esi
0x0eff91a4:  01 c8                    addl     %ecx, %eax
0x0eff91a6:  89 da                    movl     %ebx, %edx
0x0eff91a8:  e8 a6 24 0f f1           calll    0xeb653

----------------
IN: 
0x0eff91ad:  28 06                    subb     %al, (%esi)
0x0eff91af:  e9 a7 01 00 00           jmp      0xeff935b

----------------
IN: 
0x0eff8fd2:  83 f8 02                 cmpl     $2, %eax
0x0eff8fd5:  0f 84 d9 00 00 00        je       0xeff90b4

----------------
IN: 
0x0eff90b4:  8b 7d 70                 movl     0x70(%ebp), %edi
0x0eff90b7:  31 c0                    xorl     %eax, %eax
0x0eff90b9:  89 44 24 68              movl     %eax, 0x68(%esp)
0x0eff90bd:  89 44 24 6c              movl     %eax, 0x6c(%esp)
0x0eff90c1:  8b 14 24                 movl     (%esp), %edx
0x0eff90c4:  89 e8                    movl     %ebp, %eax
0x0eff90c6:  e8 16 39 ff ff           calll    0xefec9e1

----------------
IN: 
0x0eff90cb:  89 c6                    movl     %eax, %esi
0x0eff90cd:  8d 45 38                 leal     0x38(%ebp), %eax
0x0eff90d0:  8b 14 24                 movl     (%esp), %edx
0x0eff90d3:  e8 09 39 ff ff           calll    0xefec9e1

----------------
IN: 
0x0eff90d8:  89 c2                    movl     %eax, %edx
0x0eff90da:  85 c0                    testl    %eax, %eax
0x0eff90dc:  74 39                    je       0xeff9117

----------------
IN: 
0x0eff90de:  85 f6                    testl    %esi, %esi
0x0eff90e0:  74 35                    je       0xeff9117

----------------
IN: 
0x0eff90e2:  8b 46 04                 movl     4(%esi), %eax
0x0eff90e5:  85 c0                    testl    %eax, %eax
0x0eff90e7:  74 2e                    je       0xeff9117

----------------
IN: 
0x0eff90e9:  8b 5a 04                 movl     4(%edx), %ebx
0x0eff90ec:  89 5c 24 18              movl     %ebx, 0x18(%esp)
0x0eff90f0:  85 db                    testl    %ebx, %ebx
0x0eff90f2:  74 23                    je       0xeff9117

----------------
IN: 
0x0eff90f4:  0f b6 5d 74              movzbl   0x74(%ebp), %ebx
0x0eff90f8:  89 f9                    movl     %edi, %ecx
0x0eff90fa:  01 d9                    addl     %ebx, %ecx
0x0eff90fc:  72 19                    jb       0xeff9117

----------------
IN: 
0x0eff90fe:  8b 36                    movl     (%esi), %esi
0x0eff9100:  39 8e 84 00 00 00        cmpl     %ecx, 0x84(%esi)
0x0eff9106:  72 0f                    jb       0xeff9117

----------------
IN: 
0x0eff9108:  8d 4b ff                 leal     -1(%ebx), %ecx
0x0eff910b:  80 f9 07                 cmpb     $7, %cl
0x0eff910e:  77 07                    ja       0xeff9117

----------------
IN: 
0x0eff9110:  8d 4b ff                 leal     -1(%ebx), %ecx
0x0eff9113:  85 d9                    testl    %ebx, %ecx
0x0eff9115:  74 0f                    je       0xeff9126

----------------
IN: 
0x0eff9126:  01 f8                    addl     %edi, %eax
0x0eff9128:  8d 7c 24 68              leal     0x68(%esp), %edi
0x0eff912c:  89 c6                    movl     %eax, %esi
0x0eff912e:  89 d9                    movl     %ebx, %ecx
0x0eff9130:  f3 a4                    rep movsb (%esi), %es:(%edi)

----------------
IN: 
0x0eff9132:  8b 7c 24 18              movl     0x18(%esp), %edi
0x0eff9136:  01 7c 24 68              addl     %edi, 0x68(%esp)
0x0eff913a:  83 54 24 6c 00           adcl     $0, 0x6c(%esp)
0x0eff913f:  89 c7                    movl     %eax, %edi
0x0eff9141:  8d 74 24 68              leal     0x68(%esp), %esi
0x0eff9145:  89 d9                    movl     %ebx, %ecx
0x0eff9147:  f3 a4                    rep movsb (%esi), %es:(%edi)

----------------
IN: 
0x0eff9149:  e9 0d 02 00 00           jmp      0xeff935b

----------------
IN: 
0x0eff8fdb:  e9 7b 03 00 00           jmp      0xeff935b

----------------
IN: 
0x0eff9363:  8b 04 24                 movl     (%esp), %eax
0x0eff9366:  e8 78 51 ff ff           calll    0xefee4e3

----------------
IN: 
0x0eff936b:  8b 44 24 08              movl     8(%esp), %eax
0x0eff936f:  e8 6f 51 ff ff           calll    0xefee4e3

----------------
IN: 
0x0eff9374:  eb 11                    jmp      0xeff9387

----------------
IN: 
0x0eff9387:  bd 20 56 0f 00           movl     $0xf5620, %ebp
0x0eff938c:  bb 2f 4e 0f 00           movl     $0xf4e2f, %ebx
0x0eff9391:  83 e3 f0                 andl     $0xfffffff0, %ebx
0x0eff9394:  89 ef                    movl     %ebp, %edi
0x0eff9396:  83 e7 f0                 andl     $0xfffffff0, %edi
0x0eff9399:  39 df                    cmpl     %ebx, %edi
0x0eff939b:  72 16                    jb       0xeff93b3

----------------
IN: 
0x0eff939d:  89 de                    movl     %ebx, %esi
0x0eff939f:  89 ea                    movl     %ebp, %edx
0x0eff93a1:  29 da                    subl     %ebx, %edx
0x0eff93a3:  89 d8                    movl     %ebx, %eax
0x0eff93a5:  e8 b0 40 ff ff           calll    0xefed45a

----------------
IN: 
0x0efed45a:  57                       pushl    %edi
0x0efed45b:  56                       pushl    %esi
0x0efed45c:  53                       pushl    %ebx
0x0efed45d:  89 d6                    movl     %edx, %esi
0x0efed45f:  8b 10                    movl     (%eax), %edx
0x0efed461:  81 f2 52 53 44 20        xorl     $0x20445352, %edx
0x0efed467:  8b 48 04                 movl     4(%eax), %ecx
0x0efed46a:  81 f1 50 54 52 20        xorl     $0x20525450, %ecx
0x0efed470:  09 ca                    orl      %ecx, %edx
0x0efed472:  75 44                    jne      0xefed4b8

----------------
IN: 
0x0efed4b8:  83 c8 ff                 orl      $0xffffffff, %eax
0x0efed4bb:  5b                       popl     %ebx
0x0efed4bc:  5e                       popl     %esi
0x0efed4bd:  5f                       popl     %edi
0x0efed4be:  c3                       retl     

----------------
IN: 
0x0eff93aa:  85 c0                    testl    %eax, %eax
0x0eff93ac:  79 07                    jns      0xeff93b5

----------------
IN: 
0x0eff93ae:  83 c3 10                 addl     $0x10, %ebx
0x0eff93b1:  eb e6                    jmp      0xeff9399

----------------
IN: 
0x0eff9399:  39 df                    cmpl     %ebx, %edi
0x0eff939b:  72 16                    jb       0xeff93b3

----------------
IN: 
0x0efed474:  83 fe 13                 cmpl     $0x13, %esi
0x0efed477:  76 3f                    jbe      0xefed4b8

----------------
IN: 
0x0efed479:  89 c3                    movl     %eax, %ebx
0x0efed47b:  ba 14 00 00 00           movl     $0x14, %edx
0x0efed480:  e8 ce e1 0f f1           calll    0xeb653

----------------
IN: 
0x0efed485:  84 c0                    testb    %al, %al
0x0efed487:  b8 ff ff ff ff           movl     $0xffffffff, %eax
0x0efed48c:  75 2d                    jne      0xefed4bb

----------------
IN: 
0x0efed48e:  80 7b 0f 01              cmpb     $1, 0xf(%ebx)
0x0efed492:  76 1b                    jbe      0xefed4af

----------------
IN: 
0x0efed4af:  bf 14 00 00 00           movl     $0x14, %edi
0x0efed4b4:  89 f8                    movl     %edi, %eax
0x0efed4b6:  eb 03                    jmp      0xefed4bb

----------------
IN: 
0x0efed4bb:  5b                       popl     %ebx
0x0efed4bc:  5e                       popl     %esi
0x0efed4bd:  5f                       popl     %edi
0x0efed4be:  c3                       retl     

----------------
IN: 
0x0eff93b5:  89 35 18 4d 0f 00        movl     %esi, 0xf4d18
0x0eff93bb:  85 f6                    testl    %esi, %esi
0x0eff93bd:  0f 84 49 01 00 00        je       0xeff950c

----------------
IN: 
0x0eff93c3:  e8 61 9c ff ff           calll    0xeff3029

----------------
IN: 
0x0eff3029:  56                       pushl    %esi
0x0eff302a:  53                       pushl    %ebx
0x0eff302b:  83 ec 2c                 subl     $0x2c, %esp
0x0eff302e:  b8 46 41 43 50           movl     $0x50434146, %eax
0x0eff3033:  e8 b3 b4 0f f1           calll    0xee4eb

----------------
IN: 
0x000ee4eb:  56                       pushl    %esi
0x000ee4ec:  53                       pushl    %ebx
0x000ee4ed:  8b 1d 18 4d 0f 00        movl     0xf4d18, %ebx
0x000ee4f3:  85 db                    testl    %ebx, %ebx
0x000ee4f5:  0f 84 a7 00 00 00        je       0xee5a2

----------------
IN: 
0x000ee4fb:  81 7b 04 50 54 52 20     cmpl     $0x20525450, 4(%ebx)
0x000ee502:  0f 85 98 00 00 00        jne      0xee5a0

----------------
IN: 
0x000ee508:  81 3b 52 53 44 20        cmpl     $0x20445352, (%ebx)
0x000ee50e:  0f 85 8c 00 00 00        jne      0xee5a0

----------------
IN: 
0x000ee514:  89 c2                    movl     %eax, %edx
0x000ee516:  8b 43 18                 movl     0x18(%ebx), %eax
0x000ee519:  83 7b 1c 00              cmpl     $0, 0x1c(%ebx)
0x000ee51d:  74 0b                    je       0xee52a

----------------
IN: 
0x000ee52a:  85 c0                    testl    %eax, %eax
0x000ee52c:  74 f1                    je       0xee51f

----------------
IN: 
0x000ee51f:  8b 43 10                 movl     0x10(%ebx), %eax
0x000ee522:  31 db                    xorl     %ebx, %ebx
0x000ee524:  85 c0                    testl    %eax, %eax
0x000ee526:  75 42                    jne      0xee56a

----------------
IN: 
0x000ee56a:  81 38 52 53 44 54        cmpl     $0x54445352, (%eax)
0x000ee570:  75 30                    jne      0xee5a2

----------------
IN: 
0x000ee572:  8b 70 04                 movl     4(%eax), %esi
0x000ee575:  01 c6                    addl     %eax, %esi
0x000ee577:  83 c0 24                 addl     $0x24, %eax
0x000ee57a:  39 f0                    cmpl     %esi, %eax
0x000ee57c:  73 22                    jae      0xee5a0

----------------
IN: 
0x000ee57e:  8b 08                    movl     (%eax), %ecx
0x000ee580:  85 c9                    testl    %ecx, %ecx
0x000ee582:  74 06                    je       0xee58a

----------------
IN: 
0x000ee584:  89 cb                    movl     %ecx, %ebx
0x000ee586:  39 11                    cmpl     %edx, (%ecx)
0x000ee588:  74 05                    je       0xee58f

----------------
IN: 
0x000ee58f:  51                       pushl    %ecx
0x000ee590:  52                       pushl    %edx
0x000ee591:  68 7d 12 0f 00           pushl    $0xf127d
0x000ee596:  e8 87 e9 ff ff           calll    0xecf22

----------------
IN: 
0x000ee59b:  83 c4 0c                 addl     $0xc, %esp
0x000ee59e:  eb 02                    jmp      0xee5a2

----------------
IN: 
0x000ee5a2:  89 d8                    movl     %ebx, %eax
0x000ee5a4:  5b                       popl     %ebx
0x000ee5a5:  5e                       popl     %esi
0x000ee5a6:  c3                       retl     

----------------
IN: 
0x0eff3038:  85 c0                    testl    %eax, %eax
0x0eff303a:  74 36                    je       0xeff3072

----------------
IN: 
0x0eff303c:  8b 58 28                 movl     0x28(%eax), %ebx
0x0eff303f:  85 db                    testl    %ebx, %ebx
0x0eff3041:  74 2f                    je       0xeff3072

----------------
IN: 
0x0eff3043:  8b 73 04                 movl     4(%ebx), %esi
0x0eff3046:  56                       pushl    %esi
0x0eff3047:  53                       pushl    %ebx
0x0eff3048:  68 34 1f 0f 00           pushl    $0xf1f34
0x0eff304d:  e8 d0 9e 0f f1           calll    0xecf22

----------------
IN: 
0x0eff3052:  b9 2c 00 00 00           movl     $0x2c, %ecx
0x0eff3057:  31 d2                    xorl     %edx, %edx
0x0eff3059:  8d 44 24 0c              leal     0xc(%esp), %eax
0x0eff305d:  e8 c4 86 0f f1           calll    0xeb726

----------------
IN: 
0x0eff3062:  56                       pushl    %esi
0x0eff3063:  b9 24 00 00 00           movl     $0x24, %ecx
0x0eff3068:  89 da                    movl     %ebx, %edx
0x0eff306a:  e8 5b ff ff ff           calll    0xeff2fca

----------------
IN: 
0x0eff2fca:  55                       pushl    %ebp
0x0eff2fcb:  57                       pushl    %edi
0x0eff2fcc:  56                       pushl    %esi
0x0eff2fcd:  53                       pushl    %ebx
0x0eff2fce:  89 c6                    movl     %eax, %esi
0x0eff2fd0:  89 d5                    movl     %edx, %ebp
0x0eff2fd2:  89 cb                    movl     %ecx, %ebx
0x0eff2fd4:  8b 7c 24 14              movl     0x14(%esp), %edi
0x0eff2fd8:  8d 54 1d 00              leal     (%ebp, %ebx), %edx
0x0eff2fdc:  89 f0                    movl     %esi, %eax
0x0eff2fde:  e8 fb fc ff ff           calll    0xeff2cde

----------------
IN: 
0x0eff2cde:  55                       pushl    %ebp
0x0eff2cdf:  57                       pushl    %edi
0x0eff2ce0:  56                       pushl    %esi
0x0eff2ce1:  53                       pushl    %ebx
0x0eff2ce2:  83 ec 10                 subl     $0x10, %esp
0x0eff2ce5:  89 c7                    movl     %eax, %edi
0x0eff2ce7:  8b 40 28                 movl     0x28(%eax), %eax
0x0eff2cea:  83 f8 10                 cmpl     $0x10, %eax
0x0eff2ced:  75 22                    jne      0xeff2d11

----------------
IN: 
0x0eff2d11:  89 d3                    movl     %edx, %ebx
0x0eff2d13:  40                       incl     %eax
0x0eff2d14:  89 47 28                 movl     %eax, 0x28(%edi)
0x0eff2d17:  0f b6 0a                 movzbl   (%edx), %ecx
0x0eff2d1a:  80 f9 14                 cmpb     $0x14, %cl
0x0eff2d1d:  77 11                    ja       0xeff2d30

----------------
IN: 
0x0eff2d1f:  ff 24 8d 9c f0 ff 0e     jmpl     *0xefff09c(, %ecx, 4)

----------------
IN: 
0x0eff2db2:  8d 54 24 08              leal     8(%esp), %edx
0x0eff2db6:  8d 43 01                 leal     1(%ebx), %eax
0x0eff2db9:  e8 a6 9c ff ff           calll    0xefeca64

----------------
IN: 
0x0efeca64:  56                       pushl    %esi
0x0efeca65:  53                       pushl    %ebx
0x0efeca66:  89 c1                    movl     %eax, %ecx
0x0efeca68:  31 db                    xorl     %ebx, %ebx
0x0efeca6a:  89 1a                    movl     %ebx, (%edx)
0x0efeca6c:  0f b6 00                 movzbl   (%eax), %eax
0x0efeca6f:  88 c3                    movb     %al, %bl
0x0efeca71:  c0 eb 06                 shrb     $6, %bl
0x0efeca74:  80 fb 02                 cmpb     $2, %bl
0x0efeca77:  74 22                    je       0xefeca9b

----------------
IN: 
0x0efeca79:  80 fb 03                 cmpb     $3, %bl
0x0efeca7c:  74 0d                    je       0xefeca8b

----------------
IN: 
0x0efeca7e:  fe cb                    decb     %bl
0x0efeca80:  75 40                    jne      0xefecac2

----------------
IN: 
0x0efeca82:  31 c0                    xorl     %eax, %eax
0x0efeca84:  bb 02 00 00 00           movl     $2, %ebx
0x0efeca89:  eb 23                    jmp      0xefecaae

----------------
IN: 
0x0efecaae:  0f b6 71 01              movzbl   1(%ecx), %esi
0x0efecab2:  c1 e6 04                 shll     $4, %esi
0x0efecab5:  09 c6                    orl      %eax, %esi
0x0efecab7:  89 32                    movl     %esi, (%edx)
0x0efecab9:  8a 01                    movb     (%ecx), %al
0x0efecabb:  83 e0 0f                 andl     $0xf, %eax
0x0efecabe:  09 f0                    orl      %esi, %eax
0x0efecac0:  eb 05                    jmp      0xefecac7

----------------
IN: 
0x0efecac7:  89 02                    movl     %eax, (%edx)
0x0efecac9:  89 d8                    movl     %ebx, %eax
0x0efecacb:  5b                       popl     %ebx
0x0efecacc:  5e                       popl     %esi
0x0efecacd:  c3                       retl     

----------------
IN: 
0x0eff2dbe:  89 c5                    movl     %eax, %ebp
0x0eff2dc0:  8d 54 03 01              leal     1(%ebx, %eax), %edx
0x0eff2dc4:  89 f8                    movl     %edi, %eax
0x0eff2dc6:  e8 a0 a8 ff ff           calll    0xefed66b

----------------
IN: 
0x0efed66b:  55                       pushl    %ebp
0x0efed66c:  57                       pushl    %edi
0x0efed66d:  56                       pushl    %esi
0x0efed66e:  53                       pushl    %ebx
0x0efed66f:  83 ec 08                 subl     $8, %esp
0x0efed672:  89 c1                    movl     %eax, %ecx
0x0efed674:  89 d5                    movl     %edx, %ebp
0x0efed676:  89 44 24 04              movl     %eax, 4(%esp)
0x0efed67a:  bb 01 00 00 00           movl     $1, %ebx
0x0efed67f:  8d 43 ff                 leal     -1(%ebx), %eax
0x0efed682:  8a 54 1d ff              movb     -1(%ebp, %ebx), %dl
0x0efed686:  80 fa 5a                 cmpb     $0x5a, %dl
0x0efed689:  77 29                    ja       0xefed6b4

----------------
IN: 
0x0efed6b4:  80 fa 5e                 cmpb     $0x5e, %dl
0x0efed6b7:  0f 84 93 00 00 00        je       0xefed750

----------------
IN: 
0x0efed6bd:  80 fa 5f                 cmpb     $0x5f, %dl
0x0efed6c0:  0f 84 9d 00 00 00        je       0xefed763

----------------
IN: 
0x0efed6c6:  80 fa 5c                 cmpb     $0x5c, %dl
0x0efed6c9:  0f 85 a4 00 00 00        jne      0xefed773

----------------
IN: 
0x0efed6cf:  8b 44 24 04              movl     4(%esp), %eax
0x0efed6d3:  8d 50 01                 leal     1(%eax), %edx
0x0efed6d6:  89 54 24 04              movl     %edx, 4(%esp)
0x0efed6da:  c6 00 5c                 movb     $0x5c, (%eax)
0x0efed6dd:  43                       incl     %ebx
0x0efed6de:  eb 9f                    jmp      0xefed67f

----------------
IN: 
0x0efed67f:  8d 43 ff                 leal     -1(%ebx), %eax
0x0efed682:  8a 54 1d ff              movb     -1(%ebp, %ebx), %dl
0x0efed686:  80 fa 5a                 cmpb     $0x5a, %dl
0x0efed689:  77 29                    ja       0xefed6b4

----------------
IN: 
0x0efed68b:  80 fa 40                 cmpb     $0x40, %dl
0x0efed68e:  0f 87 cf 00 00 00        ja       0xefed763

----------------
IN: 
0x0efed694:  80 fa 2e                 cmpb     $0x2e, %dl
0x0efed697:  74 47                    je       0xefed6e0

----------------
IN: 
0x0efed699:  80 fa 2f                 cmpb     $0x2f, %dl
0x0efed69c:  74 6f                    je       0xefed70d

----------------
IN: 
0x0efed69e:  84 d2                    testb    %dl, %dl
0x0efed6a0:  0f 85 cd 00 00 00        jne      0xefed773

----------------
IN: 
0x0efed6a6:  89 d8                    movl     %ebx, %eax
0x0efed6a8:  8b 54 24 04              movl     4(%esp), %edx
0x0efed6ac:  c6 02 00                 movb     $0, (%edx)
0x0efed6af:  e9 c6 00 00 00           jmp      0xefed77a

----------------
IN: 
0x0efed77a:  83 c4 08                 addl     $8, %esp
0x0efed77d:  5b                       popl     %ebx
0x0efed77e:  5e                       popl     %esi
0x0efed77f:  5f                       popl     %edi
0x0efed780:  5d                       popl     %ebp
0x0efed781:  c3                       retl     

----------------
IN: 
0x0eff2dcb:  8b 74 24 08              movl     8(%esp), %esi
0x0eff2dcf:  8d 4c 05 00              leal     (%ebp, %eax), %ecx
0x0eff2dd3:  56                       pushl    %esi
0x0eff2dd4:  8d 53 01                 leal     1(%ebx), %edx
0x0eff2dd7:  89 f8                    movl     %edi, %eax
0x0eff2dd9:  e8 ec 01 00 00           calll    0xeff2fca

----------------
IN: 
0x0eff2d30:  80 f9 5b                 cmpb     $0x5b, %cl
0x0eff2d33:  0f 84 50 01 00 00        je       0xeff2e89

----------------
IN: 
0x0eff2e89:  0f b6 4a 01              movzbl   1(%edx), %ecx
0x0eff2e8d:  80 f9 81                 cmpb     $0x81, %cl
0x0eff2e90:  74 66                    je       0xeff2ef8

----------------
IN: 
0x0eff2e92:  77 41                    ja       0xeff2ed5

----------------
IN: 
0x0eff2e94:  80 f9 01                 cmpb     $1, %cl
0x0eff2e97:  74 4d                    je       0xeff2ee6

----------------
IN: 
0x0eff2e99:  80 f9 80                 cmpb     $0x80, %cl
0x0eff2e9c:  0f 85 fa 00 00 00        jne      0xeff2f9c

----------------
IN: 
0x0eff2ea2:  8d 52 02                 leal     2(%edx), %edx
0x0eff2ea5:  89 f8                    movl     %edi, %eax
0x0eff2ea7:  e8 bf a7 ff ff           calll    0xefed66b

----------------
IN: 
0x0efed763:  8d 54 24 04              leal     4(%esp), %edx
0x0efed767:  89 e8                    movl     %ebp, %eax
0x0efed769:  e8 b0 fe ff ff           calll    0xefed61e

----------------
IN: 
0x0efed61e:  8b 0a                    movl     (%edx), %ecx
0x0efed620:  85 c9                    testl    %ecx, %ecx
0x0efed622:  74 46                    je       0xefed66a

----------------
IN: 
0x0efed624:  56                       pushl    %esi
0x0efed625:  53                       pushl    %ebx
0x0efed626:  8a 18                    movb     (%eax), %bl
0x0efed628:  8d 71 01                 leal     1(%ecx), %esi
0x0efed62b:  89 32                    movl     %esi, (%edx)
0x0efed62d:  88 19                    movb     %bl, (%ecx)
0x0efed62f:  8a 58 01                 movb     1(%eax), %bl
0x0efed632:  80 fb 5f                 cmpb     $0x5f, %bl
0x0efed635:  74 09                    je       0xefed640

----------------
IN: 
0x0efed637:  8b 0a                    movl     (%edx), %ecx
0x0efed639:  8d 71 01                 leal     1(%ecx), %esi
0x0efed63c:  89 32                    movl     %esi, (%edx)
0x0efed63e:  88 19                    movb     %bl, (%ecx)
0x0efed640:  8a 58 02                 movb     2(%eax), %bl
0x0efed643:  80 fb 5f                 cmpb     $0x5f, %bl
0x0efed646:  74 09                    je       0xefed651

----------------
IN: 
0x0efed648:  8b 0a                    movl     (%edx), %ecx
0x0efed64a:  8d 71 01                 leal     1(%ecx), %esi
0x0efed64d:  89 32                    movl     %esi, (%edx)
0x0efed64f:  88 19                    movb     %bl, (%ecx)
0x0efed651:  8a 48 03                 movb     3(%eax), %cl
0x0efed654:  80 f9 5f                 cmpb     $0x5f, %cl
0x0efed657:  74 09                    je       0xefed662

----------------
IN: 
0x0efed662:  8b 02                    movl     (%edx), %eax
0x0efed664:  c6 00 00                 movb     $0, (%eax)
0x0efed667:  5b                       popl     %ebx
0x0efed668:  5e                       popl     %esi
0x0efed669:  c3                       retl     

----------------
IN: 
0x0efed76e:  8d 43 03                 leal     3(%ebx), %eax
0x0efed771:  eb 07                    jmp      0xefed77a

----------------
IN: 
0x0eff2eac:  89 c6                    movl     %eax, %esi
0x0eff2eae:  8d 6f 24                 leal     0x24(%edi), %ebp
0x0eff2eb1:  8d 44 03 03              leal     3(%ebx, %eax), %eax
0x0eff2eb5:  31 c9                    xorl     %ecx, %ecx
0x0eff2eb7:  89 ea                    movl     %ebp, %edx
0x0eff2eb9:  e8 d3 a4 ff ff           calll    0xefed391

----------------
IN: 
0x0efed391:  53                       pushl    %ebx
0x0efed392:  89 cb                    movl     %ecx, %ebx
0x0efed394:  80 38 0c                 cmpb     $0xc, (%eax)
0x0efed397:  77 30                    ja       0xefed3c9

----------------
IN: 
0x0efed399:  0f b6 08                 movzbl   (%eax), %ecx
0x0efed39c:  ff 24 8d 40 f0 ff 0e     jmpl     *0xefff040(, %ecx, 4)

----------------
IN: 
0x0efed3b0:  0f b7 40 01              movzwl   1(%eax), %eax
0x0efed3b4:  31 d2                    xorl     %edx, %edx
0x0efed3b6:  b9 03 00 00 00           movl     $3, %ecx
0x0efed3bb:  eb 2b                    jmp      0xefed3e8

----------------
IN: 
0x0efed3e8:  85 db                    testl    %ebx, %ebx
0x0efed3ea:  74 05                    je       0xefed3f1

----------------
IN: 
0x0efed3f1:  89 c8                    movl     %ecx, %eax
0x0efed3f3:  5b                       popl     %ebx
0x0efed3f4:  c3                       retl     

----------------
IN: 
0x0eff2ebe:  8d 74 06 03              leal     3(%esi, %eax), %esi
0x0eff2ec2:  8d 04 33                 leal     (%ebx, %esi), %eax
0x0eff2ec5:  31 c9                    xorl     %ecx, %ecx
0x0eff2ec7:  89 ea                    movl     %ebp, %edx
0x0eff2ec9:  e8 c3 a4 ff ff           calll    0xefed391

----------------
IN: 
0x0efed3dc:  b9 01 00 00 00           movl     $1, %ecx
0x0efed3e1:  b8 01 00 00 00           movl     $1, %eax
0x0efed3e6:  31 d2                    xorl     %edx, %edx
0x0efed3e8:  85 db                    testl    %ebx, %ebx
0x0efed3ea:  74 05                    je       0xefed3f1

----------------
IN: 
0x0eff2ece:  01 c6                    addl     %eax, %esi
0x0eff2ed0:  e9 e8 00 00 00           jmp      0xeff2fbd

----------------
IN: 
0x0eff2fbd:  ff 4f 28                 decl     0x28(%edi)
0x0eff2fc0:  89 f0                    movl     %esi, %eax
0x0eff2fc2:  83 c4 10                 addl     $0x10, %esp
0x0eff2fc5:  5b                       popl     %ebx
0x0eff2fc6:  5e                       popl     %esi
0x0eff2fc7:  5f                       popl     %edi
0x0eff2fc8:  5d                       popl     %ebp
0x0eff2fc9:  c3                       retl     

----------------
IN: 
0x0eff2fe3:  01 c3                    addl     %eax, %ebx
0x0eff2fe5:  39 fb                    cmpl     %edi, %ebx
0x0eff2fe7:  74 3b                    je       0xeff3024

----------------
IN: 
0x0eff2fe9:  7e 1a                    jle      0xeff3005

----------------
IN: 
0x0eff3005:  83 7e 24 00              cmpl     $0, 0x24(%esi)
0x0eff3009:  74 cd                    je       0xeff2fd8

----------------
IN: 
0x0eff2fd8:  8d 54 1d 00              leal     (%ebp, %ebx), %edx
0x0eff2fdc:  89 f0                    movl     %esi, %eax
0x0eff2fde:  e8 fb fc ff ff           calll    0xeff2cde

----------------
IN: 
0x0eff2ef8:  80 cd 5b                 orb      $0x5b, %ch
0x0eff2efb:  8d 53 02                 leal     2(%ebx), %edx
0x0eff2efe:  6a 01                    pushl    $1
0x0eff2f00:  89 f8                    movl     %edi, %eax
0x0eff2f02:  e8 95 fd ff ff           calll    0xeff2c9c

----------------
IN: 
0x0eff2c9c:  56                       pushl    %esi
0x0eff2c9d:  53                       pushl    %ebx
0x0eff2c9e:  83 ec 0c                 subl     $0xc, %esp
0x0eff2ca1:  89 c6                    movl     %eax, %esi
0x0eff2ca3:  89 d3                    movl     %edx, %ebx
0x0eff2ca5:  51                       pushl    %ecx
0x0eff2ca6:  68 d5 1e 0f 00           pushl    $0xf1ed5
0x0eff2cab:  6a 08                    pushl    $8
0x0eff2cad:  8d 44 24 10              leal     0x10(%esp), %eax
0x0eff2cb1:  50                       pushl    %eax
0x0eff2cb2:  e8 ac fc ff ff           calll    0xeff2963

----------------
IN: 
0x0eff2963:  53                       pushl    %ebx
0x0eff2964:  83 ec 0c                 subl     $0xc, %esp
0x0eff2967:  8b 5c 24 14              movl     0x14(%esp), %ebx
0x0eff296b:  8b 54 24 18              movl     0x18(%esp), %edx
0x0eff296f:  31 c0                    xorl     %eax, %eax
0x0eff2971:  85 d2                    testl    %edx, %edx
0x0eff2973:  74 34                    je       0xeff29a9

----------------
IN: 
0x0eff2975:  c7 04 24 a2 c0 fe 0e     movl     $0xefec0a2, (%esp)
0x0eff297c:  89 5c 24 04              movl     %ebx, 4(%esp)
0x0eff2980:  01 da                    addl     %ebx, %edx
0x0eff2982:  89 54 24 08              movl     %edx, 8(%esp)
0x0eff2986:  8d 4c 24 20              leal     0x20(%esp), %ecx
0x0eff298a:  89 e0                    movl     %esp, %eax
0x0eff298c:  8b 54 24 1c              movl     0x1c(%esp), %edx
0x0eff2990:  e8 45 9d 0f f1           calll    0xec6da

----------------
IN: 
0x0efec0a2:  89 d1                    movl     %edx, %ecx
0x0efec0a4:  8b 50 04                 movl     4(%eax), %edx
0x0efec0a7:  3b 50 08                 cmpl     8(%eax), %edx
0x0efec0aa:  73 05                    jae      0xefec0b1

----------------
IN: 
0x0efec0ac:  88 0a                    movb     %cl, (%edx)
0x0efec0ae:  ff 40 04                 incl     4(%eax)
0x0efec0b1:  c3                       retl     

----------------
IN: 
0x0eff2995:  8b 44 24 04              movl     4(%esp), %eax
0x0eff2999:  8b 54 24 08              movl     8(%esp), %edx
0x0eff299d:  39 d0                    cmpl     %edx, %eax
0x0eff299f:  72 03                    jb       0xeff29a4

----------------
IN: 
0x0eff29a4:  c6 00 00                 movb     $0, (%eax)
0x0eff29a7:  29 d8                    subl     %ebx, %eax
0x0eff29a9:  83 c4 0c                 addl     $0xc, %esp
0x0eff29ac:  5b                       popl     %ebx
0x0eff29ad:  c3                       retl     

----------------
IN: 
0x0eff2cb7:  8d 54 24 10              leal     0x10(%esp), %edx
0x0eff2cbb:  89 d8                    movl     %ebx, %eax
0x0eff2cbd:  e8 a2 9d ff ff           calll    0xefeca64

----------------
IN: 
0x0efecac2:  bb 01 00 00 00           movl     $1, %ebx
0x0efecac7:  89 02                    movl     %eax, (%edx)
0x0efecac9:  89 d8                    movl     %ebx, %eax
0x0efecacb:  5b                       popl     %ebx
0x0efecacc:  5e                       popl     %esi
0x0efecacd:  c3                       retl     

----------------
IN: 
0x0eff2cc2:  89 d4                    movl     %edx, %esp
0x0eff2cc4:  83 7c 24 18 00           cmpl     $0, 0x18(%esp)
0x0eff2cc9:  74 0a                    je       0xeff2cd5

----------------
IN: 
0x0eff2ccb:  8d 14 03                 leal     (%ebx, %eax), %edx
0x0eff2cce:  89 f0                    movl     %esi, %eax
0x0eff2cd0:  e8 96 a9 ff ff           calll    0xefed66b

----------------
IN: 
0x0eff2cd5:  8b 04 24                 movl     (%esp), %eax
0x0eff2cd8:  83 c4 0c                 addl     $0xc, %esp
0x0eff2cdb:  5b                       popl     %ebx
0x0eff2cdc:  5e                       popl     %esi
0x0eff2cdd:  c3                       retl     

----------------
IN: 
0x0eff2f07:  8d 70 02                 leal     2(%eax), %esi
0x0eff2f0a:  59                       popl     %ecx
0x0eff2f0b:  e9 ad 00 00 00           jmp      0xeff2fbd

----------------
IN: 
0x0eff2e4d:  8d 52 01                 leal     1(%edx), %edx
0x0eff2e50:  6a 01                    pushl    $1
0x0eff2e52:  b9 14 00 00 00           movl     $0x14, %ecx
0x0eff2e57:  89 f8                    movl     %edi, %eax
0x0eff2e59:  e8 3e fe ff ff           calll    0xeff2c9c

----------------
IN: 
0x0efed659:  8b 02                    movl     (%edx), %eax
0x0efed65b:  8d 58 01                 leal     1(%eax), %ebx
0x0efed65e:  89 1a                    movl     %ebx, (%edx)
0x0efed660:  88 08                    movb     %cl, (%eax)
0x0efed662:  8b 02                    movl     (%edx), %eax
0x0efed664:  c6 00 00                 movb     $0, (%eax)
0x0efed667:  5b                       popl     %ebx
0x0efed668:  5e                       popl     %esi
0x0efed669:  c3                       retl     

----------------
IN: 
0x0eff2e5e:  8d 70 01                 leal     1(%eax), %esi
0x0eff2e61:  8b 6f 20                 movl     0x20(%edi), %ebp
0x0eff2e64:  58                       popl     %eax
0x0eff2e65:  85 ed                    testl    %ebp, %ebp
0x0eff2e67:  0f 84 50 01 00 00        je       0xeff2fbd

----------------
IN: 
0x0eff3024:  5b                       popl     %ebx
0x0eff3025:  5e                       popl     %esi
0x0eff3026:  5f                       popl     %edi
0x0eff3027:  5d                       popl     %ebp
0x0eff3028:  c3                       retl     

----------------
IN: 
0x0eff2dde:  46                       incl     %esi
0x0eff2ddf:  e9 26 01 00 00           jmp      0xeff2f0a

----------------
IN: 
0x0eff2f0a:  59                       popl     %ecx
0x0eff2f0b:  e9 ad 00 00 00           jmp      0xeff2fbd

----------------
IN: 
0x0eff2ed5:  80 f9 82                 cmpb     $0x82, %cl
0x0eff2ed8:  74 36                    je       0xeff2f10

----------------
IN: 
0x0eff2f10:  8d 54 24 08              leal     8(%esp), %edx
0x0eff2f14:  8d 43 02                 leal     2(%ebx), %eax
0x0eff2f17:  e8 48 9b ff ff           calll    0xefeca64

----------------
IN: 
0x0eff2f1c:  89 c5                    movl     %eax, %ebp
0x0eff2f1e:  8d 54 03 02              leal     2(%ebx, %eax), %edx
0x0eff2f22:  89 f8                    movl     %edi, %eax
0x0eff2f24:  e8 42 a7 ff ff           calll    0xefed66b

----------------
IN: 
0x0eff2f29:  89 04 24                 movl     %eax, (%esp)
0x0eff2f2c:  b8 28 00 00 00           movl     $0x28, %eax
0x0eff2f31:  e8 0c bb ff ff           calll    0xefeea42

----------------
IN: 
0x0eff2f36:  89 47 20                 movl     %eax, 0x20(%edi)
0x0eff2f39:  8b 74 24 08              movl     8(%esp), %esi
0x0eff2f3d:  85 c0                    testl    %eax, %eax
0x0eff2f3f:  75 18                    jne      0xeff2f59

----------------
IN: 
0x0eff2f59:  03 2c 24                 addl     (%esp), %ebp
0x0eff2f5c:  b9 28 00 00 00           movl     $0x28, %ecx
0x0eff2f61:  31 d2                    xorl     %edx, %edx
0x0eff2f63:  e8 be 87 0f f1           calll    0xeb726

----------------
IN: 
0x0eff2f68:  8b 47 20                 movl     0x20(%edi), %eax
0x0eff2f6b:  ba 30 fd ff 0e           movl     $0xefffd30, %edx
0x0eff2f70:  e8 1c 91 ff ff           calll    0xefec091

----------------
IN: 
0x0eff2f75:  83 c0 08                 addl     $8, %eax
0x0eff2f78:  b9 20 00 00 00           movl     $0x20, %ecx
0x0eff2f7d:  89 fa                    movl     %edi, %edx
0x0eff2f7f:  e8 2e 91 ff ff           calll    0xefec0b2

----------------
IN: 
0x0eff2f84:  56                       pushl    %esi
0x0eff2f85:  89 e9                    movl     %ebp, %ecx
0x0eff2f87:  8d 53 02                 leal     2(%ebx), %edx
0x0eff2f8a:  89 f8                    movl     %edi, %eax
0x0eff2f8c:  e8 39 00 00 00           calll    0xeff2fca

----------------
IN: 
0x0eff2d5e:  8d 52 01                 leal     1(%edx), %edx
0x0eff2d61:  89 f8                    movl     %edi, %eax
0x0eff2d63:  e8 03 a9 ff ff           calll    0xefed66b

----------------
IN: 
0x0eff2d68:  89 c6                    movl     %eax, %esi
0x0eff2d6a:  8d 54 03 01              leal     1(%ebx, %eax), %edx
0x0eff2d6e:  89 f8                    movl     %edi, %eax
0x0eff2d70:  e8 69 ff ff ff           calll    0xeff2cde

----------------
IN: 
0x0eff2fb8:  be 05 00 00 00           movl     $5, %esi
0x0eff2fbd:  ff 4f 28                 decl     0x28(%edi)
0x0eff2fc0:  89 f0                    movl     %esi, %eax
0x0eff2fc2:  83 c4 10                 addl     $0x10, %esp
0x0eff2fc5:  5b                       popl     %ebx
0x0eff2fc6:  5e                       popl     %esi
0x0eff2fc7:  5f                       popl     %edi
0x0eff2fc8:  5d                       popl     %ebp
0x0eff2fc9:  c3                       retl     

----------------
IN: 
0x0eff2d75:  8d 74 06 01              leal     1(%esi, %eax), %esi
0x0eff2d79:  8b 6f 20                 movl     0x20(%edi), %ebp
0x0eff2d7c:  85 ed                    testl    %ebp, %ebp
0x0eff2d7e:  0f 84 39 02 00 00        je       0xeff2fbd

----------------
IN: 
0x0eff2d84:  ba ef 1e 0f 00           movl     $0xf1eef, %edx
0x0eff2d89:  89 f8                    movl     %edi, %eax
0x0eff2d8b:  e8 9e 76 0f f1           calll    0xea42e

----------------
IN: 
0x0eff2d90:  85 c0                    testl    %eax, %eax
0x0eff2d92:  0f 85 d5 00 00 00        jne      0xeff2e6d

----------------
IN: 
0x0eff2d98:  89 5d 18                 movl     %ebx, 0x18(%ebp)
0x0eff2d9b:  e9 cd 00 00 00           jmp      0xeff2e6d

----------------
IN: 
0x0eff2e6d:  ba f4 1e 0f 00           movl     $0xf1ef4, %edx
0x0eff2e72:  89 f8                    movl     %edi, %eax
0x0eff2e74:  e8 b5 75 0f f1           calll    0xea42e

----------------
IN: 
0x0eff2e79:  85 c0                    testl    %eax, %eax
0x0eff2e7b:  0f 85 3c 01 00 00        jne      0xeff2fbd

----------------
IN: 
0x0eff2fb1:  be 01 00 00 00           movl     $1, %esi
0x0eff2fb6:  eb 05                    jmp      0xeff2fbd

----------------
IN: 
0x0eff2f91:  31 c0                    xorl     %eax, %eax
0x0eff2f93:  89 47 20                 movl     %eax, 0x20(%edi)
0x0eff2f96:  5a                       popl     %edx
0x0eff2f97:  83 c6 02                 addl     $2, %esi
0x0eff2f9a:  eb 21                    jmp      0xeff2fbd

----------------
IN: 
0x0efed6e0:  8d 44 1d 00              leal     (%ebp, %ebx), %eax
0x0efed6e4:  8d 54 24 04              leal     4(%esp), %edx
0x0efed6e8:  e8 31 ff ff ff           calll    0xefed61e

----------------
IN: 
0x0efed6ed:  8b 44 24 04              movl     4(%esp), %eax
0x0efed6f1:  8d 50 01                 leal     1(%eax), %edx
0x0efed6f4:  89 54 24 04              movl     %edx, 4(%esp)
0x0efed6f8:  c6 00 2e                 movb     $0x2e, (%eax)
0x0efed6fb:  8d 44 1d 04              leal     4(%ebp, %ebx), %eax
0x0efed6ff:  8d 54 24 04              leal     4(%esp), %edx
0x0efed703:  e8 16 ff ff ff           calll    0xefed61e

----------------
IN: 
0x0efed708:  8d 43 08                 leal     8(%ebx), %eax
0x0efed70b:  eb 6d                    jmp      0xefed77a

----------------
IN: 
0x0efed3a3:  0f b6 40 01              movzbl   1(%eax), %eax
0x0efed3a7:  31 d2                    xorl     %edx, %edx
0x0efed3a9:  b9 02 00 00 00           movl     $2, %ecx
0x0efed3ae:  eb 38                    jmp      0xefed3e8

----------------
IN: 
0x0eff2ee6:  8d 52 02                 leal     2(%edx), %edx
0x0eff2ee9:  89 f8                    movl     %edi, %eax
0x0eff2eeb:  e8 7b a7 ff ff           calll    0xefed66b

----------------
IN: 
0x0eff2ef0:  8d 70 03                 leal     3(%eax), %esi
0x0eff2ef3:  e9 c5 00 00 00           jmp      0xeff2fbd

----------------
IN: 
0x0eff2de4:  8d 54 24 04              leal     4(%esp), %edx
0x0eff2de8:  8d 43 01                 leal     1(%ebx), %eax
0x0eff2deb:  e8 74 9c ff ff           calll    0xefeca64

----------------
IN: 
0x0eff2df0:  89 c6                    movl     %eax, %esi
0x0eff2df2:  8d 4c 24 08              leal     8(%esp), %ecx
0x0eff2df6:  8d 57 24                 leal     0x24(%edi), %edx
0x0eff2df9:  8d 44 03 01              leal     1(%ebx, %eax), %eax
0x0eff2dfd:  e8 8f a5 ff ff           calll    0xefed391

----------------
IN: 
0x0efed3ec:  89 03                    movl     %eax, (%ebx)
0x0efed3ee:  89 53 04                 movl     %edx, 4(%ebx)
0x0efed3f1:  89 c8                    movl     %ecx, %eax
0x0efed3f3:  5b                       popl     %ebx
0x0efed3f4:  c3                       retl     

----------------
IN: 
0x0eff2e02:  89 04 24                 movl     %eax, (%esp)
0x0eff2e05:  8b 6f 20                 movl     0x20(%edi), %ebp
0x0eff2e08:  85 ed                    testl    %ebp, %ebp
0x0eff2e0a:  74 21                    je       0xeff2e2d

----------------
IN: 
0x0eff2e0c:  ba f9 1e 0f 00           movl     $0xf1ef9, %edx
0x0eff2e11:  89 f8                    movl     %edi, %eax
0x0eff2e13:  e8 16 76 0f f1           calll    0xea42e

----------------
IN: 
0x0eff2e18:  85 c0                    testl    %eax, %eax
0x0eff2e1a:  75 11                    jne      0xeff2e2d

----------------
IN: 
0x0eff2e2d:  8b 44 24 04              movl     4(%esp), %eax
0x0eff2e31:  8d 70 01                 leal     1(%eax), %esi
0x0eff2e34:  e9 84 01 00 00           jmp      0xeff2fbd

----------------
IN: 
0x0eff2e81:  89 5d 1c                 movl     %ebx, 0x1c(%ebp)
0x0eff2e84:  e9 34 01 00 00           jmp      0xeff2fbd

----------------
IN: 
0x0eff2fa3:  be 02 00 00 00           movl     $2, %esi
0x0eff2fa8:  eb 13                    jmp      0xeff2fbd

----------------
IN: 
0x0efed3bd:  8b 40 01                 movl     1(%eax), %eax
0x0efed3c0:  31 d2                    xorl     %edx, %edx
0x0efed3c2:  b9 05 00 00 00           movl     $5, %ecx
0x0efed3c7:  eb 1f                    jmp      0xefed3e8

----------------
IN: 
0x0eff2e1c:  03 34 24                 addl     (%esp), %esi
0x0eff2e1f:  8d 5c 33 01              leal     1(%ebx, %esi), %ebx
0x0eff2e23:  89 5d 20                 movl     %ebx, 0x20(%ebp)
0x0eff2e26:  8b 44 24 08              movl     8(%esp), %eax
0x0eff2e2a:  89 45 24                 movl     %eax, 0x24(%ebp)
0x0eff2e2d:  8b 44 24 04              movl     4(%esp), %eax
0x0eff2e31:  8d 70 01                 leal     1(%eax), %esi
0x0eff2e34:  e9 84 01 00 00           jmp      0xeff2fbd

----------------
IN: 
0x0eff2da0:  be 01 00 00 00           movl     $1, %esi
0x0eff2da5:  8a 04 33                 movb     (%ebx, %esi), %al
0x0eff2da8:  46                       incl     %esi
0x0eff2da9:  84 c0                    testb    %al, %al
0x0eff2dab:  75 f8                    jne      0xeff2da5

----------------
IN: 
0x0eff2da5:  8a 04 33                 movb     (%ebx, %esi), %al
0x0eff2da8:  46                       incl     %esi
0x0eff2da9:  84 c0                    testb    %al, %al
0x0eff2dab:  75 f8                    jne      0xeff2da5

----------------
IN: 
0x0eff2dad:  e9 0b 02 00 00           jmp      0xeff2fbd

----------------
IN: 
0x0efed70d:  0f b6 7c 1d 00           movzbl   (%ebp, %ebx), %edi
0x0efed712:  89 f9                    movl     %edi, %ecx
0x0efed714:  88 4c 24 03              movb     %cl, 3(%esp)
0x0efed718:  43                       incl     %ebx
0x0efed719:  8d 74 05 02              leal     2(%ebp, %eax), %esi
0x0efed71d:  31 ed                    xorl     %ebp, %ebp
0x0efed71f:  39 ef                    cmpl     %ebp, %edi
0x0efed721:  7e 23                    jle      0xefed746

----------------
IN: 
0x0efed723:  85 ed                    testl    %ebp, %ebp
0x0efed725:  74 0e                    je       0xefed735

----------------
IN: 
0x0efed735:  8d 54 24 04              leal     4(%esp), %edx
0x0efed739:  89 f0                    movl     %esi, %eax
0x0efed73b:  e8 de fe ff ff           calll    0xefed61e

----------------
IN: 
0x0efed740:  45                       incl     %ebp
0x0efed741:  83 c6 04                 addl     $4, %esi
0x0efed744:  eb d9                    jmp      0xefed71f

----------------
IN: 
0x0efed71f:  39 ef                    cmpl     %ebp, %edi
0x0efed721:  7e 23                    jle      0xefed746

----------------
IN: 
0x0efed727:  8b 54 24 04              movl     4(%esp), %edx
0x0efed72b:  8d 4a 01                 leal     1(%edx), %ecx
0x0efed72e:  89 4c 24 04              movl     %ecx, 4(%esp)
0x0efed732:  c6 02 2e                 movb     $0x2e, (%edx)
0x0efed735:  8d 54 24 04              leal     4(%esp), %edx
0x0efed739:  89 f0                    movl     %esi, %eax
0x0efed73b:  e8 de fe ff ff           calll    0xefed61e

----------------
IN: 
0x0efed746:  0f b6 74 24 03           movzbl   3(%esp), %esi
0x0efed74b:  8d 04 b3                 leal     (%ebx, %esi, 4), %eax
0x0efed74e:  eb 2a                    jmp      0xefed77a

----------------
IN: 
0x0eff2eda:  8d 41 7d                 leal     0x7d(%ecx), %eax
0x0eff2edd:  3c 02                    cmpb     $2, %al
0x0eff2edf:  76 17                    jbe      0xeff2ef8

----------------
IN: 
0x0eff2e39:  8d 52 01                 leal     1(%edx), %edx
0x0eff2e3c:  6a 00                    pushl    $0
0x0eff2e3e:  89 f8                    movl     %edi, %eax
0x0eff2e40:  e8 57 fe ff ff           calll    0xeff2c9c

----------------
IN: 
0x0eff2e45:  8d 70 01                 leal     1(%eax), %esi
0x0eff2e48:  e9 bd 00 00 00           jmp      0xeff2f0a

----------------
IN: 
0x0efed640:  8a 58 02                 movb     2(%eax), %bl
0x0efed643:  80 fb 5f                 cmpb     $0x5f, %bl
0x0efed646:  74 09                    je       0xefed651

----------------
IN: 
0x0eff306f:  83 c4 10                 addl     $0x10, %esp
0x0eff3072:  83 c4 2c                 addl     $0x2c, %esp
0x0eff3075:  5b                       popl     %ebx
0x0eff3076:  5e                       popl     %esi
0x0eff3077:  c3                       retl     

----------------
IN: 
0x0eff93c8:  ba 04 2e 0f 00           movl     $0xf2e04, %edx
0x0eff93cd:  31 c0                    xorl     %eax, %eax
0x0eff93cf:  e8 f7 97 ff ff           calll    0xeff2bcb

----------------
IN: 
0x0eff2bcb:  57                       pushl    %edi
0x0eff2bcc:  56                       pushl    %esi
0x0eff2bcd:  53                       pushl    %ebx
0x0eff2bce:  83 ec 0c                 subl     $0xc, %esp
0x0eff2bd1:  89 c3                    movl     %eax, %ebx
0x0eff2bd3:  52                       pushl    %edx
0x0eff2bd4:  68 c8 1e 0f 00           pushl    $0xf1ec8
0x0eff2bd9:  6a 0a                    pushl    $0xa
0x0eff2bdb:  8d 74 24 0e              leal     0xe(%esp), %esi
0x0eff2bdf:  56                       pushl    %esi
0x0eff2be0:  e8 7e fd ff ff           calll    0xeff2963

----------------
IN: 
0x0eff2be5:  89 c7                    movl     %eax, %edi
0x0eff2be7:  83 c4 10                 addl     $0x10, %esp
0x0eff2bea:  85 db                    testl    %ebx, %ebx
0x0eff2bec:  75 11                    jne      0xeff2bff

----------------
IN: 
0x0eff2bee:  8b 1d 30 fd ff 0e        movl     0xefffd30, %ebx
0x0eff2bf4:  85 db                    testl    %ebx, %ebx
0x0eff2bf6:  74 1b                    je       0xeff2c13

----------------
IN: 
0x0eff2bf8:  8b 43 18                 movl     0x18(%ebx), %eax
0x0eff2bfb:  85 c0                    testl    %eax, %eax
0x0eff2bfd:  75 04                    jne      0xeff2c03

----------------
IN: 
0x0eff2bff:  8b 1b                    movl     (%ebx), %ebx
0x0eff2c01:  eb f1                    jmp      0xeff2bf4

----------------
IN: 
0x0eff2bf4:  85 db                    testl    %ebx, %ebx
0x0eff2bf6:  74 1b                    je       0xeff2c13

----------------
IN: 
0x0eff2c03:  83 c0 05                 addl     $5, %eax
0x0eff2c06:  89 f9                    movl     %edi, %ecx
0x0eff2c08:  89 f2                    movl     %esi, %edx
0x0eff2c0a:  e8 fe 77 0f f1           calll    0xea40d

----------------
IN: 
0x0eff2c0f:  85 c0                    testl    %eax, %eax
0x0eff2c11:  75 ec                    jne      0xeff2bff

----------------
IN: 
0x0eff2c13:  89 d8                    movl     %ebx, %eax
0x0eff2c15:  83 c4 0c                 addl     $0xc, %esp
0x0eff2c18:  5b                       popl     %ebx
0x0eff2c19:  5e                       popl     %esi
0x0eff2c1a:  5f                       popl     %edi
0x0eff2c1b:  c3                       retl     

----------------
IN: 
0x0eff93d4:  89 c3                    movl     %eax, %ebx
0x0eff93d6:  85 c0                    testl    %eax, %eax
0x0eff93d8:  0f 84 4f 01 00 00        je       0xeff952d

----------------
IN: 
0x0eff952d:  66 83 3d d8 60 0f 00 40  cmpw     $0x40, 0xf60d8
0x0eff9535:  74 4b                    je       0xeff9582

----------------
IN: 
0x0eff9537:  b0 34                    movb     $0x34, %al
0x0eff9539:  e6 43                    outb     %al, $0x43

----------------
IN: 
0x0eff953b:  31 c0                    xorl     %eax, %eax
0x0eff953d:  e6 40                    outb     %al, $0x40

----------------
IN: 
0x0eff953f:  e6 40                    outb     %al, $0x40

----------------
IN: 
0x0eff9541:  b0 8a                    movb     $0x8a, %al
0x0eff9543:  e6 70                    outb     %al, $0x70

----------------
IN: 
0x0eff9545:  b0 26                    movb     $0x26, %al
0x0eff9547:  e6 71                    outb     %al, $0x71

----------------
IN: 
0x0eff9549:  b0 8b                    movb     $0x8b, %al
0x0eff954b:  e6 70                    outb     %al, $0x70

----------------
IN: 
0x0eff954d:  e4 71                    inb      $0x71, %al

----------------
IN: 
0x0eff954f:  83 e0 01                 andl     $1, %eax
0x0eff9552:  83 c8 02                 orl      $2, %eax
0x0eff9555:  e6 71                    outb     %al, $0x71

----------------
IN: 
0x0eff9557:  b0 8c                    movb     $0x8c, %al
0x0eff9559:  e6 70                    outb     %al, $0x70

----------------
IN: 
0x0eff955b:  e4 71                    inb      $0x71, %al

----------------
IN: 
0x0eff955d:  b0 8d                    movb     $0x8d, %al
0x0eff955f:  e6 70                    outb     %al, $0x70

----------------
IN: 
0x0eff9561:  e4 71                    inb      $0x71, %al

----------------
IN: 
0x0eff9563:  b0 8a                    movb     $0x8a, %al
0x0eff9565:  e6 70                    outb     %al, $0x70

----------------
IN: 
0x0eff9567:  e4 71                    inb      $0x71, %al

----------------
IN: 
0x0eff9569:  84 c0                    testb    %al, %al
0x0eff956b:  0f 89 41 01 00 00        jns      0xeff96b2

----------------
IN: 
0x0eff96b2:  b0 80                    movb     $0x80, %al
0x0eff96b4:  e6 70                    outb     %al, $0x70

----------------
IN: 
0x0eff96b6:  e4 71                    inb      $0x71, %al

----------------
IN: 
0x0eff96b8:  88 c1                    movb     %al, %cl
0x0eff96ba:  b0 82                    movb     $0x82, %al
0x0eff96bc:  e6 70                    outb     %al, $0x70

----------------
IN: 
0x0eff96be:  e4 71                    inb      $0x71, %al

----------------
IN: 
0x0eff96c0:  88 c3                    movb     %al, %bl
0x0eff96c2:  b0 84                    movb     $0x84, %al
0x0eff96c4:  e6 70                    outb     %al, $0x70

----------------
IN: 
0x0eff96c6:  e4 71                    inb      $0x71, %al

----------------
IN: 
0x0eff96c8:  88 c2                    movb     %al, %dl
0x0eff96ca:  c0 ea 04                 shrb     $4, %dl
0x0eff96cd:  0f b6 d2                 movzbl   %dl, %edx
0x0eff96d0:  6b d2 0a                 imull    $0xa, %edx, %edx
0x0eff96d3:  83 e0 0f                 andl     $0xf, %eax
0x0eff96d6:  01 d0                    addl     %edx, %eax
0x0eff96d8:  6b c0 3c                 imull    $0x3c, %eax, %eax
0x0eff96db:  88 da                    movb     %bl, %dl
0x0eff96dd:  c0 ea 04                 shrb     $4, %dl
0x0eff96e0:  0f b6 d2                 movzbl   %dl, %edx
0x0eff96e3:  6b d2 0a                 imull    $0xa, %edx, %edx
0x0eff96e6:  83 e3 0f                 andl     $0xf, %ebx
0x0eff96e9:  01 da                    addl     %ebx, %edx
0x0eff96eb:  01 d0                    addl     %edx, %eax
0x0eff96ed:  6b c0 3c                 imull    $0x3c, %eax, %eax
0x0eff96f0:  88 ca                    movb     %cl, %dl
0x0eff96f2:  c0 ea 04                 shrb     $4, %dl
0x0eff96f5:  0f b6 d2                 movzbl   %dl, %edx
0x0eff96f8:  6b d2 0a                 imull    $0xa, %edx, %edx
0x0eff96fb:  83 e1 0f                 andl     $0xf, %ecx
0x0eff96fe:  01 ca                    addl     %ecx, %edx
0x0eff9700:  01 d0                    addl     %edx, %eax
0x0eff9702:  69 c0 e8 03 00 00        imull    $0x3e8, %eax, %eax
0x0eff9708:  ba 99 9e 36 00           movl     $0x369e99, %edx
0x0eff970d:  f7 e2                    mull     %edx
0x0eff970f:  05 ff ff 00 00           addl     $0xffff, %eax
0x0eff9714:  83 d2 00                 adcl     $0, %edx
0x0eff9717:  0f ac d0 10              shrdl    $0x10, %edx, %eax
0x0eff971b:  c1 ea 10                 shrl     $0x10, %edx
0x0eff971e:  05 b7 0b 00 00           addl     $0xbb7, %eax
0x0eff9723:  b9 b8 0b 00 00           movl     $0xbb8, %ecx
0x0eff9728:  31 d2                    xorl     %edx, %edx
0x0eff972a:  f7 f1                    divl     %ecx
0x0eff972c:  a3 6c 04 00 00           movl     %eax, 0x46c
0x0eff9731:  b0 b2                    movb     $0xb2, %al
0x0eff9733:  e6 70                    outb     %al, $0x70

----------------
IN: 
0x0eff9735:  e4 71                    inb      $0x71, %al

----------------
IN: 
0x0eff9737:  a2 b8 99 0e 00           movb     %al, 0xe99b8
0x0eff973c:  ba a5 fe 0f 00           movl     $0xffea5, %edx
0x0eff9741:  0f b7 d2                 movzwl   %dx, %edx
0x0eff9744:  81 ca 00 00 00 f0        orl      $0xf0000000, %edx
0x0eff974a:  31 c0                    xorl     %eax, %eax
0x0eff974c:  e8 6e 3d ff ff           calll    0xefed4bf

----------------
IN: 
0x0efed4ed:  89 1c 85 00 00 00 00     movl     %ebx, (, %eax, 4)
0x0efed4f4:  5b                       popl     %ebx
0x0efed4f5:  5e                       popl     %esi
0x0efed4f6:  c3                       retl     

----------------
IN: 
0x0eff9751:  ba 2a d4 0f 00           movl     $0xfd42a, %edx
0x0eff9756:  0f b7 d2                 movzwl   %dx, %edx
0x0eff9759:  81 ca 00 00 00 f0        orl      $0xf0000000, %edx
0x0eff975f:  b8 08 00 00 00           movl     $8, %eax
0x0eff9764:  e8 56 3d ff ff           calll    0xefed4bf

----------------
IN: 
0x0eff9769:  b8 54 50 4d 32           movl     $0x324d5054, %eax
0x0eff976e:  e8 78 4d 0f f1           calll    0xee4eb

----------------
IN: 
0x000ee58a:  83 c0 04                 addl     $4, %eax
0x000ee58d:  eb eb                    jmp      0xee57a

----------------
IN: 
0x000ee57a:  39 f0                    cmpl     %esi, %eax
0x000ee57c:  73 22                    jae      0xee5a0

----------------
IN: 
0x000ee5a0:  31 db                    xorl     %ebx, %ebx
0x000ee5a2:  89 d8                    movl     %ebx, %eax
0x000ee5a4:  5b                       popl     %ebx
0x000ee5a5:  5e                       popl     %esi
0x000ee5a6:  c3                       retl     

----------------
IN: 
0x0eff9773:  85 c0                    testl    %eax, %eax
0x0eff9775:  75 13                    jne      0xeff978a

----------------
IN: 
0x0eff9777:  b8 54 43 50 41           movl     $0x41504354, %eax
0x0eff977c:  e8 6a 4d 0f f1           calll    0xee4eb

----------------
IN: 
0x0eff9781:  85 c0                    testl    %eax, %eax
0x0eff9783:  75 1c                    jne      0xeff97a1

----------------
IN: 
0x0eff9785:  e9 0f 01 00 00           jmp      0xeff9899

----------------
IN: 
0x0eff9899:  81 c4 88 00 00 00        addl     $0x88, %esp
0x0eff989f:  5b                       popl     %ebx
0x0eff98a0:  5e                       popl     %esi
0x0eff98a1:  5f                       popl     %edi
0x0eff98a2:  5d                       popl     %ebp
0x0eff98a3:  c3                       retl     

----------------
IN: 
0x0effbb13:  e8 4d e7 0e f1           calll    0xea265

----------------
IN: 
0x000ea265:  31 c0                    xorl     %eax, %eax
0x000ea267:  80 3d 00 4e 0f 00 02     cmpb     $2, 0xf4e00
0x000ea26e:  75 0c                    jne      0xea27c

----------------
IN: 
0x000ea27c:  c3                       retl     

----------------
IN: 
0x0effbb18:  85 c0                    testl    %eax, %eax
0x0effbb1a:  74 05                    je       0xeffbb21

----------------
IN: 
0x0effbb21:  68 12 37 0f 00           pushl    $0xf3712
0x0effbb26:  e8 f7 13 0f f1           calll    0xecf22

----------------
IN: 
0x0effbb2b:  ba 01 00 00 00           movl     $1, %edx
0x0effbb30:  31 c9                    xorl     %ecx, %ecx
0x0effbb32:  b8 2b 37 0f 00           movl     $0xf372b, %eax
0x0effbb37:  e8 7f 26 ff ff           calll    0xefee1bb

----------------
IN: 
0x0effbb3c:  a3 f0 4d 0f 00           movl     %eax, 0xf4df0
0x0effbb41:  ba 01 00 00 00           movl     $1, %edx
0x0effbb46:  31 c9                    xorl     %ecx, %ecx
0x0effbb48:  b8 43 37 0f 00           movl     $0xf3743, %eax
0x0effbb4d:  e8 69 26 ff ff           calll    0xefee1bb

----------------
IN: 
0x0effbb52:  a3 ec 4d 0f 00           movl     %eax, 0xf4dec
0x0effbb57:  ba 02 00 00 00           movl     $2, %edx
0x0effbb5c:  31 c9                    xorl     %ecx, %ecx
0x0effbb5e:  b8 5a 37 0f 00           movl     $0xf375a, %eax
0x0effbb63:  e8 53 26 ff ff           calll    0xefee1bb

----------------
IN: 
0x0effbb68:  a3 4c ff ff 0e           movl     %eax, 0xeffff4c
0x0effbb6d:  ba 01 00 00 00           movl     $1, %edx
0x0effbb72:  31 c9                    xorl     %ecx, %ecx
0x0effbb74:  b8 71 37 0f 00           movl     $0xf3771, %eax
0x0effbb79:  e8 3d 26 ff ff           calll    0xefee1bb

----------------
IN: 
0x0effbb7e:  a3 e8 4d 0f 00           movl     %eax, 0xf4de8
0x0effbb83:  e8 57 ea 0e f1           calll    0xea5df

----------------
IN: 
0x000ea5df:  a1 f4 4d 0f 00           movl     0xf4df4, %eax
0x000ea5e4:  8b 40 0c                 movl     0xc(%eax), %eax
0x000ea5e7:  83 e8 10                 subl     $0x10, %eax
0x000ea5ea:  25 00 f8 ff ff           andl     $0xfffff800, %eax
0x000ea5ef:  c3                       retl     

----------------
IN: 
0x0effbb88:  8d 88 00 00 f4 ff        leal     -0xc0000(%eax), %ecx
0x0effbb8e:  31 d2                    xorl     %edx, %edx
0x0effbb90:  b8 00 00 0c 00           movl     $0xc0000, %eax
0x0effbb95:  e8 8c fb 0e f1           calll    0xeb726

----------------
IN: 
0x0effbb9a:  a1 f8 fd ff 0e           movl     0xefffdf8, %eax
0x0effbb9f:  8d 58 fc                 leal     -4(%eax), %ebx
0x0effbba2:  5d                       popl     %ebp
0x0effbba3:  83 fb fc                 cmpl     $-4, %ebx
0x0effbba6:  0f 84 e0 01 00 00        je       0xeffbd8c

----------------
IN: 
0x0effbbac:  89 d8                    movl     %ebx, %eax
0x0effbbae:  e8 5b 09 ff ff           calll    0xefec50e

----------------
IN: 
0x0effbbb3:  85 c0                    testl    %eax, %eax
0x0effbbb5:  75 08                    jne      0xeffbbbf

----------------
IN: 
0x0effbbb7:  8b 5b 04                 movl     4(%ebx), %ebx
0x0effbbba:  83 eb 04                 subl     $4, %ebx
0x0effbbbd:  eb e4                    jmp      0xeffbba3

----------------
IN: 
0x0effbba3:  83 fb fc                 cmpl     $-4, %ebx
0x0effbba6:  0f 84 e0 01 00 00        je       0xeffbd8c

----------------
IN: 
0x0effbbbf:  ba 86 37 0f 00           movl     $0xf3786, %edx
0x0effbbc4:  b8 b3 1b 0f 00           movl     $0xf1bb3, %eax
0x0effbbc9:  e8 60 e8 0e f1           calll    0xea42e

----------------
IN: 
0x0effbbce:  85 c0                    testl    %eax, %eax
0x0effbbd0:  75 29                    jne      0xeffbbfb

----------------
IN: 
0x0effbbfb:  ba 97 37 0f 00           movl     $0xf3797, %edx
0x0effbc00:  b8 b3 1b 0f 00           movl     $0xf1bb3, %eax
0x0effbc05:  e8 24 e8 0e f1           calll    0xea42e

----------------
IN: 
0x0effbc0a:  85 c0                    testl    %eax, %eax
0x0effbc0c:  75 17                    jne      0xeffbc25

----------------
IN: 
0x0effbc25:  ba a2 37 0f 00           movl     $0xf37a2, %edx
0x0effbc2a:  b8 b3 1b 0f 00           movl     $0xf1bb3, %eax
0x0effbc2f:  e8 fa e7 0e f1           calll    0xea42e

----------------
IN: 
0x0effbc34:  85 c0                    testl    %eax, %eax
0x0effbc36:  75 29                    jne      0xeffbc61

----------------
IN: 
0x0effbc61:  ba af 37 0f 00           movl     $0xf37af, %edx
0x0effbc66:  b8 b3 1b 0f 00           movl     $0xf1bb3, %eax
0x0effbc6b:  e8 be e7 0e f1           calll    0xea42e

----------------
IN: 
0x0effbc70:  85 c0                    testl    %eax, %eax
0x0effbc72:  75 29                    jne      0xeffbc9d

----------------
IN: 
0x0effbc9d:  8b 43 10                 movl     0x10(%ebx), %eax
0x0effbca0:  66 3d 06 11              cmpw     $0x1106, %ax
0x0effbca4:  0f 85 b4 00 00 00        jne      0xeffbd5e

----------------
IN: 
0x0effbd5e:  66 3d 86 80              cmpw     $0x8086, %ax
0x0effbd62:  75 18                    jne      0xeffbd7c

----------------
IN: 
0x0effbd7c:  31 c9                    xorl     %ecx, %ecx
0x0effbd7e:  ba 01 00 00 00           movl     $1, %edx
0x0effbd83:  89 d8                    movl     %ebx, %eax
0x0effbd85:  e8 b1 98 ff ff           calll    0xeff563b

----------------
IN: 
0x0eff563b:  55                       pushl    %ebp
0x0eff563c:  57                       pushl    %edi
0x0eff563d:  56                       pushl    %esi
0x0eff563e:  53                       pushl    %ebx
0x0eff563f:  83 ec 24                 subl     $0x24, %esp
0x0eff5642:  89 c6                    movl     %eax, %esi
0x0eff5644:  89 14 24                 movl     %edx, (%esp)
0x0eff5647:  89 4c 24 04              movl     %ecx, 4(%esp)
0x0eff564b:  0f b7 40 12              movzwl   0x12(%eax), %eax
0x0eff564f:  50                       pushl    %eax
0x0eff5650:  0f b7 46 10              movzwl   0x10(%esi), %eax
0x0eff5654:  50                       pushl    %eax
0x0eff5655:  68 a5 25 0f 00           pushl    $0xf25a5
0x0eff565a:  6a 11                    pushl    $0x11
0x0eff565c:  8d 5c 24 23              leal     0x23(%esp), %ebx
0x0eff5660:  53                       pushl    %ebx
0x0eff5661:  e8 fd d2 ff ff           calll    0xeff2963

----------------
IN: 
0x0eff5666:  89 d8                    movl     %ebx, %eax
0x0eff5668:  e8 1d 8b ff ff           calll    0xefee18a

----------------
IN: 
0x0eff566d:  89 c5                    movl     %eax, %ebp
0x0eff566f:  83 c4 14                 addl     $0x14, %esp
0x0eff5672:  85 c0                    testl    %eax, %eax
0x0eff5674:  74 07                    je       0xeff567d

----------------
IN: 
0x0eff567d:  83 3d 4c ff ff 0e 01     cmpl     $1, 0xeffff4c
0x0eff5684:  7f 10                    jg       0xeff5696

----------------
IN: 
0x0eff5696:  89 f0                    movl     %esi, %eax
0x0eff5698:  e8 60 a6 ff ff           calll    0xefefcfd

----------------
IN: 
0x0efefcfd:  55                       pushl    %ebp
0x0efefcfe:  57                       pushl    %edi
0x0efefcff:  56                       pushl    %esi
0x0efefd00:  53                       pushl    %ebx
0x0efefd01:  51                       pushl    %ecx
0x0efefd02:  f6 40 18 7f              testb    $0x7f, 0x18(%eax)
0x0efefd06:  0f 85 2b 01 00 00        jne      0xefefe37

----------------
IN: 
0x0efefd0c:  89 c7                    movl     %eax, %edi
0x0efefd0e:  0f b7 30                 movzwl   (%eax), %esi
0x0efefd11:  ba 30 00 00 00           movl     $0x30, %edx
0x0efefd16:  89 f0                    movl     %esi, %eax
0x0efefd18:  e8 f2 a7 0f f1           calll    0xea50f

----------------
IN: 
0x0efefd1d:  89 c3                    movl     %eax, %ebx
0x0efefd1f:  b9 fe ff ff ff           movl     $0xfffffffe, %ecx
0x0efefd24:  ba 30 00 00 00           movl     $0x30, %edx
0x0efefd29:  89 f0                    movl     %esi, %eax
0x0efefd2b:  e8 22 a7 0f f1           calll    0xea452

----------------
IN: 
0x0efefd30:  ba 30 00 00 00           movl     $0x30, %edx
0x0efefd35:  89 f0                    movl     %esi, %eax
0x0efefd37:  e8 d3 a7 0f f1           calll    0xea50f

----------------
IN: 
0x0efefd3c:  89 dd                    movl     %ebx, %ebp
0x0efefd3e:  83 e5 fe                 andl     $0xfffffffe, %ebp
0x0efefd41:  8d 50 ff                 leal     -1(%eax), %edx
0x0efefd44:  83 fa fd                 cmpl     $-3, %edx
0x0efefd47:  0f 87 dc 00 00 00        ja       0xefefe29

----------------
IN: 
0x0efefd4d:  39 e8                    cmpl     %ebp, %eax
0x0efefd4f:  0f 84 d4 00 00 00        je       0xefefe29

----------------
IN: 
0x0efefd55:  8d 85 00 00 40 00        leal     0x400000(%ebp), %eax
0x0efefd5b:  3d ff ff 3f 01           cmpl     $0x13fffff, %eax
0x0efefd60:  0f 86 c3 00 00 00        jbe      0xefefe29

----------------
IN: 
0x0efefd66:  89 d9                    movl     %ebx, %ecx
0x0efefd68:  83 c9 01                 orl      $1, %ecx
0x0efefd6b:  ba 30 00 00 00           movl     $0x30, %edx
0x0efefd70:  89 f0                    movl     %esi, %eax
0x0efefd72:  e8 db a6 0f f1           calll    0xea452

----------------
IN: 
0x0efefd77:  89 ea                    movl     %ebp, %edx
0x0efefd79:  66 81 3a 55 aa           cmpw     $0xaa55, (%edx)
0x0efefd7e:  0f 85 a5 00 00 00        jne      0xefefe29

----------------
IN: 
0x0efefd84:  0f b7 5a 18              movzwl   0x18(%edx), %ebx
0x0efefd88:  89 d8                    movl     %ebx, %eax
0x0efefd8a:  01 d3                    addl     %edx, %ebx
0x0efefd8c:  81 3b 50 43 49 52        cmpl     $0x52494350, (%ebx)
0x0efefd92:  0f 85 91 00 00 00        jne      0xefefe29

----------------
IN: 
0x0efefd98:  a8 03                    testb    $3, %al
0x0efefd9a:  74 1d                    je       0xefefdb9

----------------
IN: 
0x0efefdb9:  85 db                    testl    %ebx, %ebx
0x0efefdbb:  74 6c                    je       0xefefe29

----------------
IN: 
0x0efefdbd:  8b 47 10                 movl     0x10(%edi), %eax
0x0efefdc0:  66 39 43 04              cmpw     %ax, 4(%ebx)
0x0efefdc4:  75 10                    jne      0xefefdd6

----------------
IN: 
0x0efefdc6:  66 8b 47 12              movw     0x12(%edi), %ax
0x0efefdca:  66 39 43 06              cmpw     %ax, 6(%ebx)
0x0efefdce:  75 06                    jne      0xefefdd6

----------------
IN: 
0x0efefdd0:  80 7b 14 00              cmpb     $0, 0x14(%ebx)
0x0efefdd4:  74 11                    je       0xefefde7

----------------
IN: 
0x0efefde7:  0f b6 7a 02              movzbl   2(%edx), %edi
0x0efefdeb:  89 14 24                 movl     %edx, (%esp)
0x0efefdee:  c1 e7 09                 shll     $9, %edi
0x0efefdf1:  89 f8                    movl     %edi, %eax
0x0efefdf3:  e8 54 c6 ff ff           calll    0xefec44c

----------------
IN: 
0x0efec44c:  53                       pushl    %ebx
0x0efec44d:  8b 15 60 fe ff 0e        movl     0xefffe60, %edx
0x0efec453:  8d 8c 02 ff 07 00 00     leal     0x7ff(%edx, %eax), %ecx
0x0efec45a:  81 e1 00 f8 ff ff        andl     $0xfffff800, %ecx
0x0efec460:  e8 7a e1 0f f1           calll    0xea5df

----------------
IN: 
0x0efec465:  39 c8                    cmpl     %ecx, %eax
0x0efec467:  72 1b                    jb       0xefec484

----------------
IN: 
0x0efec469:  8b 1d f4 4d 0f 00        movl     0xf4df4, %ebx
0x0efec46f:  b8 00 a8 0d 00           movl     $0xda800, %eax
0x0efec474:  39 c8                    cmpl     %ecx, %eax
0x0efec476:  73 02                    jae      0xefec47a

----------------
IN: 
0x0efec47a:  83 c0 10                 addl     $0x10, %eax
0x0efec47d:  89 43 08                 movl     %eax, 8(%ebx)
0x0efec480:  89 d0                    movl     %edx, %eax
0x0efec482:  eb 02                    jmp      0xefec486

----------------
IN: 
0x0efec486:  5b                       popl     %ebx
0x0efec487:  c3                       retl     

----------------
IN: 
0x0efefdf8:  89 c3                    movl     %eax, %ebx
0x0efefdfa:  85 c0                    testl    %eax, %eax
0x0efefdfc:  8b 14 24                 movl     (%esp), %edx
0x0efefdff:  75 11                    jne      0xefefe12

----------------
IN: 
0x0efefe12:  89 f9                    movl     %edi, %ecx
0x0efefe14:  e8 5a e4 ff ff           calll    0xefee273

----------------
IN: 
0x0efee273:  55                       pushl    %ebp
0x0efee274:  57                       pushl    %edi
0x0efee275:  56                       pushl    %esi
0x0efee276:  53                       pushl    %ebx
0x0efee277:  89 c3                    movl     %eax, %ebx
0x0efee279:  89 d6                    movl     %edx, %esi
0x0efee27b:  89 cd                    movl     %ecx, %ebp
0x0efee27d:  e8 b2 e8 0f f1           calll    0xecb34

Servicing hardware INT=0x08
----------------
IN: 
0x000ffea5:  66 68 fc f0 00 00        pushl    $0xf0fc
0x000ffeab:  e9 3b d4                 jmp      0xfd2e9

----------------
IN: 
0x000fd2e9:  fa                       cli      
0x000fd2ea:  fc                       cld      
0x000fd2eb:  1e                       pushw    %ds
0x000fd2ec:  66 50                    pushl    %eax
0x000fd2ee:  66 b8 80 da 00 00        movl     $0xda80, %eax
0x000fd2f4:  8e d8                    movw     %ax, %ds
0x000fd2f6:  66 a1 10 f2              movl     0xf210, %eax
0x000fd2fa:  66 83 e8 28              subl     $0x28, %eax
0x000fd2fe:  67 66 8f 40 1c           popl     0x1c(%eax)
0x000fd303:  67 8f 00                 popw     (%eax)
0x000fd306:  67 66 89 78 04           movl     %edi, 4(%eax)
0x000fd30b:  67 66 89 70 08           movl     %esi, 8(%eax)
0x000fd310:  67 66 89 68 0c           movl     %ebp, 0xc(%eax)
0x000fd315:  67 66 89 58 10           movl     %ebx, 0x10(%eax)
0x000fd31a:  67 66 89 50 14           movl     %edx, 0x14(%eax)
0x000fd31f:  67 66 89 48 18           movl     %ecx, 0x18(%eax)
0x000fd324:  67 8c 40 02              movw     %es, 2(%eax)
0x000fd328:  66 59                    popl     %ecx
0x000fd32a:  67 66 89 60 20           movl     %esp, 0x20(%eax)
0x000fd32f:  67 8c 50 24              movw     %ss, 0x24(%eax)
0x000fd333:  8c da                    movw     %ds, %dx
0x000fd335:  8e d2                    movw     %dx, %ss

----------------
IN: 
0x000fd337:  66 89 c4                 movl     %eax, %esp

----------------
IN: 
0x000fd33a:  66 ff d1                 calll    *%ecx

----------------
IN: 
0x000ff0fc:  66 55                    pushl    %ebp
0x000ff0fe:  66 57                    pushl    %edi
0x000ff100:  66 56                    pushl    %esi
0x000ff102:  66 53                    pushl    %ebx
0x000ff104:  66 83 ec 3c              subl     $0x3c, %esp
0x000ff108:  66 b8 40 00 00 00        movl     $0x40, %eax
0x000ff10e:  8e c0                    movw     %ax, %es
0x000ff110:  26 66 a1 6c 00           movl     %es:0x6c, %eax
0x000ff115:  66 40                    incl     %eax
0x000ff117:  66 3d af 00 18 00        cmpl     $0x1800af, %eax
0x000ff11d:  76 0d                    jbe      0xff12c

----------------
IN: 
0x000ff12c:  66 ba 40 00 00 00        movl     $0x40, %edx
0x000ff132:  8e c2                    movw     %dx, %es
0x000ff134:  26 66 a3 6c 00           movl     %eax, %es:0x6c
0x000ff139:  8e c2                    movw     %dx, %es
0x000ff13b:  26 a0 40 00              movb     %es:0x40, %al
0x000ff13f:  84 c0                    testb    %al, %al
0x000ff141:  74 19                    je       0xff15c

----------------
IN: 
0x000ff15c:  2e 66 8b 36 d0 60        movl     %cs:0x60d0, %esi
0x000ff162:  66 85 f6                 testl    %esi, %esi
0x000ff165:  0f 84 ac 01              je       0xff315

----------------
IN: 
0x000ff315:  2e 66 8b 2e cc 60        movl     %cs:0x60cc, %ebp
0x000ff31b:  66 85 ed                 testl    %ebp, %ebp
0x000ff31e:  0f 84 81 00              je       0xff3a3

----------------
IN: 
0x000ff3a3:  66 be 80 da 00 00        movl     $0xda80, %esi
0x000ff3a9:  8e c6                    movw     %si, %es
0x000ff3ab:  26 8b 1e d4 f1           movw     %es:0xf1d4, %bx
0x000ff3b0:  85 db                    testw    %bx, %bx
0x000ff3b2:  0f 84 4e 01              je       0xff504

----------------
IN: 
0x000ff504:  66 b9 26 00 00 00        movl     $0x26, %ecx
0x000ff50a:  66 31 d2                 xorl     %edx, %edx
0x000ff50d:  67 66 8d 44 24 16        leal     0x16(%esp), %eax
0x000ff513:  66 e8 65 7c ff ff        calll    0xf717e

----------------
IN: 
0x000f717e:  66 49                    decl     %ecx
0x000f7180:  67 88 14 08              movb     %dl, (%eax, %ecx)
0x000f7184:  75 f8                    jne      0xf717e

----------------
IN: 
0x000f7186:  66 c3                    retl     

----------------
IN: 
0x000ff519:  67 c7 44 24 3a 00 02     movw     $0x200, 0x3a(%esp)
0x000ff520:  66 ba 50 ff 00 00        movl     $0xff50, %edx
0x000ff526:  66 0f b7 d2              movzwl   %dx, %edx
0x000ff52a:  66 e8 53 8c ff ff        calll    0xf8183

----------------
IN: 
0x000f8183:  67 89 50 20              movw     %dx, 0x20(%eax)
0x000f8187:  8c ca                    movw     %cs, %dx
0x000f8189:  67 89 50 22              movw     %dx, 0x22(%eax)
0x000f818d:  8c d2                    movw     %ss, %dx
0x000f818f:  66 0f b7 d2              movzwl   %dx, %edx
0x000f8193:  e9 ac ff                 jmp      0xf8142

----------------
IN: 
0x000f8142:  66 57                    pushl    %edi
0x000f8144:  66 56                    pushl    %esi
0x000f8146:  66 53                    pushl    %ebx
0x000f8148:  66 89 c3                 movl     %eax, %ebx
0x000f814b:  66 89 d1                 movl     %edx, %ecx
0x000f814e:  66 e8 f8 ea ff ff        calll    0xf6c4c

----------------
IN: 
0x000f6c5d:  66 89 e0                 movl     %esp, %eax
0x000f6c60:  66 31 d2                 xorl     %edx, %edx
0x000f6c63:  66 3d 18 f2 00 00        cmpl     $0xf218, %eax
0x000f6c69:  0f 97 c2                 seta     %dl
0x000f6c6c:  66 89 d0                 movl     %edx, %eax
0x000f6c6f:  66 c3                    retl     

----------------
IN: 
0x000f8154:  66 85 c0                 testl    %eax, %eax
0x000f8157:  74 16                    je       0xf816f

----------------
IN: 
0x000f8159:  66 0f b7 d1              movzwl   %cx, %edx
0x000f815d:  66 b9 42 81 00 00        movl     $0x8142, %ecx
0x000f8163:  66 89 d8                 movl     %ebx, %eax
0x000f8166:  66 5b                    popl     %ebx
0x000f8168:  66 5e                    popl     %esi
0x000f816a:  66 5f                    popl     %edi
0x000f816c:  e9 19 f0                 jmp      0xf7188

----------------
IN: 
0x000f7188:  66 57                    pushl    %edi
0x000f718a:  66 56                    pushl    %esi
0x000f718c:  66 53                    pushl    %ebx
0x000f718e:  66 89 c6                 movl     %eax, %esi
0x000f7191:  66 89 d3                 movl     %edx, %ebx
0x000f7194:  66 e8 b2 fa ff ff        calll    0xf6c4c

----------------
IN: 
0x000f719a:  66 85 c0                 testl    %eax, %eax
0x000f719d:  75 0f                    jne      0xf71ae

----------------
IN: 
0x000f71ae:  66 89 f0                 movl     %esi, %eax
0x000f71b1:  66 89 da                 movl     %ebx, %edx
0x000f71b4:  66 8b 36 10 f2           movl     0xf210, %esi
0x000f71b9:  8c d3                    movw     %ss, %bx
0x000f71bb:  66 89 26 10 f2           movl     %esp, 0xf210
0x000f71c0:  67 66 8b 7e fc           movl     -4(%esi), %edi
0x000f71c5:  8e d7                    movw     %di, %ss

----------------
IN: 
0x000f71c7:  67 8b 66 f8              movw     -8(%esi), %sp

----------------
IN: 
0x000f71cb:  8e df                    movw     %di, %ds
0x000f71cd:  66 ff d1                 calll    *%ecx

----------------
IN: 
0x000f816f:  66 89 d8                 movl     %ebx, %eax
0x000f8172:  66 89 ca                 movl     %ecx, %edx
0x000f8175:  66 e8 51 4e 00 00        calll    0xfcfcc

----------------
IN: 
0x000fcfcc:  66 55                    pushl    %ebp
0x000fcfce:  66 50                    pushl    %eax
0x000fcfd0:  66 52                    pushl    %edx
0x000fcfd2:  8e da                    movw     %dx, %ds
0x000fcfd4:  0e                       pushw    %cs
0x000fcfd5:  68 0e d0                 pushw    $0xd00e
0x000fcfd8:  67 ff 70 24              pushw    0x24(%eax)
0x000fcfdc:  67 66 ff 70 20           pushl    0x20(%eax)
0x000fcfe1:  67 66 8b 78 04           movl     4(%eax), %edi
0x000fcfe6:  67 66 8b 70 08           movl     8(%eax), %esi
0x000fcfeb:  67 66 8b 68 0c           movl     0xc(%eax), %ebp
0x000fcff0:  67 66 8b 58 10           movl     0x10(%eax), %ebx
0x000fcff5:  67 66 8b 50 14           movl     0x14(%eax), %edx
0x000fcffa:  67 66 8b 48 18           movl     0x18(%eax), %ecx

----------------
IN: 
0x000fcfff:  67 8e 40 02              movw     2(%eax), %es

----------------
IN: 
0x000fd003:  67 66 ff 70 1c           pushl    0x1c(%eax)
0x000fd008:  67 8e 18                 movw     (%eax), %ds
0x000fd00b:  66 58                    popl     %eax
0x000fd00d:  cf                       iretw    

----------------
IN: 
0x000fff50:  cd 1c                    int      $0x1c

----------------
IN: 
0x000fff53:  cf                       iretw    

----------------
IN: 
0x000fff52:  cb                       lretw    

----------------
IN: 
0x000fd00e:  9c                       pushfw   
0x000fd00f:  fa                       cli      
0x000fd010:  fc                       cld      
0x000fd011:  1e                       pushw    %ds
0x000fd012:  66 50                    pushl    %eax
0x000fd014:  67 8e 5c 24 08           movw     8(%esp), %ds
0x000fd019:  67 66 8b 44 24 0c        movl     0xc(%esp), %eax
0x000fd01f:  67 66 8f 40 1c           popl     0x1c(%eax)
0x000fd024:  67 8f 00                 popw     (%eax)
0x000fd027:  67 66 89 78 04           movl     %edi, 4(%eax)
0x000fd02c:  67 66 89 70 08           movl     %esi, 8(%eax)
0x000fd031:  67 66 89 68 0c           movl     %ebp, 0xc(%eax)
0x000fd036:  67 66 89 58 10           movl     %ebx, 0x10(%eax)
0x000fd03b:  67 66 89 50 14           movl     %edx, 0x14(%eax)
0x000fd040:  67 66 89 48 18           movl     %ecx, 0x18(%eax)
0x000fd045:  67 8c 40 02              movw     %es, 2(%eax)
0x000fd049:  67 8f 40 24              popw     0x24(%eax)
0x000fd04d:  8c d1                    movw     %ss, %cx
0x000fd04f:  8e d9                    movw     %cx, %ds
0x000fd051:  66 5a                    popl     %edx
0x000fd053:  66 58                    popl     %eax
0x000fd055:  66 5d                    popl     %ebp
0x000fd057:  66 c3                    retl     

----------------
IN: 
0x000f817b:  66 5b                    popl     %ebx
0x000f817d:  66 5e                    popl     %esi
0x000f817f:  66 5f                    popl     %edi
0x000f8181:  66 c3                    retl     

----------------
IN: 
0x000f71d0:  8e db                    movw     %bx, %ds
0x000f71d2:  8e d3                    movw     %bx, %ss

----------------
IN: 
0x000f71d4:  66 8b 26 10 f2           movl     0xf210, %esp

----------------
IN: 
0x000f71d9:  66 89 36 10 f2           movl     %esi, 0xf210
0x000f71de:  66 5b                    popl     %ebx
0x000f71e0:  66 5e                    popl     %esi
0x000f71e2:  66 5f                    popl     %edi
0x000f71e4:  66 c3                    retl     

----------------
IN: 
0x000ff530:  b0 20                    movb     $0x20, %al
0x000ff532:  e6 20                    outb     %al, $0x20

----------------
IN: 
0x000ff534:  66 83 c4 3c              addl     $0x3c, %esp
0x000ff538:  66 5b                    popl     %ebx
0x000ff53a:  66 5e                    popl     %esi
0x000ff53c:  66 5f                    popl     %edi
0x000ff53e:  66 5d                    popl     %ebp
0x000ff540:  66 c3                    retl     

----------------
IN: 
0x000fd33d:  66 89 e0                 movl     %esp, %eax
0x000fd340:  67 8e 50 24              movw     0x24(%eax), %ss

----------------
IN: 
0x000fd344:  67 66 8b 60 20           movl     0x20(%eax), %esp

----------------
IN: 
0x000fd349:  67 66 8b 78 04           movl     4(%eax), %edi
0x000fd34e:  67 66 8b 70 08           movl     8(%eax), %esi
0x000fd353:  67 66 8b 68 0c           movl     0xc(%eax), %ebp
0x000fd358:  67 66 8b 58 10           movl     0x10(%eax), %ebx
0x000fd35d:  67 66 8b 50 14           movl     0x14(%eax), %edx
0x000fd362:  67 66 8b 48 18           movl     0x18(%eax), %ecx
0x000fd367:  67 8e 40 02              movw     2(%eax), %es
0x000fd36b:  67 66 ff 70 1c           pushl    0x1c(%eax)
0x000fd370:  67 8e 18                 movw     (%eax), %ds
0x000fd373:  66 58                    popl     %eax
0x000fd375:  cf                       iretw    

----------------
IN: 
0x0efee282:  83 fd 03                 cmpl     $3, %ebp
0x0efee285:  76 21                    jbe      0xefee2a8

----------------
IN: 
0x0efee287:  89 e8                    movl     %ebp, %eax
0x0efee289:  81 fd 00 08 00 00        cmpl     $0x800, %ebp
0x0efee28f:  76 05                    jbe      0xefee296

----------------
IN: 
0x0efee291:  b8 00 08 00 00           movl     $0x800, %eax
0x0efee296:  89 c1                    movl     %eax, %ecx
0x0efee298:  c1 e9 02                 shrl     $2, %ecx
0x0efee29b:  83 e0 fc                 andl     $0xfffffffc, %eax
0x0efee29e:  29 c5                    subl     %eax, %ebp
0x0efee2a0:  89 df                    movl     %ebx, %edi
0x0efee2a2:  f3 a5                    rep movsl (%esi), %es:(%edi)

----------------
IN: 
0x0efee2a4:  89 fb                    movl     %edi, %ebx
0x0efee2a6:  eb d5                    jmp      0xefee27d

----------------
IN: 
0x0efee27d:  e8 b2 e8 0f f1           calll    0xecb34

----------------
IN: 
0x0efee296:  89 c1                    movl     %eax, %ecx
0x0efee298:  c1 e9 02                 shrl     $2, %ecx
0x0efee29b:  83 e0 fc                 andl     $0xfffffffc, %eax
0x0efee29e:  29 c5                    subl     %eax, %ebp
0x0efee2a0:  89 df                    movl     %ebx, %edi
0x0efee2a2:  f3 a5                    rep movsl (%esi), %es:(%edi)

----------------
IN: 
0x0efee2a8:  85 ed                    testl    %ebp, %ebp
0x0efee2aa:  74 06                    je       0xefee2b2

----------------
IN: 
0x0efee2b2:  5b                       popl     %ebx
0x0efee2b3:  5e                       popl     %esi
0x0efee2b4:  5f                       popl     %edi
0x0efee2b5:  5d                       popl     %ebp
0x0efee2b6:  c3                       retl     

----------------
IN: 
0x0efefe19:  89 e9                    movl     %ebp, %ecx
0x0efefe1b:  ba 30 00 00 00           movl     $0x30, %edx
0x0efefe20:  89 f0                    movl     %esi, %eax
0x0efefe22:  e8 2b a6 0f f1           calll    0xea452

----------------
IN: 
0x0efefe27:  eb 10                    jmp      0xefefe39

----------------
IN: 
0x0efefe39:  89 d8                    movl     %ebx, %eax
0x0efefe3b:  5a                       popl     %edx
0x0efefe3c:  5b                       popl     %ebx
0x0efefe3d:  5e                       popl     %esi
0x0efefe3e:  5f                       popl     %edi
0x0efefe3f:  5d                       popl     %ebp
0x0efefe40:  c3                       retl     

----------------
IN: 
0x0eff569d:  85 c0                    testl    %eax, %eax
0x0eff569f:  0f 84 b5 00 00 00        je       0xeff575a

----------------
IN: 
0x0eff56a5:  8b 3d 64 00 00 00        movl     0x64, %edi
0x0eff56ab:  89 7c 24 08              movl     %edi, 8(%esp)
0x0eff56af:  bf f2 e6 0f 00           movl     $0xfe6f2, %edi
0x0eff56b4:  0f b7 d7                 movzwl   %di, %edx
0x0eff56b7:  81 ca 00 00 00 f0        orl      $0xf0000000, %edx
0x0eff56bd:  89 54 24 0c              movl     %edx, 0xc(%esp)
0x0eff56c1:  0f b7 58 1a              movzwl   0x1a(%eax), %ebx
0x0eff56c5:  01 c3                    addl     %eax, %ebx
0x0eff56c7:  81 3b 24 50 6e 50        cmpl     $0x506e5024, (%ebx)
0x0eff56cd:  74 02                    je       0xeff56d1

----------------
IN: 
0x0eff56cf:  31 db                    xorl     %ebx, %ebx
0x0eff56d1:  83 7c 24 04 00           cmpl     $0, 4(%esp)
0x0eff56d6:  74 18                    je       0xeff56f0

----------------
IN: 
0x0eff56f0:  0f b7 16                 movzwl   (%esi), %edx
0x0eff56f3:  8b 0c 24                 movl     (%esp), %ecx
0x0eff56f6:  89 44 24 04              movl     %eax, 4(%esp)
0x0eff56fa:  e8 e9 fd ff ff           calll    0xeff54e8

----------------
IN: 
0x0eff54e8:  55                       pushl    %ebp
0x0eff54e9:  57                       pushl    %edi
0x0eff54ea:  56                       pushl    %esi
0x0eff54eb:  53                       pushl    %ebx
0x0eff54ec:  83 ec 24                 subl     $0x24, %esp
0x0eff54ef:  89 c7                    movl     %eax, %edi
0x0eff54f1:  89 d6                    movl     %edx, %esi
0x0eff54f3:  89 cd                    movl     %ecx, %ebp
0x0eff54f5:  e8 41 8f 0f f1           calll    0xee43b

----------------
IN: 
0x000ee43b:  66 81 38 55 aa           cmpw     $0xaa55, (%eax)
0x000ee440:  75 44                    jne      0xee486

----------------
IN: 
0x000ee442:  56                       pushl    %esi
0x000ee443:  53                       pushl    %ebx
0x000ee444:  89 c6                    movl     %eax, %esi
0x000ee446:  0f b6 58 02              movzbl   2(%eax), %ebx
0x000ee44a:  31 c0                    xorl     %eax, %eax
0x000ee44c:  84 db                    testb    %bl, %bl
0x000ee44e:  74 39                    je       0xee489

----------------
IN: 
0x000ee450:  c1 e3 09                 shll     $9, %ebx
0x000ee453:  89 da                    movl     %ebx, %edx
0x000ee455:  89 f0                    movl     %esi, %eax
0x000ee457:  e8 f7 d1 ff ff           calll    0xeb653

----------------
IN: 
0x000ee45c:  0f b6 d0                 movzbl   %al, %edx
0x000ee45f:  b8 01 00 00 00           movl     $1, %eax
0x000ee464:  84 d2                    testb    %dl, %dl
0x000ee466:  74 21                    je       0xee489

----------------
IN: 
0x000ee489:  5b                       popl     %ebx
0x000ee48a:  5e                       popl     %esi
0x000ee48b:  c3                       retl     

----------------
IN: 
0x0eff54fa:  85 c0                    testl    %eax, %eax
0x0eff54fc:  0f 84 e7 00 00 00        je       0xeff55e9

----------------
IN: 
0x0eff5502:  0f b6 4f 02              movzbl   2(%edi), %ecx
0x0eff5506:  c1 e1 09                 shll     $9, %ecx
0x0eff5509:  89 c8                    movl     %ecx, %eax
0x0eff550b:  89 0c 24                 movl     %ecx, (%esp)
0x0eff550e:  e8 39 6f ff ff           calll    0xefec44c

----------------
IN: 
0x0eff5513:  89 c3                    movl     %eax, %ebx
0x0eff5515:  85 c0                    testl    %eax, %eax
0x0eff5517:  8b 0c 24                 movl     (%esp), %ecx
0x0eff551a:  75 0f                    jne      0xeff552b

----------------
IN: 
0x0eff552b:  39 c7                    cmpl     %eax, %edi
0x0eff552d:  74 07                    je       0xeff5536

----------------
IN: 
0x0eff5536:  80 3d 81 99 0e 00 00     cmpb     $0, 0xe9981
0x0eff553d:  74 4c                    je       0xeff558b

----------------
IN: 
0x0eff558b:  85 ed                    testl    %ebp, %ebp
0x0eff558d:  75 0d                    jne      0xeff559c

----------------
IN: 
0x0eff559c:  0f b7 ce                 movzwl   %si, %ecx
0x0eff559f:  ba 03 00 00 00           movl     $3, %edx
0x0eff55a4:  89 d8                    movl     %ebx, %eax
0x0eff55a6:  e8 be 99 0f f1           calll    0xeef69

----------------
IN: 
0x000eef69:  57                       pushl    %edi
0x000eef6a:  56                       pushl    %esi
0x000eef6b:  53                       pushl    %ebx
0x000eef6c:  83 ec 28                 subl     $0x28, %esp
0x000eef6f:  89 d6                    movl     %edx, %esi
0x000eef71:  89 cf                    movl     %ecx, %edi
0x000eef73:  c1 e8 04                 shrl     $4, %eax
0x000eef76:  89 c3                    movl     %eax, %ebx
0x000eef78:  0f b7 c2                 movzwl   %dx, %eax
0x000eef7b:  50                       pushl    %eax
0x000eef7c:  0f b7 c3                 movzwl   %bx, %eax
0x000eef7f:  50                       pushl    %eax
0x000eef80:  68 84 25 0f 00           pushl    $0xf2584
0x000eef85:  e8 98 df ff ff           calll    0xecf22

----------------
IN: 
0x000eef8a:  b9 26 00 00 00           movl     $0x26, %ecx
0x000eef8f:  31 d2                    xorl     %edx, %edx
0x000eef91:  8d 44 24 0e              leal     0xe(%esp), %eax
0x000eef95:  e8 8c c7 ff ff           calll    0xeb726

----------------
IN: 
0x000eef9a:  66 c7 44 24 32 00 02     movw     $0x200, 0x32(%esp)
0x000eefa1:  66 89 7c 24 2a           movw     %di, 0x2a(%esp)
0x000eefa6:  66 c7 44 24 1e ff ff     movw     $0xffff, 0x1e(%esp)
0x000eefad:  66 c7 44 24 22 ff ff     movw     $0xffff, 0x22(%esp)
0x000eefb4:  66 c7 44 24 10 00 f0     movw     $0xf000, 0x10(%esp)
0x000eefbb:  b8 00 61 0f 00           movl     $0xf6100, %eax
0x000eefc0:  66 89 44 24 12           movw     %ax, 0x12(%esp)
0x000eefc5:  66 89 74 24 2e           movw     %si, 0x2e(%esp)
0x000eefca:  66 89 5c 24 30           movw     %bx, 0x30(%esp)
0x000eefcf:  e8 c8 ce ff ff           calll    0xebe9c

----------------
IN: 
0x000ebe9c:  e8 c4 e3 ff ff           calll    0xea265

----------------
IN: 
0x000ebea1:  85 c0                    testl    %eax, %eax
0x000ebea3:  74 2e                    je       0xebed3

----------------
IN: 
0x000ebed3:  c3                       retl     

----------------
IN: 
0x000eefd4:  b8 01 00 00 00           movl     $1, %eax
0x000eefd9:  e8 73 d9 ff ff           calll    0xec951

----------------
IN: 
0x000eefde:  b9 42 81 0f 00           movl     $0xf8142, %ecx
0x000eefe3:  31 d2                    xorl     %edx, %edx
0x000eefe5:  8d 44 24 0e              leal     0xe(%esp), %eax
0x000eefe9:  e8 a4 da ff ff           calll    0xeca92

----------------
IN: 
0x000c0003:  e9 bd 55                 jmp      0xc55c3

----------------
IN: 
0x000c55c3:  fa                       cli      
0x000c55c4:  fc                       cld      
0x000c55c5:  66 50                    pushl    %eax
0x000c55c7:  66 51                    pushl    %ecx
0x000c55c9:  66 52                    pushl    %edx
0x000c55cb:  66 53                    pushl    %ebx
0x000c55cd:  66 55                    pushl    %ebp
0x000c55cf:  66 56                    pushl    %esi
0x000c55d1:  66 57                    pushl    %edi
0x000c55d3:  06                       pushw    %es
0x000c55d4:  1e                       pushw    %ds
0x000c55d5:  8c d0                    movw     %ss, %ax
0x000c55d7:  8e d8                    movw     %ax, %ds
0x000c55d9:  66 89 e3                 movl     %esp, %ebx
0x000c55dc:  66 0f b7 e4              movzwl   %sp, %esp
0x000c55e0:  66 89 e0                 movl     %esp, %eax
0x000c55e3:  50                       pushw    %ax
0x000c55e4:  e8 8f df                 callw    0xc3576

----------------
IN: 
0x000c3576:  66 55                    pushl    %ebp
0x000c3578:  66 89 e5                 movl     %esp, %ebp
0x000c357b:  66 57                    pushl    %edi
0x000c357d:  66 56                    pushl    %esi
0x000c357f:  66 53                    pushl    %ebx
0x000c3581:  66 83 ec 1c              subl     $0x1c, %esp
0x000c3585:  66 89 c3                 movl     %eax, %ebx
0x000c3588:  66 68 00 99 00 00        pushl    $0x9900
0x000c358e:  66 68 ac 57 00 00        pushl    $0x57ac
0x000c3594:  50                       pushw    %ax
0x000c3595:  e8 e7 ee                 callw    0xc247f

----------------
IN: 
0x000c247f:  66 55                    pushl    %ebp
0x000c2481:  66 89 e5                 movl     %esp, %ebp
0x000c2484:  66 57                    pushl    %edi
0x000c2486:  66 56                    pushl    %esi
0x000c2488:  66 53                    pushl    %ebx
0x000c248a:  66 83 ec 0c              subl     $0xc, %esp
0x000c248e:  67 66 8b 7d 08           movl     8(%ebp), %edi
0x000c2493:  66 89 eb                 movl     %ebp, %ebx
0x000c2496:  9c                       pushfw   
0x000c2497:  66 83 c3 0c              addl     $0xc, %ebx
0x000c249b:  9d                       popfw    

----------------
IN: 
0x000c249c:  2e 67 8a 07              movb     %cs:(%edi), %al
0x000c24a0:  84 c0                    testb    %al, %al
0x000c24a2:  0f 84 94 02              je       0xc273a

----------------
IN: 
0x000c24a6:  3c 25                    cmpb     $0x25, %al
0x000c24a8:  75 13                    jne      0xc24bd

----------------
IN: 
0x000c24bd:  66 0f be c0              movsbl   %al, %eax
0x000c24c1:  e9 5e 02                 jmp      0xc2722

----------------
IN: 
0x000c2722:  50                       pushw    %ax
0x000c2723:  e8 fc d8                 callw    0xc0022

----------------
IN: 
0x000c0022:  2e 8b 16 2e 99           movw     %cs:0x992e, %dx
0x000c0027:  85 d2                    testw    %dx, %dx
0x000c0029:  74 01                    je       0xc002c

----------------
IN: 
0x000c002b:  ee                       outb     %al, %dx

----------------
IN: 
0x000c002c:  c2 02 00                 retw     $2

----------------
IN: 
0x000c2726:  66 89 fe                 movl     %edi, %esi
0x000c2729:  eb 03                    jmp      0xc272e

----------------
IN: 
0x000c272e:  66 89 f7                 movl     %esi, %edi
0x000c2731:  9c                       pushfw   
0x000c2732:  66 83 c7 01              addl     $1, %edi
0x000c2736:  9d                       popfw    

----------------
IN: 
0x000c2737:  e9 62 fd                 jmp      0xc249c

----------------
IN: 
0x000c24aa:  66 89 fe                 movl     %edi, %esi
0x000c24ad:  9c                       pushfw   
0x000c24ae:  66 83 c6 01              addl     $1, %esi
0x000c24b2:  9d                       popfw    

----------------
IN: 
0x000c24b3:  67 c6 45 e8 20           movb     $0x20, -0x18(%ebp)
0x000c24b8:  66 31 c0                 xorl     %eax, %eax
0x000c24bb:  eb 21                    jmp      0xc24de

----------------
IN: 
0x000c24de:  2e 67 8a 0e              movb     %cs:(%esi), %cl
0x000c24e2:  67 88 4d f0              movb     %cl, -0x10(%ebp)
0x000c24e6:  88 ca                    movb     %cl, %dl
0x000c24e8:  66 83 e9 30              subl     $0x30, %ecx
0x000c24ec:  80 f9 09                 cmpb     $9, %cl
0x000c24ef:  76 d3                    jbe      0xc24c4

----------------
IN: 
0x000c24f1:  eb 0f                    jmp      0xc2502

----------------
IN: 
0x000c2502:  66 31 c9                 xorl     %ecx, %ecx
0x000c2505:  80 fa 6c                 cmpb     $0x6c, %dl
0x000c2508:  75 18                    jne      0xc2522

----------------
IN: 
0x000c2522:  80 fa 64                 cmpb     $0x64, %dl
0x000c2525:  0f 84 81 00              je       0xc25aa

----------------
IN: 
0x000c2529:  7f 37                    jg       0xc2562

----------------
IN: 
0x000c2562:  80 fa 73                 cmpb     $0x73, %dl
0x000c2565:  0f 84 92 01              je       0xc26fb

----------------
IN: 
0x000c26fb:  66 89 d9                 movl     %ebx, %ecx
0x000c26fe:  9c                       pushfw   
0x000c26ff:  66 83 c1 04              addl     $4, %ecx
0x000c2703:  9d                       popfw    

----------------
IN: 
0x000c2704:  67 66 8b 1b              movl     (%ebx), %ebx
0x000c2708:  2e 67 8a 03              movb     %cs:(%ebx), %al
0x000c270c:  84 c0                    testb    %al, %al
0x000c270e:  74 1b                    je       0xc272b

----------------
IN: 
0x000c2710:  66 0f be c0              movsbl   %al, %eax
0x000c2714:  50                       pushw    %ax
0x000c2715:  e8 0a d9                 callw    0xc0022

----------------
IN: 
0x000c2718:  66 43                    incl     %ebx
0x000c271a:  eb ec                    jmp      0xc2708

----------------
IN: 
0x000c2708:  2e 67 8a 03              movb     %cs:(%ebx), %al
0x000c270c:  84 c0                    testb    %al, %al
0x000c270e:  74 1b                    je       0xc272b

----------------
IN: 
0x000c272b:  66 89 cb                 movl     %ecx, %ebx
0x000c272e:  66 89 f7                 movl     %esi, %edi
0x000c2731:  9c                       pushfw   
0x000c2732:  66 83 c7 01              addl     $1, %edi
0x000c2736:  9d                       popfw    

----------------
IN: 
0x000c273a:  66 83 c4 0c              addl     $0xc, %esp
0x000c273e:  66 5b                    popl     %ebx
0x000c2740:  66 5e                    popl     %esi
0x000c2742:  66 5f                    popl     %edi
0x000c2744:  66 5d                    popl     %ebp
0x000c2746:  c2 02 00                 retw     $2

----------------
IN: 
0x000c3598:  66 58                    popl     %eax
0x000c359a:  66 5a                    popl     %edx
0x000c359c:  66 68 a0 98 00 00        pushl    $0x98a0
0x000c35a2:  66 68 cb 57 00 00        pushl    $0x57cb
0x000c35a8:  50                       pushw    %ax
0x000c35a9:  e8 d3 ee                 callw    0xc247f

----------------
IN: 
0x000c35ac:  66 59                    popl     %ecx
0x000c35ae:  66 5e                    popl     %esi
0x000c35b0:  66 68 c0 5a 00 00        pushl    $0x5ac0
0x000c35b6:  66 68 d9 57 00 00        pushl    $0x57d9
0x000c35bc:  50                       pushw    %ax
0x000c35bd:  e8 bf ee                 callw    0xc247f

----------------
IN: 
0x000c35c0:  66 5f                    popl     %edi
0x000c35c2:  66 58                    popl     %eax
0x000c35c4:  66 89 d8                 movl     %ebx, %eax
0x000c35c7:  50                       pushw    %ax
0x000c35c8:  e8 7e f1                 callw    0xc2749

----------------
IN: 
0x000c2749:  66 55                    pushl    %ebp
0x000c274b:  66 89 e5                 movl     %esp, %ebp
0x000c274e:  66 53                    pushl    %ebx
0x000c2750:  66 85 c0                 testl    %eax, %eax
0x000c2753:  75 0e                    jne      0xc2763

----------------
IN: 
0x000c2763:  66 89 c3                 movl     %eax, %ebx
0x000c2766:  8c d0                    movw     %ss, %ax
0x000c2768:  66 0f b7 c0              movzwl   %ax, %eax
0x000c276c:  66 50                    pushl    %eax
0x000c276e:  67 66 0f b7 43 02        movzwl   2(%ebx), %eax
0x000c2774:  66 50                    pushl    %eax
0x000c2776:  67 66 0f b7 03           movzwl   (%ebx), %eax
0x000c277b:  66 50                    pushl    %eax
0x000c277d:  67 66 ff 73 14           pushl    0x14(%ebx)
0x000c2782:  67 66 ff 73 18           pushl    0x18(%ebx)
0x000c2787:  67 66 ff 73 10           pushl    0x10(%ebx)
0x000c278c:  67 66 ff 73 1c           pushl    0x1c(%ebx)
0x000c2791:  66 68 eb 56 00 00        pushl    $0x56eb
0x000c2797:  50                       pushw    %ax
0x000c2798:  e8 e4 fc                 callw    0xc247f

----------------
IN: 
0x000c24c4:  66 85 c0                 testl    %eax, %eax
0x000c24c7:  74 2a                    je       0xc24f3

----------------
IN: 
0x000c24f3:  80 fa 30                 cmpb     $0x30, %dl
0x000c24f6:  75 d1                    jne      0xc24c9

----------------
IN: 
0x000c24f8:  67 c6 45 e8 30           movb     $0x30, -0x18(%ebp)
0x000c24fd:  66 31 c0                 xorl     %eax, %eax
0x000c2500:  eb da                    jmp      0xc24dc

----------------
IN: 
0x000c24dc:  66 46                    incl     %esi
0x000c24de:  2e 67 8a 0e              movb     %cs:(%esi), %cl
0x000c24e2:  67 88 4d f0              movb     %cl, -0x10(%ebp)
0x000c24e6:  88 ca                    movb     %cl, %dl
0x000c24e8:  66 83 e9 30              subl     $0x30, %ecx
0x000c24ec:  80 f9 09                 cmpb     $9, %cl
0x000c24ef:  76 d3                    jbe      0xc24c4

----------------
IN: 
0x000c24c9:  66 6b c0 0a              imull    $0xa, %eax, %eax
0x000c24cd:  67 66 0f b6 4d f0        movzbl   -0x10(%ebp), %ecx
0x000c24d3:  9c                       pushfw   
0x000c24d4:  66 01 c8                 addl     %ecx, %eax
0x000c24d7:  66 83 c0 d0              addl     $-0x30, %eax
0x000c24db:  9d                       popfw    

----------------
IN: 
0x000c2569:  7f 32                    jg       0xc259d

----------------
IN: 
0x000c259d:  80 fa 75                 cmpb     $0x75, %dl
0x000c25a0:  74 31                    je       0xc25d3

----------------
IN: 
0x000c25a2:  80 fa 78                 cmpb     $0x78, %dl
0x000c25a5:  74 45                    je       0xc25ec

----------------
IN: 
0x000c25ec:  80 fa 58                 cmpb     $0x58, %dl
0x000c25ef:  0f 94 c2                 sete     %dl
0x000c25f2:  66 0f b6 d2              movzbl   %dl, %edx
0x000c25f6:  67 66 89 55 f0           movl     %edx, -0x10(%ebp)
0x000c25fb:  67 66 8b 3b              movl     (%ebx), %edi
0x000c25ff:  67 66 89 7d ec           movl     %edi, -0x14(%ebp)
0x000c2604:  84 c9                    testb    %cl, %cl
0x000c2606:  74 68                    je       0xc2670

----------------
IN: 
0x000c2670:  66 89 df                 movl     %ebx, %edi
0x000c2673:  9c                       pushfw   
0x000c2674:  66 83 c7 04              addl     $4, %edi
0x000c2678:  9d                       popfw    

----------------
IN: 
0x000c2679:  67 66 8b 55 ec           movl     -0x14(%ebp), %edx
0x000c267e:  66 bb 01 00 00 00        movl     $1, %ebx
0x000c2684:  66 c1 ea 04              shrl     $4, %edx
0x000c2688:  74 04                    je       0xc268e

----------------
IN: 
0x000c268a:  66 43                    incl     %ebx
0x000c268c:  eb f6                    jmp      0xc2684

----------------
IN: 
0x000c2684:  66 c1 ea 04              shrl     $4, %edx
0x000c2688:  74 04                    je       0xc268e

----------------
IN: 
0x000c268e:  66 29 d8                 subl     %ebx, %eax
0x000c2691:  66 89 c1                 movl     %eax, %ecx
0x000c2694:  67 66 0f be 45 e8        movsbl   -0x18(%ebp), %eax
0x000c269a:  66 85 c9                 testl    %ecx, %ecx
0x000c269d:  7e 08                    jle      0xc26a7

----------------
IN: 
0x000c269f:  66 49                    decl     %ecx
0x000c26a1:  50                       pushw    %ax
0x000c26a2:  e8 7d d9                 callw    0xc0022

----------------
IN: 
0x000c26a5:  eb f3                    jmp      0xc269a

----------------
IN: 
0x000c269a:  66 85 c9                 testl    %ecx, %ecx
0x000c269d:  7e 08                    jle      0xc26a7

----------------
IN: 
0x000c26a7:  67 66 8b 4d f0           movl     -0x10(%ebp), %ecx
0x000c26ac:  66 89 da                 movl     %ebx, %edx
0x000c26af:  67 66 8b 45 ec           movl     -0x14(%ebp), %eax
0x000c26b4:  50                       pushw    %ax
0x000c26b5:  e8 91 e6                 callw    0xc0d49

----------------
IN: 
0x000c0d49:  66 55                    pushl    %ebp
0x000c0d4b:  66 89 e5                 movl     %esp, %ebp
0x000c0d4e:  66 56                    pushl    %esi
0x000c0d50:  66 53                    pushl    %ebx
0x000c0d52:  66 89 c3                 movl     %eax, %ebx
0x000c0d55:  66 89 ce                 movl     %ecx, %esi
0x000c0d58:  66 83 fa 04              cmpl     $4, %edx
0x000c0d5c:  74 67                    je       0xc0dc5

----------------
IN: 
0x000c0d5e:  7f 12                    jg       0xc0d72

----------------
IN: 
0x000c0d60:  66 83 fa 02              cmpl     $2, %edx
0x000c0d64:  0f 84 81 00              je       0xc0de9

----------------
IN: 
0x000c0de9:  66 89 d8                 movl     %ebx, %eax
0x000c0dec:  66 c1 e8 04              shrl     $4, %eax
0x000c0df0:  66 83 e0 0f              andl     $0xf, %eax
0x000c0df4:  66 89 f2                 movl     %esi, %edx
0x000c0df7:  50                       pushw    %ax
0x000c0df8:  e8 21 ff                 callw    0xc0d1c

----------------
IN: 
0x000c0d1c:  66 89 c1                 movl     %eax, %ecx
0x000c0d1f:  9c                       pushfw   
0x000c0d20:  66 83 c0 30              addl     $0x30, %eax
0x000c0d24:  9d                       popfw    

----------------
IN: 
0x000c0d25:  66 83 f9 09              cmpl     $9, %ecx
0x000c0d29:  76 17                    jbe      0xc0d42

----------------
IN: 
0x000c0d42:  66 0f be c0              movsbl   %al, %eax
0x000c0d46:  e9 d9 f2                 jmp      0xc0022

----------------
IN: 
0x000c0dfb:  66 89 d8                 movl     %ebx, %eax
0x000c0dfe:  66 83 e0 0f              andl     $0xf, %eax
0x000c0e02:  66 89 f2                 movl     %esi, %edx
0x000c0e05:  66 5b                    popl     %ebx
0x000c0e07:  66 5e                    popl     %esi
0x000c0e09:  66 5d                    popl     %ebp
0x000c0e0b:  e9 0e ff                 jmp      0xc0d1c

----------------
IN: 
0x000c26b8:  66 89 fb                 movl     %edi, %ebx
0x000c26bb:  eb 71                    jmp      0xc272e

----------------
IN: 
0x000c0dc5:  66 89 d8                 movl     %ebx, %eax
0x000c0dc8:  66 c1 e8 0c              shrl     $0xc, %eax
0x000c0dcc:  66 83 e0 0f              andl     $0xf, %eax
0x000c0dd0:  66 89 f2                 movl     %esi, %edx
0x000c0dd3:  50                       pushw    %ax
0x000c0dd4:  e8 45 ff                 callw    0xc0d1c

----------------
IN: 
0x000c0d2b:  66 89 c8                 movl     %ecx, %eax
0x000c0d2e:  9c                       pushfw   
0x000c0d2f:  66 83 c0 57              addl     $0x57, %eax
0x000c0d33:  9d                       popfw    

----------------
IN: 
0x000c0d34:  66 85 d2                 testl    %edx, %edx
0x000c0d37:  74 09                    je       0xc0d42

----------------
IN: 
0x000c0dd7:  66 89 d8                 movl     %ebx, %eax
0x000c0dda:  66 c1 e8 08              shrl     $8, %eax
0x000c0dde:  66 83 e0 0f              andl     $0xf, %eax
0x000c0de2:  66 89 f2                 movl     %esi, %edx
0x000c0de5:  50                       pushw    %ax
0x000c0de6:  e8 33 ff                 callw    0xc0d1c

----------------
IN: 
0x000c0d68:  66 83 fa 03              cmpl     $3, %edx
0x000c0d6c:  0f 85 8b 00              jne      0xc0dfb

----------------
IN: 
0x000c279b:  66 83 c4 20              addl     $0x20, %esp
0x000c279f:  67 66 0f b7 43 24        movzwl   0x24(%ebx), %eax
0x000c27a5:  66 50                    pushl    %eax
0x000c27a7:  67 66 0f b7 43 20        movzwl   0x20(%ebx), %eax
0x000c27ad:  66 50                    pushl    %eax
0x000c27af:  67 66 0f b7 43 22        movzwl   0x22(%ebx), %eax
0x000c27b5:  66 50                    pushl    %eax
0x000c27b7:  66 89 d8                 movl     %ebx, %eax
0x000c27ba:  9c                       pushfw   
0x000c27bb:  66 83 c0 26              addl     $0x26, %eax
0x000c27bf:  9d                       popfw    

----------------
IN: 
0x000c27c0:  66 50                    pushl    %eax
0x000c27c2:  67 66 ff 73 0c           pushl    0xc(%ebx)
0x000c27c7:  67 66 ff 73 04           pushl    4(%ebx)
0x000c27cc:  67 66 ff 73 08           pushl    8(%ebx)
0x000c27d1:  66 68 26 57 00 00        pushl    $0x5726
0x000c27d7:  50                       pushw    %ax
0x000c27d8:  e8 a4 fc                 callw    0xc247f

----------------
IN: 
0x000c27db:  66 83 c4 20              addl     $0x20, %esp
0x000c27df:  67 66 8b 5d fc           movl     -4(%ebp), %ebx
0x000c27e4:  66 89 ec                 movl     %ebp, %esp
0x000c27e7:  66 5d                    popl     %ebp
0x000c27e9:  c2 02 00                 retw     $2

----------------
IN: 
0x000c35cb:  2e 66 a1 70 98           movl     %cs:0x9870, %eax
0x000c35d0:  66 85 c0                 testl    %eax, %eax
0x000c35d3:  75 54                    jne      0xc3629

----------------
IN: 
0x000c35d5:  67 66 0f b7 5b 1c        movzwl   0x1c(%ebx), %ebx
0x000c35db:  66 89 d9                 movl     %ebx, %ecx
0x000c35de:  66 c1 e1 08              shll     $8, %ecx
0x000c35e2:  66 81 c9 00 00 00 80     orl      $0x80000000, %ecx
0x000c35e9:  66 89 c8                 movl     %ecx, %eax
0x000c35ec:  66 ba f8 0c 00 00        movl     $0xcf8, %edx
0x000c35f2:  66 ef                    outl     %eax, %dx

----------------
IN: 
0x000c35f4:  66 ba fc 0c 00 00        movl     $0xcfc, %edx
0x000c35fa:  ed                       inw      %dx, %ax

----------------
IN: 
0x000c35fb:  2e 8b 16 80 98           movw     %cs:0x9880, %dx
0x000c3600:  39 c2                    cmpw     %ax, %dx
0x000c3602:  75 25                    jne      0xc3629

----------------
IN: 
0x000c3604:  66 89 c8                 movl     %ecx, %eax
0x000c3607:  66 ba f8 0c 00 00        movl     $0xcf8, %edx
0x000c360d:  66 ef                    outl     %eax, %dx

----------------
IN: 
0x000c360f:  66 ba fe 0c 00 00        movl     $0xcfe, %edx
0x000c3615:  ed                       inw      %dx, %ax

----------------
IN: 
0x000c3616:  2e 8b 16 82 98           movw     %cs:0x9882, %dx
0x000c361b:  39 c2                    cmpw     %ax, %dx
0x000c361d:  75 0a                    jne      0xc3629

----------------
IN: 
0x000c361f:  8c c8                    movw     %cs, %ax
0x000c3621:  8e c0                    movw     %ax, %es
0x000c3623:  26 66 89 1e 74 98        movl     %ebx, %es:0x9874
0x000c3629:  b0 c3                    movb     $0xc3, %al
0x000c362b:  66 ba c2 03 00 00        movl     $0x3c2, %edx
0x000c3631:  ee                       outb     %al, %dx

----------------
IN: 
0x000c3632:  66 b8 04 02 00 00        movl     $0x204, %eax
0x000c3638:  66 ba c4 03 00 00        movl     $0x3c4, %edx
0x000c363e:  ef                       outw     %ax, %dx

----------------
IN: 
0x000c363f:  66 31 c0                 xorl     %eax, %eax
0x000c3642:  66 ba ce 01 00 00        movl     $0x1ce, %edx
0x000c3648:  ef                       outw     %ax, %dx

----------------
IN: 
0x000c3649:  66 b8 c0 b0 ff ff        movl     $0xffffb0c0, %eax
0x000c364f:  66 ba cf 01 00 00        movl     $0x1cf, %edx
0x000c3655:  ef                       outw     %ax, %dx

----------------
IN: 
0x000c3656:  66 31 c0                 xorl     %eax, %eax
0x000c3659:  66 ba ce 01 00 00        movl     $0x1ce, %edx
0x000c365f:  ef                       outw     %ax, %dx

----------------
IN: 
0x000c3660:  66 ba cf 01 00 00        movl     $0x1cf, %edx
0x000c3666:  ed                       inw      %dx, %ax

----------------
IN: 
0x000c3667:  3d c0 b0                 cmpw     $0xb0c0, %ax
0x000c366a:  74 0f                    je       0xc367b

----------------
IN: 
0x000c367b:  66 31 c0                 xorl     %eax, %eax
0x000c367e:  66 ba ce 01 00 00        movl     $0x1ce, %edx
0x000c3684:  ef                       outw     %ax, %dx

----------------
IN: 
0x000c3685:  66 b8 c5 b0 ff ff        movl     $0xffffb0c5, %eax
0x000c368b:  66 ba cf 01 00 00        movl     $0x1cf, %edx
0x000c3691:  ef                       outw     %ax, %dx

----------------
IN: 
0x000c3692:  8c c8                    movw     %cs, %ax
0x000c3694:  8e c0                    movw     %ax, %es
0x000c3696:  66 b8 01 00 00 00        movl     $1, %eax
0x000c369c:  26 66 a3 cc 5a           movl     %eax, %es:0x5acc
0x000c36a1:  2e 66 a1 70 98           movl     %cs:0x9870, %eax
0x000c36a6:  66 89 c7                 movl     %eax, %edi
0x000c36a9:  66 85 c0                 testl    %eax, %eax
0x000c36ac:  0f 85 a3 02              jne      0xc3953

----------------
IN: 
0x000c36b0:  2e 66 8b 0e 74 98        movl     %cs:0x9874, %ecx
0x000c36b6:  66 85 c9                 testl    %ecx, %ecx
0x000c36b9:  0f 88 c1 00              js       0xc377e

----------------
IN: 
0x000c36bd:  66 89 cb                 movl     %ecx, %ebx
0x000c36c0:  66 c1 e3 08              shll     $8, %ebx
0x000c36c4:  66 81 e3 00 ff ff 00     andl     $0xffff00, %ebx
0x000c36cb:  66 89 d8                 movl     %ebx, %eax
0x000c36ce:  66 0d 00 00 00 80        orl      $0x80000000, %eax
0x000c36d4:  66 ba f8 0c 00 00        movl     $0xcf8, %edx
0x000c36da:  66 ef                    outl     %eax, %dx

----------------
IN: 
0x000c36dc:  66 ba fc 0c 00 00        movl     $0xcfc, %edx
0x000c36e2:  ed                       inw      %dx, %ax

----------------
IN: 
0x000c36e3:  3d 34 12                 cmpw     $0x1234, %ax
0x000c36e6:  74 17                    je       0xc36ff

----------------
IN: 
0x000c36ff:  66 89 d8                 movl     %ebx, %eax
0x000c3702:  66 0d 18 00 00 80        orl      $0x80000018, %eax
0x000c3708:  66 ba f8 0c 00 00        movl     $0xcf8, %edx
0x000c370e:  66 ef                    outl     %eax, %dx

----------------
IN: 
0x000c3710:  66 ba fc 0c 00 00        movl     $0xcfc, %edx
0x000c3716:  66 ed                    inl      %dx, %eax

----------------
IN: 
0x000c3718:  66 83 e0 fc              andl     $0xfffffffc, %eax
0x000c371c:  67 66 89 45 f0           movl     %eax, -0x10(%ebp)
0x000c3721:  66 31 f6                 xorl     %esi, %esi
0x000c3724:  66 89 f0                 movl     %esi, %eax
0x000c3727:  9c                       pushfw   
0x000c3728:  66 c1 e0 02              shll     $2, %eax
0x000c372c:  66 83 c0 10              addl     $0x10, %eax
0x000c3730:  9d                       popfw    

----------------
IN: 
0x000c3731:  66 09 d8                 orl      %ebx, %eax
0x000c3734:  66 0d 00 00 00 80        orl      $0x80000000, %eax
0x000c373a:  66 ba f8 0c 00 00        movl     $0xcf8, %edx
0x000c3740:  66 ef                    outl     %eax, %dx

----------------
IN: 
0x000c3742:  66 ba fc 0c 00 00        movl     $0xcfc, %edx
0x000c3748:  66 ed                    inl      %dx, %eax

----------------
IN: 
0x000c374a:  66 83 e0 f0              andl     $0xfffffff0, %eax
0x000c374e:  66 89 c3                 movl     %eax, %ebx
0x000c3751:  66 56                    pushl    %esi
0x000c3753:  66 89 c8                 movl     %ecx, %eax
0x000c3756:  66 83 e0 07              andl     $7, %eax
0x000c375a:  66 50                    pushl    %eax
0x000c375c:  66 89 c8                 movl     %ecx, %eax
0x000c375f:  c1 e8 03                 shrw     $3, %ax
0x000c3762:  66 83 e0 1f              andl     $0x1f, %eax
0x000c3766:  66 50                    pushl    %eax
0x000c3768:  66 0f b6 cd              movzbl   %ch, %ecx
0x000c376c:  66 51                    pushl    %ecx
0x000c376e:  66 68 1d 58 00 00        pushl    $0x581d
0x000c3774:  50                       pushw    %ax
0x000c3775:  e8 07 ed                 callw    0xc247f

----------------
IN: 
0x000c25aa:  67 66 8b 3b              movl     (%ebx), %edi
0x000c25ae:  84 c9                    testb    %cl, %cl
0x000c25b0:  75 06                    jne      0xc25b8

----------------
IN: 
0x000c25b2:  66 83 c3 04              addl     $4, %ebx
0x000c25b6:  eb 04                    jmp      0xc25bc

----------------
IN: 
0x000c25bc:  66 85 ff                 testl    %edi, %edi
0x000c25bf:  79 0d                    jns      0xc25ce

----------------
IN: 
0x000c25ce:  66 89 f8                 movl     %edi, %eax
0x000c25d1:  eb 12                    jmp      0xc25e5

----------------
IN: 
0x000c25e5:  50                       pushw    %ax
0x000c25e6:  e8 0e fa                 callw    0xc1ff7

----------------
IN: 
0x000c1ff7:  66 55                    pushl    %ebp
0x000c1ff9:  66 89 e5                 movl     %esp, %ebp
0x000c1ffc:  66 56                    pushl    %esi
0x000c1ffe:  66 53                    pushl    %ebx

----------------
IN: 
0x000c2000:  66 83 ec 0c              subl     $0xc, %esp
0x000c2004:  66 89 c3                 movl     %eax, %ebx
0x000c2007:  67 c6 45 f7 00           movb     $0, -9(%ebp)
0x000c200c:  66 89 e9                 movl     %ebp, %ecx
0x000c200f:  9c                       pushfw   
0x000c2010:  66 83 c1 f6              addl     $-0xa, %ecx
0x000c2014:  9d                       popfw    

----------------
IN: 
0x000c2015:  66 be 0a 00 00 00        movl     $0xa, %esi
0x000c201b:  66 89 d8                 movl     %ebx, %eax
0x000c201e:  66 31 d2                 xorl     %edx, %edx
0x000c2021:  66 f7 f6                 divl     %esi
0x000c2024:  66 83 c2 30              addl     $0x30, %edx
0x000c2028:  67 88 11                 movb     %dl, (%ecx)
0x000c202b:  66 83 fb 09              cmpl     $9, %ebx
0x000c202f:  76 07                    jbe      0xc2038

----------------
IN: 
0x000c2038:  67 66 0f be 01           movsbl   (%ecx), %eax
0x000c203d:  84 c0                    testb    %al, %al
0x000c203f:  74 08                    je       0xc2049

----------------
IN: 
0x000c2041:  50                       pushw    %ax
0x000c2042:  e8 dd df                 callw    0xc0022

----------------
IN: 
0x000c2045:  66 41                    incl     %ecx
0x000c2047:  eb ef                    jmp      0xc2038

----------------
IN: 
0x000c2049:  66 83 c4 0c              addl     $0xc, %esp
0x000c204d:  66 5b                    popl     %ebx
0x000c204f:  66 5e                    popl     %esi
0x000c2051:  66 5d                    popl     %ebp
0x000c2053:  c2 02 00                 retw     $2

----------------
IN: 
0x000c25e9:  e9 42 01                 jmp      0xc272e

----------------
IN: 
0x000c3778:  66 83 c4 14              addl     $0x14, %esp
0x000c377c:  eb 0e                    jmp      0xc378c

----------------
IN: 
0x000c378c:  8c c8                    movw     %cs, %ax
0x000c378e:  8e c0                    movw     %ax, %es
0x000c3790:  26 66 89 1e 44 72        movl     %ebx, %es:0x7244
0x000c3796:  66 b8 0a 00 00 00        movl     $0xa, %eax
0x000c379c:  66 ba ce 01 00 00        movl     $0x1ce, %edx
0x000c37a2:  ef                       outw     %ax, %dx

----------------
IN: 
0x000c37a3:  66 ba cf 01 00 00        movl     $0x1cf, %edx
0x000c37a9:  ed                       inw      %dx, %ax

----------------
IN: 
0x000c37aa:  66 c1 e0 10              shll     $0x10, %eax
0x000c37ae:  67 66 89 45 ec           movl     %eax, -0x14(%ebp)
0x000c37b3:  26 66 a3 4c 72           movl     %eax, %es:0x724c
0x000c37b8:  66 b8 40 00 00 00        movl     $0x40, %eax
0x000c37be:  26 a3 40 72              movw     %ax, %es:0x7240
0x000c37c2:  66 b8 01 00 00 00        movl     $1, %eax
0x000c37c8:  26 66 a3 48 72           movl     %eax, %es:0x7248
0x000c37cd:  67 66 8b 45 ec           movl     -0x14(%ebp), %eax
0x000c37d2:  66 c1 e8 14              shrl     $0x14, %eax
0x000c37d6:  66 50                    pushl    %eax
0x000c37d8:  66 53                    pushl    %ebx
0x000c37da:  66 68 42 58 00 00        pushl    $0x5842
0x000c37e0:  50                       pushw    %ax
0x000c37e1:  e8 9b ec                 callw    0xc247f

----------------
IN: 
0x000c0d72:  66 83 fa 06              cmpl     $6, %edx
0x000c0d76:  74 29                    je       0xc0da1

----------------
IN: 
0x000c0d78:  66 83 fa 07              cmpl     $7, %edx
0x000c0d7c:  74 11                    je       0xc0d8f

----------------
IN: 
0x000c0d7e:  66 83 fa 05              cmpl     $5, %edx
0x000c0d82:  74 2f                    je       0xc0db3

----------------
IN: 
0x000c0d84:  66 c1 e8 1c              shrl     $0x1c, %eax
0x000c0d88:  66 89 ca                 movl     %ecx, %edx
0x000c0d8b:  50                       pushw    %ax
0x000c0d8c:  e8 8d ff                 callw    0xc0d1c

----------------
IN: 
0x000c0d8f:  66 89 d8                 movl     %ebx, %eax
0x000c0d92:  66 c1 e8 18              shrl     $0x18, %eax
0x000c0d96:  66 83 e0 0f              andl     $0xf, %eax
0x000c0d9a:  66 89 f2                 movl     %esi, %edx
0x000c0d9d:  50                       pushw    %ax
0x000c0d9e:  e8 7b ff                 callw    0xc0d1c

----------------
IN: 
0x000c0da1:  66 89 d8                 movl     %ebx, %eax
0x000c0da4:  66 c1 e8 14              shrl     $0x14, %eax
0x000c0da8:  66 83 e0 0f              andl     $0xf, %eax
0x000c0dac:  66 89 f2                 movl     %esi, %edx
0x000c0daf:  50                       pushw    %ax
0x000c0db0:  e8 69 ff                 callw    0xc0d1c

----------------
IN: 
0x000c0db3:  66 89 d8                 movl     %ebx, %eax
0x000c0db6:  66 c1 e8 10              shrl     $0x10, %eax
0x000c0dba:  66 83 e0 0f              andl     $0xf, %eax
0x000c0dbe:  66 89 f2                 movl     %esi, %edx
0x000c0dc1:  50                       pushw    %ax
0x000c0dc2:  e8 57 ff                 callw    0xc0d1c

----------------
IN: 
0x000c2031:  66 89 c3                 movl     %eax, %ebx
0x000c2034:  66 49                    decl     %ecx
0x000c2036:  eb e3                    jmp      0xc201b

----------------
IN: 
0x000c201b:  66 89 d8                 movl     %ebx, %eax
0x000c201e:  66 31 d2                 xorl     %edx, %edx
0x000c2021:  66 f7 f6                 divl     %esi
0x000c2024:  66 83 c2 30              addl     $0x30, %edx
0x000c2028:  67 88 11                 movb     %dl, (%ecx)
0x000c202b:  66 83 fb 09              cmpl     $9, %ebx
0x000c202f:  76 07                    jbe      0xc2038

----------------
IN: 
0x000c37e4:  66 83 c4 0c              addl     $0xc, %esp
0x000c37e8:  66 b8 04 00 00 00        movl     $4, %eax
0x000c37ee:  66 ba ce 01 00 00        movl     $0x1ce, %edx
0x000c37f4:  ef                       outw     %ax, %dx

----------------
IN: 
0x000c37f5:  66 ba cf 01 00 00        movl     $0x1cf, %edx
0x000c37fb:  ed                       inw      %dx, %ax

----------------
IN: 
0x000c37fc:  66 89 c3                 movl     %eax, %ebx
0x000c37ff:  66 b8 04 00 00 00        movl     $4, %eax
0x000c3805:  66 ba ce 01 00 00        movl     $0x1ce, %edx
0x000c380b:  ef                       outw     %ax, %dx

----------------
IN: 
0x000c380c:  66 89 d8                 movl     %ebx, %eax
0x000c380f:  66 83 c8 02              orl      $2, %eax
0x000c3813:  66 ba cf 01 00 00        movl     $0x1cf, %edx
0x000c3819:  ef                       outw     %ax, %dx

----------------
IN: 
0x000c381a:  66 b8 01 00 00 00        movl     $1, %eax
0x000c3820:  66 ba ce 01 00 00        movl     $0x1ce, %edx
0x000c3826:  ef                       outw     %ax, %dx

----------------
IN: 
0x000c3827:  66 ba cf 01 00 00        movl     $0x1cf, %edx
0x000c382d:  ed                       inw      %dx, %ax

----------------
IN: 
0x000c382e:  67 89 45 e2              movw     %ax, -0x1e(%ebp)
0x000c3832:  66 b8 03 00 00 00        movl     $3, %eax
0x000c3838:  66 ba ce 01 00 00        movl     $0x1ce, %edx
0x000c383e:  ef                       outw     %ax, %dx

----------------
IN: 
0x000c383f:  66 ba cf 01 00 00        movl     $0x1cf, %edx
0x000c3845:  ed                       inw      %dx, %ax

----------------
IN: 
0x000c3846:  67 89 45 e0              movw     %ax, -0x20(%ebp)
0x000c384a:  66 b8 04 00 00 00        movl     $4, %eax
0x000c3850:  66 ba ce 01 00 00        movl     $0x1ce, %edx
0x000c3856:  ef                       outw     %ax, %dx

----------------
IN: 
0x000c3857:  66 89 d8                 movl     %ebx, %eax
0x000c385a:  66 ba cf 01 00 00        movl     $0x1cf, %edx
0x000c3860:  ef                       outw     %ax, %dx

----------------
IN: 
0x000c3861:  2e 66 a1 d0 5a           movl     %cs:0x5ad0, %eax
0x000c3866:  66 6b c0 0e              imull    $0xe, %eax, %eax
0x000c386a:  66 05 e0 5a 00 00        addl     $0x5ae0, %eax
0x000c3870:  67 66 89 45 e4           movl     %eax, -0x1c(%ebp)
0x000c3875:  66 bb e0 5a 00 00        movl     $0x5ae0, %ebx
0x000c387b:  67 66 3b 5d e4           cmpl     -0x1c(%ebp), %ebx
0x000c3880:  0f 83 a5 00              jae      0xc3929

----------------
IN: 
0x000c3884:  2e 67 8b 43 04           movw     %cs:4(%ebx), %ax
0x000c3889:  67 89 45 e8              movw     %ax, -0x18(%ebp)
0x000c388d:  2e 67 8b 73 06           movw     %cs:6(%ebx), %si
0x000c3892:  2e 67 8a 43 08           movb     %cs:8(%ebx), %al
0x000c3897:  67 88 45 df              movb     %al, -0x21(%ebp)
0x000c389b:  66 89 da                 movl     %ebx, %edx
0x000c389e:  9c                       pushfw   
0x000c389f:  66 83 c2 02              addl     $2, %edx
0x000c38a3:  9d                       popfw    

----------------
IN: 
0x000c38a4:  66 89 d0                 movl     %edx, %eax
0x000c38a7:  67 66 89 55 d8           movl     %edx, -0x28(%ebp)
0x000c38ac:  50                       pushw    %ax
0x000c38ad:  e8 91 d2                 callw    0xc0b41

----------------
IN: 
0x000c0b41:  66 89 c2                 movl     %eax, %edx
0x000c0b44:  2e 67 8a 08              movb     %cs:(%eax), %cl
0x000c0b48:  84 c9                    testb    %cl, %cl
0x000c0b4a:  74 24                    je       0xc0b70

----------------
IN: 
0x000c0b4c:  66 b8 01 00 00 00        movl     $1, %eax
0x000c0b52:  80 f9 03                 cmpb     $3, %cl
0x000c0b55:  74 1f                    je       0xc0b76

----------------
IN: 
0x000c0b57:  2e 67 8a 52 06           movb     %cs:6(%edx), %dl
0x000c0b5c:  66 0f b6 c2              movzbl   %dl, %eax
0x000c0b60:  80 fa 08                 cmpb     $8, %dl
0x000c0b63:  76 11                    jbe      0xc0b76

----------------
IN: 
0x000c0b76:  c2 02 00                 retw     $2

----------------
IN: 
0x000c38b0:  66 89 c1                 movl     %eax, %ecx
0x000c38b3:  67 66 0f b7 45 e8        movzwl   -0x18(%ebp), %eax
0x000c38b9:  66 0f af c1              imull    %ecx, %eax
0x000c38bd:  66 83 c0 07              addl     $7, %eax
0x000c38c1:  66 c1 f8 03              sarl     $3, %eax
0x000c38c5:  66 0f b7 f6              movzwl   %si, %esi
0x000c38c9:  66 0f af f0              imull    %eax, %esi
0x000c38cd:  67 66 8b 45 d8           movl     -0x28(%ebp), %eax
0x000c38d2:  50                       pushw    %ax
0x000c38d3:  e8 f7 cf                 callw    0xc08cd

----------------
IN: 
0x000c08cd:  2e 67 8a 10              movb     %cs:(%eax), %dl
0x000c08d1:  80 fa 01                 cmpb     $1, %dl
0x000c08d4:  74 1e                    je       0xc08f4

----------------
IN: 
0x000c08d6:  66 b8 04 00 00 00        movl     $4, %eax
0x000c08dc:  80 fa 03                 cmpb     $3, %dl
0x000c08df:  74 27                    je       0xc0908

----------------
IN: 
0x000c08e1:  66 b8 02 00 00 00        movl     $2, %eax
0x000c08e7:  84 d2                    testb    %dl, %dl
0x000c08e9:  74 1d                    je       0xc0908

----------------
IN: 
0x000c08eb:  66 b8 01 00 00 00        movl     $1, %eax
0x000c08f1:  c2 02 00                 retw     $2

----------------
IN: 
0x000c38d6:  67 66 8b 55 e8           movl     -0x18(%ebp), %edx
0x000c38db:  67 39 55 e2              cmpw     %dx, -0x1e(%ebp)
0x000c38df:  0f 92 c2                 setb     %dl
0x000c38e2:  67 66 0f b6 4d df        movzbl   -0x21(%ebp), %ecx
0x000c38e8:  67 39 4d e0              cmpw     %cx, -0x20(%ebp)
0x000c38ec:  0f 92 c1                 setb     %cl
0x000c38ef:  08 d1                    orb      %dl, %cl
0x000c38f1:  75 0b                    jne      0xc38fe

----------------
IN: 
0x000c38f3:  66 0f af f0              imull    %eax, %esi
0x000c38f7:  67 66 39 75 ec           cmpl     %esi, -0x14(%ebp)
0x000c38fc:  73 24                    jae      0xc3922

----------------
IN: 
0x000c3922:  66 83 c3 0e              addl     $0xe, %ebx
0x000c3926:  e9 52 ff                 jmp      0xc387b

----------------
IN: 
0x000c387b:  67 66 3b 5d e4           cmpl     -0x1c(%ebp), %ebx
0x000c3880:  0f 83 a5 00              jae      0xc3929

----------------
IN: 
0x000c0908:  c2 02 00                 retw     $2

----------------
IN: 
0x000c0b65:  66 83 c0 07              addl     $7, %eax
0x000c0b69:  66 83 e0 f8              andl     $0xfffffff8, %eax
0x000c0b6d:  c2 02 00                 retw     $2

----------------
IN: 
0x000c38fe:  2e 67 8b 03              movw     %cs:(%ebx), %ax
0x000c3902:  66 0f b7 c0              movzwl   %ax, %eax
0x000c3906:  66 50                    pushl    %eax
0x000c3908:  66 68 66 58 00 00        pushl    $0x5866
0x000c390e:  50                       pushw    %ax
0x000c390f:  e8 6d eb                 callw    0xc247f

----------------
IN: 
0x000c0d70:  eb 65                    jmp      0xc0dd7

----------------
IN: 
0x000c3912:  66 59                    popl     %ecx
0x000c3914:  66 5e                    popl     %esi
0x000c3916:  8c c8                    movw     %cs, %ax
0x000c3918:  8e c0                    movw     %ax, %es
0x000c391a:  66 83 c8 ff              orl      $0xffffffff, %eax
0x000c391e:  26 67 89 03              movw     %ax, %es:(%ebx)
0x000c3922:  66 83 c3 0e              addl     $0xe, %ebx
0x000c3926:  e9 52 ff                 jmp      0xc387b

----------------
IN: 
0x000c3929:  67 66 83 7d f0 00        cmpl     $0, -0x10(%ebp)
0x000c392f:  74 22                    je       0xc3953

----------------
IN: 
0x000c3931:  67 66 8b 45 f0           movl     -0x10(%ebp), %eax
0x000c3936:  66 01 f8                 addl     %edi, %eax
0x000c3939:  67 8a 00                 movb     (%eax), %al
0x000c393c:  8c ca                    movw     %cs, %dx
0x000c393e:  8e c2                    movw     %dx, %es
0x000c3940:  26 67 88 87 40 71 00 00  movb     %al, %es:0x7140(%edi)
0x000c3948:  66 47                    incl     %edi
0x000c394a:  66 81 ff 00 01 00 00     cmpl     $0x100, %edi
0x000c3951:  eb dc                    jmp      0xc392f

----------------
IN: 
0x000c3939:  67 8a 00                 movb     (%eax), %al

----------------
IN: 
0x000c393c:  8c ca                    movw     %cs, %dx
0x000c393e:  8e c2                    movw     %dx, %es
0x000c3940:  26 67 88 87 40 71 00 00  movb     %al, %es:0x7140(%edi)
0x000c3948:  66 47                    incl     %edi
0x000c394a:  66 81 ff 00 01 00 00     cmpl     $0x100, %edi
0x000c3951:  eb dc                    jmp      0xc392f

----------------
IN: 
0x000c392f:  74 22                    je       0xc3953

----------------
IN: 
0x000c3953:  2e 66 a1 70 98           movl     %cs:0x9870, %eax
0x000c3958:  66 85 c0                 testl    %eax, %eax
0x000c395b:  0f 85 d2 03              jne      0xc3d31

----------------
IN: 
0x000c395f:  66 b8 40 00 00 00        movl     $0x40, %eax
0x000c3965:  8e c0                    movw     %ax, %es
0x000c3967:  26 8b 16 10 00           movw     %es:0x10, %dx
0x000c396c:  66 83 e2 cf              andl     $0xffffffcf, %edx
0x000c3970:  66 83 ca 20              orl      $0x20, %edx
0x000c3974:  26 89 16 10 00           movw     %dx, %es:0x10
0x000c3979:  8e c0                    movw     %ax, %es
0x000c397b:  b2 51                    movb     $0x51, %dl
0x000c397d:  26 88 16 89 00           movb     %dl, %es:0x89
0x000c3982:  8e c0                    movw     %ax, %es
0x000c3984:  b2 08                    movb     $8, %dl
0x000c3986:  26 88 16 8a 00           movb     %dl, %es:0x8a
0x000c398b:  8e c0                    movw     %ax, %es
0x000c398d:  66 31 d2                 xorl     %edx, %edx
0x000c3990:  26 88 16 65 00           movb     %dl, %es:0x65
0x000c3995:  8e c0                    movw     %ax, %es
0x000c3997:  26 88 16 66 00           movb     %dl, %es:0x66
0x000c399c:  8c c9                    movw     %cs, %cx
0x000c399e:  66 c1 e1 10              shll     $0x10, %ecx
0x000c39a2:  66 ba c0 66 00 00        movl     $0x66c0, %edx
0x000c39a8:  66 0f b7 d2              movzwl   %dx, %edx
0x000c39ac:  66 09 ca                 orl      %ecx, %edx
0x000c39af:  8e c0                    movw     %ax, %es
0x000c39b1:  26 66 89 16 a8 00        movl     %edx, %es:0xa8
0x000c39b7:  8c ca                    movw     %cs, %dx
0x000c39b9:  66 89 d1                 movl     %edx, %ecx
0x000c39bc:  66 c1 e1 10              shll     $0x10, %ecx
0x000c39c0:  66 b8 80 5f 00 00        movl     $0x5f80, %eax
0x000c39c6:  66 0f b7 c0              movzwl   %ax, %eax
0x000c39ca:  66 09 c8                 orl      %ecx, %eax
0x000c39cd:  8e c2                    movw     %dx, %es
0x000c39cf:  26 66 a3 c0 66           movl     %eax, %es:0x66c0
0x000c39d4:  67 66 c7 45 ec 5c 5f 00  movl     $0x5f5c, -0x14(%ebp)
0x000c39dc:  00
0x000c39dd:  66 bb 80 5f 00 00        movl     $0x5f80, %ebx
0x000c39e3:  67 66 8b 45 ec           movl     -0x14(%ebp), %eax
0x000c39e8:  2e 67 8a 10              movb     %cs:(%eax), %dl
0x000c39ec:  66 0f b6 d2              movzbl   %dl, %edx
0x000c39f0:  66 85 d2                 testl    %edx, %edx
0x000c39f3:  0f 84 86 01              je       0xc3b7d

----------------
IN: 
0x000c3b7d:  67 66 ff 45 ec           incl     -0x14(%ebp)
0x000c3b82:  66 83 c3 40              addl     $0x40, %ebx
0x000c3b86:  66 b8 c0 66 00 00        movl     $0x66c0, %eax
0x000c3b8c:  66 39 d8                 cmpl     %ebx, %eax
0x000c3b8f:  0f 85 50 fe              jne      0xc39e3

----------------
IN: 
0x000c39e3:  67 66 8b 45 ec           movl     -0x14(%ebp), %eax
0x000c39e8:  2e 67 8a 10              movb     %cs:(%eax), %dl
0x000c39ec:  66 0f b6 d2              movzbl   %dl, %edx
0x000c39f0:  66 85 d2                 testl    %edx, %edx
0x000c39f3:  0f 84 86 01              je       0xc3b7d

----------------
IN: 
0x000c39f7:  66 31 c0                 xorl     %eax, %eax
0x000c39fa:  2e 67 8b 88 e0 66 00 00  movw     %cs:0x66e0(%eax), %cx
0x000c3a02:  66 0f b7 c9              movzwl   %cx, %ecx
0x000c3a06:  66 39 ca                 cmpl     %ecx, %edx
0x000c3a09:  75 62                    jne      0xc3a6d

----------------
IN: 
0x000c3a6d:  66 83 c0 2c              addl     $0x2c, %eax
0x000c3a71:  66 3d c0 02 00 00        cmpl     $0x2c0, %eax
0x000c3a77:  75 81                    jne      0xc39fa

----------------
IN: 
0x000c39fa:  2e 67 8b 88 e0 66 00 00  movw     %cs:0x66e0(%eax), %cx
0x000c3a02:  66 0f b7 c9              movzwl   %cx, %ecx
0x000c3a06:  66 39 ca                 cmpl     %ecx, %edx
0x000c3a09:  75 62                    jne      0xc3a6d

----------------
IN: 
0x000c3a0b:  66 89 c7                 movl     %eax, %edi
0x000c3a0e:  9c                       pushfw   
0x000c3a0f:  66 81 c7 e2 66 00 00     addl     $0x66e2, %edi
0x000c3a16:  9d                       popfw    

----------------
IN: 
0x000c3a17:  67 66 89 7d f0           movl     %edi, -0x10(%ebp)
0x000c3a1c:  2e 67 8b b0 e4 66 00 00  movw     %cs:0x66e4(%eax), %si
0x000c3a24:  66 0f b7 fe              movzwl   %si, %edi
0x000c3a28:  67 66 89 7d e8           movl     %edi, -0x18(%ebp)
0x000c3a2d:  2e 67 8b b8 e6 66 00 00  movw     %cs:0x66e6(%eax), %di
0x000c3a35:  67 89 7d e4              movw     %di, -0x1c(%ebp)
0x000c3a39:  66 0f b7 ff              movzwl   %di, %edi
0x000c3a3d:  2e 67 8a 88 e2 66 00 00  movb     %cs:0x66e2(%eax), %cl
0x000c3a45:  2e 67 8a 90 ea 66 00 00  movb     %cs:0x66ea(%eax), %dl
0x000c3a4d:  67 88 55 e2              movb     %dl, -0x1e(%ebp)
0x000c3a51:  84 c9                    testb    %cl, %cl
0x000c3a53:  75 27                    jne      0xc3a7c

----------------
IN: 
0x000c3a7c:  2e 67 8a 90 e9 66 00 00  movb     %cs:0x66e9(%eax), %dl
0x000c3a84:  8c c8                    movw     %cs, %ax
0x000c3a86:  8e c0                    movw     %ax, %es
0x000c3a88:  66 0f b6 f2              movzbl   %dl, %esi
0x000c3a8c:  67 66 8b 45 e8           movl     -0x18(%ebp), %eax
0x000c3a91:  66 99                    cltd     
0x000c3a93:  66 f7 fe                 idivl    %esi
0x000c3a96:  26 67 88 03              movb     %al, %es:(%ebx)
0x000c3a9a:  67 66 0f b6 75 e2        movzbl   -0x1e(%ebp), %esi
0x000c3aa0:  66 89 f8                 movl     %edi, %eax
0x000c3aa3:  66 99                    cltd     
0x000c3aa5:  66 f7 fe                 idivl    %esi
0x000c3aa8:  66 48                    decl     %eax
0x000c3aaa:  26 67 88 43 01           movb     %al, %es:1(%ebx)
0x000c3aaf:  67 8c 4d e4              movw     %cs, -0x1c(%ebp)
0x000c3ab3:  67 8e 45 e4              movw     -0x1c(%ebp), %es
0x000c3ab7:  67 8a 45 e2              movb     -0x1e(%ebp), %al
0x000c3abb:  26 67 88 43 02           movb     %al, %es:2(%ebx)
0x000c3ac0:  66 0f b6 c1              movzbl   %cl, %eax
0x000c3ac4:  66 89 f9                 movl     %edi, %ecx
0x000c3ac7:  67 66 8b 55 e8           movl     -0x18(%ebp), %edx
0x000c3acc:  50                       pushw    %ax
0x000c3acd:  e8 5f c5                 callw    0xc002f

----------------
IN: 
0x000c002f:  84 c0                    testb    %al, %al
0x000c0031:  74 2b                    je       0xc005e

----------------
IN: 
0x000c0033:  fe c8                    decb     %al
0x000c0035:  66 b8 00 40 00 00        movl     $0x4000, %eax
0x000c003b:  74 38                    je       0xc0075

----------------
IN: 
0x000c0075:  c2 02 00                 retw     $2

----------------
IN: 
0x000c3ad0:  26 67 89 43 03           movw     %ax, %es:3(%ebx)
0x000c3ad5:  67 66 8b 45 f0           movl     -0x10(%ebp), %eax
0x000c3ada:  2e 67 66 8b 70 16        movl     %cs:0x16(%eax), %esi
0x000c3ae0:  66 89 df                 movl     %ebx, %edi
0x000c3ae3:  9c                       pushfw   
0x000c3ae4:  66 83 c7 05              addl     $5, %edi
0x000c3ae8:  9d                       popfw    

----------------
IN: 
0x000c3ae9:  66 b9 04 00 00 00        movl     $4, %ecx
0x000c3aef:  67 66 8b 55 e4           movl     -0x1c(%ebp), %edx
0x000c3af4:  8c d8                    movw     %ds, %ax
0x000c3af6:  8e da                    movw     %dx, %ds
0x000c3af8:  f3 a4                    rep movsb (%si), %es:(%di)

----------------
IN: 
0x000c3afa:  8e d8                    movw     %ax, %ds
0x000c3afc:  67 66 8b 45 f0           movl     -0x10(%ebp), %eax
0x000c3b01:  2e 67 8a 40 1a           movb     %cs:0x1a(%eax), %al
0x000c3b06:  8c ca                    movw     %cs, %dx
0x000c3b08:  8e c2                    movw     %dx, %es
0x000c3b0a:  26 67 88 43 09           movb     %al, %es:9(%ebx)
0x000c3b0f:  67 66 8b 45 f0           movl     -0x10(%ebp), %eax
0x000c3b14:  2e 67 66 8b 70 1e        movl     %cs:0x1e(%eax), %esi
0x000c3b1a:  66 89 df                 movl     %ebx, %edi
0x000c3b1d:  9c                       pushfw   
0x000c3b1e:  66 83 c7 0a              addl     $0xa, %edi
0x000c3b22:  9d                       popfw    

----------------
IN: 
0x000c3b23:  66 b9 19 00 00 00        movl     $0x19, %ecx
0x000c3b29:  8c d8                    movw     %ds, %ax
0x000c3b2b:  8e da                    movw     %dx, %ds
0x000c3b2d:  f3 a4                    rep movsb (%si), %es:(%di)

----------------
IN: 
0x000c3b2f:  8e d8                    movw     %ax, %ds
0x000c3b31:  67 66 8b 45 f0           movl     -0x10(%ebp), %eax
0x000c3b36:  2e 67 66 8b 70 22        movl     %cs:0x22(%eax), %esi
0x000c3b3c:  8c ca                    movw     %cs, %dx
0x000c3b3e:  8e c2                    movw     %dx, %es
0x000c3b40:  66 89 df                 movl     %ebx, %edi
0x000c3b43:  9c                       pushfw   
0x000c3b44:  66 83 c7 23              addl     $0x23, %edi
0x000c3b48:  9d                       popfw    

----------------
IN: 
0x000c3b49:  66 b9 14 00 00 00        movl     $0x14, %ecx
0x000c3b4f:  8c d8                    movw     %ds, %ax
0x000c3b51:  8e da                    movw     %dx, %ds
0x000c3b53:  f3 a4                    rep movsb (%si), %es:(%di)

----------------
IN: 
0x000c3b55:  8e d8                    movw     %ax, %ds
0x000c3b57:  67 66 8b 45 f0           movl     -0x10(%ebp), %eax
0x000c3b5c:  2e 67 66 8b 70 26        movl     %cs:0x26(%eax), %esi
0x000c3b62:  8c ca                    movw     %cs, %dx
0x000c3b64:  8e c2                    movw     %dx, %es
0x000c3b66:  66 89 df                 movl     %ebx, %edi
0x000c3b69:  9c                       pushfw   
0x000c3b6a:  66 83 c7 37              addl     $0x37, %edi
0x000c3b6e:  9d                       popfw    

----------------
IN: 
0x000c3b6f:  66 b9 09 00 00 00        movl     $9, %ecx
0x000c3b75:  8c d8                    movw     %ds, %ax
0x000c3b77:  8e da                    movw     %dx, %ds
0x000c3b79:  f3 a4                    rep movsb (%si), %es:(%di)

----------------
IN: 
0x000c3b7b:  8e d8                    movw     %ax, %ds
0x000c3b7d:  67 66 ff 45 ec           incl     -0x14(%ebp)
0x000c3b82:  66 83 c3 40              addl     $0x40, %ebx
0x000c3b86:  66 b8 c0 66 00 00        movl     $0x66c0, %eax
0x000c3b8c:  66 39 d8                 cmpl     %ebx, %eax
0x000c3b8f:  0f 85 50 fe              jne      0xc39e3

----------------
IN: 
0x000c3a55:  8c c8                    movw     %cs, %ax
0x000c3a57:  8e c0                    movw     %ax, %es
0x000c3a59:  66 89 f0                 movl     %esi, %eax
0x000c3a5c:  26 67 88 03              movb     %al, %es:(%ebx)
0x000c3a60:  67 8a 55 e4              movb     -0x1c(%ebp), %dl
0x000c3a64:  66 4a                    decl     %edx
0x000c3a66:  26 67 88 53 01           movb     %dl, %es:1(%ebx)
0x000c3a6b:  eb 42                    jmp      0xc3aaf

----------------
IN: 
0x000c3aaf:  67 8c 4d e4              movw     %cs, -0x1c(%ebp)
0x000c3ab3:  67 8e 45 e4              movw     -0x1c(%ebp), %es
0x000c3ab7:  67 8a 45 e2              movb     -0x1e(%ebp), %al
0x000c3abb:  26 67 88 43 02           movb     %al, %es:2(%ebx)
0x000c3ac0:  66 0f b6 c1              movzbl   %cl, %eax
0x000c3ac4:  66 89 f9                 movl     %edi, %ecx
0x000c3ac7:  67 66 8b 55 e8           movl     -0x18(%ebp), %edx
0x000c3acc:  50                       pushw    %ax
0x000c3acd:  e8 5f c5                 callw    0xc002f

----------------
IN: 
0x000c005e:  0f af ca                 imulw    %dx, %cx
0x000c0061:  66 89 c8                 movl     %ecx, %eax
0x000c0064:  9c                       pushfw   
0x000c0065:  66 d1 e0                 shll     $1, %eax
0x000c0068:  66 05 ff 07 00 00        addl     $0x7ff, %eax
0x000c006e:  9d                       popfw    

----------------
IN: 
0x000c006f:  25 00 f8                 andw     $0xf800, %ax
0x000c0072:  c2 02 00                 retw     $2

----------------
IN: 
0x000c003d:  66 0f b7 d2              movzwl   %dx, %edx
0x000c0041:  66 0f b7 c9              movzwl   %cx, %ecx
0x000c0045:  66 0f af d1              imull    %ecx, %edx
0x000c0049:  66 c1 fa 03              sarl     $3, %edx
0x000c004d:  66 89 d0                 movl     %edx, %eax
0x000c0050:  9c                       pushfw   
0x000c0051:  66 05 ff 1f 00 00        addl     $0x1fff, %eax
0x000c0057:  9d                       popfw    

----------------
IN: 
0x000c0058:  25 00 e0                 andw     $0xe000, %ax
0x000c005b:  c2 02 00                 retw     $2

----------------
IN: 
0x000c3b93:  66 b8 e0 66 00 00        movl     $0x66e0, %eax
0x000c3b99:  66 31 d2                 xorl     %edx, %edx
0x000c3b9c:  2e 67 8b 08              movw     %cs:(%eax), %cx
0x000c3ba0:  83 f9 13                 cmpw     $0x13, %cx
0x000c3ba3:  77 0c                    ja       0xc3bb1

----------------
IN: 
0x000c3ba5:  66 bf 01 00 00 00        movl     $1, %edi
0x000c3bab:  66 d3 e7                 shll     %cl, %edi
0x000c3bae:  66 09 fa                 orl      %edi, %edx
0x000c3bb1:  66 83 c0 2c              addl     $0x2c, %eax
0x000c3bb5:  66 3d a0 69 00 00        cmpl     $0x69a0, %eax
0x000c3bbb:  75 df                    jne      0xc3b9c

----------------
IN: 
0x000c3b9c:  2e 67 8b 08              movw     %cs:(%eax), %cx
0x000c3ba0:  83 f9 13                 cmpw     $0x13, %cx
0x000c3ba3:  77 0c                    ja       0xc3bb1

----------------
IN: 
0x000c3bb1:  66 83 c0 2c              addl     $0x2c, %eax
0x000c3bb5:  66 3d a0 69 00 00        cmpl     $0x69a0, %eax
0x000c3bbb:  75 df                    jne      0xc3b9c

----------------
IN: 
0x000c3bbd:  8c c8                    movw     %cs, %ax
0x000c3bbf:  8e c0                    movw     %ax, %es
0x000c3bc1:  26 66 89 16 60 98        movl     %edx, %es:0x9860
0x000c3bc7:  66 89 c2                 movl     %eax, %edx
0x000c3bca:  66 c1 e2 10              shll     $0x10, %edx
0x000c3bce:  66 b8 fb 55 00 00        movl     $0x55fb, %eax
0x000c3bd4:  66 0f b7 c0              movzwl   %ax, %eax
0x000c3bd8:  66 09 d0                 orl      %edx, %eax
0x000c3bdb:  66 31 d2                 xorl     %edx, %edx
0x000c3bde:  8e c2                    movw     %dx, %es
0x000c3be0:  26 66 a3 40 00           movl     %eax, %es:0x40
0x000c3be5:  66 31 c0                 xorl     %eax, %eax
0x000c3be8:  66 be 00 f0 ff ff        movl     $0xfffff000, %esi
0x000c3bee:  8e c6                    movw     %si, %es
0x000c3bf0:  26 67 66 8b 10           movl     %es:(%eax), %edx
0x000c3bf5:  66 81 fa 24 50 4d 4d     cmpl     $0x4d4d5024, %edx
0x000c3bfc:  0f 85 e2 00              jne      0xc3ce2

----------------
IN: 
0x000c3ce2:  66 83 c0 10              addl     $0x10, %eax
0x000c3ce6:  66 3d 00 00 01 00        cmpl     $0x10000, %eax
0x000c3cec:  0f 85 fe fe              jne      0xc3bee

----------------
IN: 
0x000c3bee:  8e c6                    movw     %si, %es
0x000c3bf0:  26 67 66 8b 10           movl     %es:(%eax), %edx
0x000c3bf5:  66 81 fa 24 50 4d 4d     cmpl     $0x4d4d5024, %edx
0x000c3bfc:  0f 85 e2 00              jne      0xc3ce2

----------------
IN: 
0x000c3c00:  26 67 8a 58 05           movb     %es:5(%eax), %bl
0x000c3c05:  66 0f b6 fb              movzbl   %bl, %edi
0x000c3c09:  67 66 89 7d f0           movl     %edi, -0x10(%ebp)
0x000c3c0e:  66 31 c9                 xorl     %ecx, %ecx
0x000c3c11:  66 31 d2                 xorl     %edx, %edx
0x000c3c14:  67 66 3b 55 f0           cmpl     -0x10(%ebp), %edx
0x000c3c19:  73 0c                    jae      0xc3c27

----------------
IN: 
0x000c3c1b:  26 67 8a 1c 10           movb     %es:(%eax, %edx), %bl
0x000c3c20:  66 01 d9                 addl     %ebx, %ecx
0x000c3c23:  66 42                    incl     %edx
0x000c3c25:  eb ed                    jmp      0xc3c14

----------------
IN: 
0x000c3c14:  67 66 3b 55 f0           cmpl     -0x10(%ebp), %edx
0x000c3c19:  73 0c                    jae      0xc3c27

----------------
IN: 
0x000c3c27:  84 c9                    testb    %cl, %cl
0x000c3c29:  0f 85 b5 00              jne      0xc3ce2

----------------
IN: 
0x000c3c2d:  66 ba 00 f0 ff ff        movl     $0xfffff000, %edx
0x000c3c33:  8e c2                    movw     %dx, %es
0x000c3c35:  26 67 66 8b 58 07        movl     %es:7(%eax), %ebx
0x000c3c3b:  66 0f b7 c3              movzwl   %bx, %eax
0x000c3c3f:  66 50                    pushl    %eax
0x000c3c41:  66 89 d8                 movl     %ebx, %eax
0x000c3c44:  66 c1 e8 10              shrl     $0x10, %eax
0x000c3c48:  66 50                    pushl    %eax
0x000c3c4a:  66 68 78 58 00 00        pushl    $0x5878
0x000c3c50:  66 68 00 02 00 00        pushl    $0x200
0x000c3c56:  66 68 7f 58 00 00        pushl    $0x587f
0x000c3c5c:  50                       pushw    %ax
0x000c3c5d:  e8 1f e8                 callw    0xc247f

----------------
IN: 
0x000c25d3:  67 66 8b 03              movl     (%ebx), %eax
0x000c25d7:  84 c9                    testb    %cl, %cl
0x000c25d9:  75 06                    jne      0xc25e1

----------------
IN: 
0x000c25db:  66 83 c3 04              addl     $4, %ebx
0x000c25df:  eb 04                    jmp      0xc25e5

----------------
IN: 
0x000c3c60:  66 83 c4 14              addl     $0x14, %esp
0x000c3c64:  66 89 d9                 movl     %ebx, %ecx
0x000c3c67:  66 bb 20 00 00 00        movl     $0x20, %ebx
0x000c3c6d:  66 be 09 00 00 00        movl     $9, %esi
0x000c3c73:  66 51                    pushl    %ecx
0x000c3c75:  56                       pushw    %si
0x000c3c76:  66 6a ff                 pushl    $-1
0x000c3c79:  66 53                    pushl    %ebx
0x000c3c7b:  6a 00                    pushw    $0
0x000c3c7d:  67 ff 5c 24 0c           lcallw   *0xc(%esp)

----------------
IN: 
0x000fd0c8:  66 54                    pushl    %esp
0x000fd0ca:  66 0f b7 e4              movzwl   %sp, %esp
0x000fd0ce:  66 9c                    pushfl   
0x000fd0d0:  fa                       cli      
0x000fd0d1:  fc                       cld      
0x000fd0d2:  66 50                    pushl    %eax
0x000fd0d4:  66 51                    pushl    %ecx
0x000fd0d6:  66 52                    pushl    %edx
0x000fd0d8:  66 53                    pushl    %ebx
0x000fd0da:  66 55                    pushl    %ebp
0x000fd0dc:  66 56                    pushl    %esi
0x000fd0de:  66 57                    pushl    %edi
0x000fd0e0:  06                       pushw    %es
0x000fd0e1:  1e                       pushw    %ds
0x000fd0e2:  66 8c d1                 movl     %ss, %ecx
0x000fd0e5:  8e d9                    movw     %cx, %ds
0x000fd0e7:  66 c1 e1 04              shll     $4, %ecx
0x000fd0eb:  66 b8 71 ee ff 0e        movl     $0xeffee71, %eax
0x000fd0f1:  67 66 8d 54 0c 2c        leal     0x2c(%esp, %ecx), %edx
0x000fd0f7:  66 b9 ff ff ff ff        movl     $0xffffffff, %ecx
0x000fd0fd:  66 e8 df ab ff ff        calll    0xf7ce2

----------------
IN: 
0x000f7ce2:  66 55                    pushl    %ebp
0x000f7ce4:  66 57                    pushl    %edi
0x000f7ce6:  66 56                    pushl    %esi
0x000f7ce8:  66 53                    pushl    %ebx
0x000f7cea:  66 89 c7                 movl     %eax, %edi
0x000f7ced:  66 89 d3                 movl     %edx, %ebx
0x000f7cf0:  2e 66 a1 14 62           movl     %cs:0x6214, %eax
0x000f7cf5:  66 85 c0                 testl    %eax, %eax
0x000f7cf8:  74 52                    je       0xf7d4c

----------------
IN: 
0x000f7cfa:  66 b8 02 00 00 00        movl     $2, %eax
0x000f7d00:  66 e8 ad ee ff ff        calll    0xf6bb3

----------------
IN: 
0x000f6c15:  8c d0                    movw     %ss, %ax
0x000f6c17:  66 b9 80 da 00 00        movl     $0xda80, %ecx
0x000f6c1d:  8e c1                    movw     %cx, %es
0x000f6c1f:  26 a3 20 fa              movw     %ax, %es:0xfa20
0x000f6c23:  e4 70                    inb      $0x70, %al

----------------
IN: 
0x000f7d06:  66 89 de                 movl     %ebx, %esi
0x000f7d09:  66 89 e5                 movl     %esp, %ebp
0x000f7d0c:  66 8c d0                 movl     %ss, %eax
0x000f7d0f:  66 c1 e0 04              shll     $4, %eax
0x000f7d13:  66 01 c4                 addl     %eax, %esp
0x000f7d16:  66 b8 b5 00 00 00        movl     $0xb5, %eax
0x000f7d1c:  66 b9 34 12 00 00        movl     $0x1234, %ecx
0x000f7d22:  66 bb 2d 7d 0f 00        movl     $0xf7d2d, %ebx
0x000f7d28:  e6 b2                    outb     %al, $0xb2

SMM: enter
EAX=000000b5 EBX=000f7d2d ECX=00001234 EDX=00006cff
ESI=00006cb8 EDI=0effee71 EBP=00006c78 ESP=00006c78
EIP=00007d2a EFL=00000006 [-----P-] CPL=0 II=0 A20=1 SMM=0 HLT=0
ES =da80 000da800 ffffffff 008f9300
CS =f000 000f0000 ffffffff 008f9b00
SS =0000 00000000 ffffffff 008f9300
DS =0000 00000000 ffffffff 008f9300
FS =0000 00000000 ffffffff 008f9300
GS =0000 00000000 ffffffff 008f9300
LDT=0000 00000000 0000ffff 00008200
TR =0000 00000000 0000ffff 00008b00
GDT=     00000000 00000000
IDT=     00000000 000003ff
CR0=00000010 CR2=00000000 CR3=00000000 CR4=00000000
DR0=0000000000000000 DR1=0000000000000000 DR2=0000000000000000 DR3=0000000000000000 
DR6=00000000ffff0ff0 DR7=0000000000000400
CCS=00000000 CCD=00006c78 CCO=ADDL
EFER=0000000000000000
----------------
IN: 
0x000a8000:  8c c8                    movw     %cs, %ax
0x000a8002:  ea 6e d0 00 f0           ljmpw    $0xf000:$0xd06e

----------------
IN: 
0x000f0c65:  3c b5                    cmpb     $0xb5, %al
0x000f0c67:  0f 85 a3 01 00 00        jne      0xf0e10

----------------
IN: 
0x000f0c6d:  81 fa 00 00 02 00        cmpl     $0x20000, %edx
0x000f0c73:  0f 85 b5 00 00 00        jne      0xf0d2e

----------------
IN: 
0x000f0d2e:  81 fa 64 00 02 00        cmpl     $0x20064, %edx
0x000f0d34:  0f 85 d6 00 00 00        jne      0xf0e10

----------------
IN: 
0x000f0d3a:  8d 7c 24 08              leal     8(%esp), %edi
0x000f0d3e:  8d b3 c0 ff 00 00        leal     0xffc0(%ebx), %esi
0x000f0d44:  b9 10 00 00 00           movl     $0x10, %ecx
0x000f0d49:  f3 a5                    rep movsl (%esi), %es:(%edi)

----------------
IN: 
0x000f0d4b:  8b 83 e0 ff 00 00        movl     0xffe0(%ebx), %eax
0x000f0d51:  8b 93 e4 ff 00 00        movl     0xffe4(%ebx), %edx
0x000f0d57:  89 04 24                 movl     %eax, (%esp)
0x000f0d5a:  89 54 24 04              movl     %edx, 4(%esp)
0x000f0d5e:  8b 83 f0 ff 00 00        movl     0xfff0(%ebx), %eax
0x000f0d64:  3d 34 12 00 00           cmpl     $0x1234, %eax
0x000f0d69:  75 59                    jne      0xf0dc4

----------------
IN: 
0x000f0d6b:  8d bb 00 02 00 00        leal     0x200(%ebx), %edi
0x000f0d71:  b9 80 00 00 00           movl     $0x80, %ecx
0x000f0d76:  8d b3 00 fe 00 00        leal     0xfe00(%ebx), %esi
0x000f0d7c:  f3 a5                    rep movsl (%esi), %es:(%edi)

----------------
IN: 
0x000f0d7e:  b9 80 00 00 00           movl     $0x80, %ecx
0x000f0d83:  8d bb 00 fe 00 00        leal     0xfe00(%ebx), %edi
0x000f0d89:  89 de                    movl     %ebx, %esi
0x000f0d8b:  f3 a5                    rep movsl (%esi), %es:(%edi)

----------------
IN: 
0x000f0d8d:  8d bb c0 ff 00 00        leal     0xffc0(%ebx), %edi
0x000f0d93:  b9 10 00 00 00           movl     $0x10, %ecx
0x000f0d98:  8d 74 24 08              leal     8(%esp), %esi
0x000f0d9c:  f3 a5                    rep movsl (%esi), %es:(%edi)

----------------
IN: 
0x000f0d9e:  8b 04 24                 movl     (%esp), %eax
0x000f0da1:  31 d2                    xorl     %edx, %edx
0x000f0da3:  89 83 78 ff 00 00        movl     %eax, 0xff78(%ebx)
0x000f0da9:  89 93 7c ff 00 00        movl     %edx, 0xff7c(%ebx)
0x000f0daf:  b8 01 00 00 00           movl     $1, %eax
0x000f0db4:  e8 87 94 ff ff           calll    0xea240

----------------
IN: 
0x000ea240:  89 c1                    movl     %eax, %ecx
0x000ea242:  e4 92                    inb      $0x92, %al

----------------
IN: 
0x000ea244:  88 c2                    movb     %al, %dl
0x000ea246:  d0 ea                    shrb     $1, %dl
0x000ea248:  83 e2 01                 andl     $1, %edx
0x000ea24b:  83 e1 01                 andl     $1, %ecx
0x000ea24e:  38 ca                    cmpb     %cl, %dl
0x000ea250:  74 05                    je       0xea257

----------------
IN: 
0x000ea257:  88 d0                    movb     %dl, %al
0x000ea259:  c3                       retl     

----------------
IN: 
0x000f0db9:  0f b6 c0                 movzbl   %al, %eax
0x000f0dbc:  89 83 00 04 00 00        movl     %eax, 0x400(%ebx)
0x000f0dc2:  eb 4c                    jmp      0xf0e10

SMM: after RSM
EAX=000000b5 EBX=000f7d2d ECX=00001234 EDX=00006cff
ESI=00006cb8 EDI=0effee71 EBP=00006c78 ESP=00006c78
EIP=000f7d2d EFL=00000046 [---Z-P-] CPL=0 II=0 A20=1 SMM=0 HLT=0
ES =0010 00000000 ffffffff 00c09300 DPL=0 DS   [-WA]
CS =0008 00000000 ffffffff 00c09b00 DPL=0 CS32 [-RA]
SS =0010 00000000 ffffffff 00c09300 DPL=0 DS   [-WA]
DS =0010 00000000 ffffffff 00c09300 DPL=0 DS   [-WA]
FS =0010 00000000 ffffffff 00c09300 DPL=0 DS   [-WA]
GS =0010 00000000 ffffffff 00c09300 DPL=0 DS   [-WA]
LDT=0000 00000000 0000ffff 00008200 DPL=0 LDT
TR =0000 00000000 0000ffff 00008b00 DPL=0 TSS32-busy
GDT=     000f6220 00000037
IDT=     000f625e 00000000
CR0=00000011 CR2=00000000 CR3=00000000 CR4=00000000
DR0=0000000000000000 DR1=0000000000000000 DR2=0000000000000000 DR3=0000000000000000 
DR6=00000000ffff0ff0 DR7=0000000000000400
CCS=00000044 CCD=00000000 CCO=EFLAGS
EFER=0000000000000000
----------------
IN: 
0x000f7d2d:  89 f0                    movl     %esi, %eax
0x000f7d2f:  ff d7                    calll    *%edi

----------------
IN: 
0x0effee71:  55                       pushl    %ebp
0x0effee72:  57                       pushl    %edi
0x0effee73:  56                       pushl    %esi
0x0effee74:  53                       pushl    %ebx
0x0effee75:  83 ec 08                 subl     $8, %esp
0x0effee78:  89 c3                    movl     %eax, %ebx
0x0effee7a:  0f b7 00                 movzwl   (%eax), %eax
0x0effee7d:  89 c6                    movl     %eax, %esi
0x0effee7f:  50                       pushl    %eax
0x0effee80:  68 9e 42 0f 00           pushl    $0xf429e
0x0effee85:  e8 98 e0 0e f1           calll    0xecf22

----------------
IN: 
0x0effee8a:  5d                       popl     %ebp
0x0effee8b:  58                       popl     %eax
0x0effee8c:  66 83 fe 01              cmpw     $1, %si
0x0effee90:  0f 84 55 01 00 00        je       0xeffefeb

----------------
IN: 
0x0effee96:  66 83 fe 02              cmpw     $2, %si
0x0effee9a:  0f 84 80 01 00 00        je       0xefff020

----------------
IN: 
0x0effeea0:  66 85 f6                 testw    %si, %si
0x0effeea3:  0f 85 88 01 00 00        jne      0xefff031

----------------
IN: 
0x0effeea9:  8b 73 02                 movl     2(%ebx), %esi
0x0effeeac:  66 8b 53 0a              movw     0xa(%ebx), %dx
0x0effeeb0:  89 d0                    movl     %edx, %eax
0x0effeeb2:  66 83 e0 08              andw     $8, %ax
0x0effeeb6:  66 89 04 24              movw     %ax, (%esp)
0x0effeeba:  75 0c                    jne      0xeffeec8

----------------
IN: 
0x0effeec8:  bf 84 fe ff 0e           movl     $0xefffe84, %edi
0x0effeecd:  b8 88 fe ff 0e           movl     $0xefffe88, %eax
0x0effeed2:  85 f6                    testl    %esi, %esi
0x0effeed4:  75 45                    jne      0xeffef1b

----------------
IN: 
0x0effef1b:  c1 e6 04                 shll     $4, %esi
0x0effef1e:  85 f6                    testl    %esi, %esi
0x0effef20:  7e c7                    jle      0xeffeee9

----------------
IN: 
0x0effef22:  8b 6b 06                 movl     6(%ebx), %ebp
0x0effef25:  b9 10 00 00 00           movl     $0x10, %ecx
0x0effef2a:  f6 c2 04                 testb    $4, %dl
0x0effef2d:  74 16                    je       0xeffef45

----------------
IN: 
0x0effef45:  83 e2 03                 andl     $3, %edx
0x0effef48:  66 83 fa 02              cmpw     $2, %dx
0x0effef4c:  74 0e                    je       0xeffef5c

----------------
IN: 
0x0effef4e:  66 83 fa 03              cmpw     $3, %dx
0x0effef52:  74 52                    je       0xeffefa6

----------------
IN: 
0x0effef54:  66 4a                    decw     %dx
0x0effef56:  89 f2                    movl     %esi, %edx
0x0effef58:  74 63                    je       0xeffefbd

----------------
IN: 
0x0effefbd:  e8 95 f9 fe ff           calll    0xefee957

----------------
IN: 
0x0effefc2:  89 c3                    movl     %eax, %ebx
0x0effefc4:  85 c0                    testl    %eax, %eax
0x0effefc6:  0f 84 1d ff ff ff        je       0xeffeee9

----------------
IN: 
0x0effefcc:  83 fd ff                 cmpl     $-1, %ebp
0x0effefcf:  74 63                    je       0xefff034

----------------
IN: 
0x0efff034:  89 d8                    movl     %ebx, %eax
0x0efff036:  83 c4 08                 addl     $8, %esp
0x0efff039:  5b                       popl     %ebx
0x0efff03a:  5e                       popl     %esi
0x0efff03b:  5f                       popl     %edi
0x0efff03c:  5d                       popl     %ebp
0x0efff03d:  c3                       retl     

----------------
IN: 
0x000f7d31:  89 c6                    movl     %eax, %esi
0x000f7d33:  b8 b5 00 00 00           movl     $0xb5, %eax
0x000f7d38:  b9 78 56 00 00           movl     $0x5678, %ecx
0x000f7d3d:  bb 47 7d 00 00           movl     $0x7d47, %ebx
0x000f7d42:  e6 b2                    outb     %al, $0xb2

SMM: enter
EAX=000000b5 EBX=00007d47 ECX=00005678 EDX=0efffe88
ESI=000e9780 EDI=0effee71 EBP=00006c78 ESP=00006c78
EIP=000f7d44 EFL=00000012 [----A--] CPL=0 II=0 A20=1 SMM=0 HLT=0
ES =0010 00000000 ffffffff 00c09300 DPL=0 DS   [-WA]
CS =0008 00000000 ffffffff 00c09b00 DPL=0 CS32 [-RA]
SS =0010 00000000 ffffffff 00c09300 DPL=0 DS   [-WA]
DS =0010 00000000 ffffffff 00c09300 DPL=0 DS   [-WA]
FS =0010 00000000 ffffffff 00c09300 DPL=0 DS   [-WA]
GS =0010 00000000 ffffffff 00c09300 DPL=0 DS   [-WA]
LDT=0000 00000000 0000ffff 00008200 DPL=0 LDT
TR =0000 00000000 0000ffff 00008b00 DPL=0 TSS32-busy
GDT=     000f6220 00000037
IDT=     000f625e 00000000
CR0=00000011 CR2=00000000 CR3=00000000 CR4=00000000
DR0=0000000000000000 DR1=0000000000000000 DR2=0000000000000000 DR3=0000000000000000 
DR6=00000000ffff0ff0 DR7=0000000000000400
CCS=00000008 CCD=00006c64 CCO=ADDL
EFER=0000000000000000
----------------
IN: 
0x000f0dc4:  3d 78 56 00 00           cmpl     $0x5678, %eax
0x000f0dc9:  75 45                    jne      0xf0e10

----------------
IN: 
0x000f0dcb:  8d b3 00 02 00 00        leal     0x200(%ebx), %esi
0x000f0dd1:  b9 80 00 00 00           movl     $0x80, %ecx
0x000f0dd6:  8d bb 00 fe 00 00        leal     0xfe00(%ebx), %edi
0x000f0ddc:  f3 a5                    rep movsl (%esi), %es:(%edi)

----------------
IN: 
0x000f0dde:  8d bb c0 ff 00 00        leal     0xffc0(%ebx), %edi
0x000f0de4:  b9 10 00 00 00           movl     $0x10, %ecx
0x000f0de9:  8d 74 24 08              leal     8(%esp), %esi
0x000f0ded:  f3 a5                    rep movsl (%esi), %es:(%edi)

----------------
IN: 
0x000f0def:  83 bb 00 04 00 00 00     cmpl     $0, 0x400(%ebx)
0x000f0df6:  75 07                    jne      0xf0dff

----------------
IN: 
0x000f0dff:  8b 04 24                 movl     (%esp), %eax
0x000f0e02:  31 d2                    xorl     %edx, %edx
0x000f0e04:  89 83 78 ff 00 00        movl     %eax, 0xff78(%ebx)
0x000f0e0a:  89 93 7c ff 00 00        movl     %edx, 0xff7c(%ebx)
0x000f0e10:  8d 65 f4                 leal     -0xc(%ebp), %esp
0x000f0e13:  5b                       popl     %ebx
0x000f0e14:  5e                       popl     %esi
0x000f0e15:  5f                       popl     %edi
0x000f0e16:  5d                       popl     %ebp
0x000f0e17:  c3                       retl     

SMM: after RSM
EAX=000000b5 EBX=00007d47 ECX=00005678 EDX=0efffe88
ESI=000e9780 EDI=0effee71 EBP=00006c78 ESP=00006c78
EIP=00007d47 EFL=00000006 [-----P-] CPL=0 II=0 A20=1 SMM=0 HLT=0
ES =da80 000da800 ffffffff 00809300
CS =f000 000f0000 ffffffff 00809b00
SS =0000 00000000 ffffffff 00809300
DS =0000 00000000 ffffffff 00809300
FS =0000 00000000 ffffffff 00809300
GS =0000 00000000 ffffffff 00809300
LDT=0000 00000000 0000ffff 00008200
TR =0000 00000000 0000ffff 00008b00
GDT=     00000000 00000000
IDT=     00000000 000003ff
CR0=00000010 CR2=00000000 CR3=00000000 CR4=00000000
DR0=0000000000000000 DR1=0000000000000000 DR2=0000000000000000 DR3=0000000000000000 
DR6=00000000ffff0ff0 DR7=0000000000000400
CCS=00000004 CCD=00000001 CCO=EFLAGS
EFER=0000000000000000
----------------
IN: 
0x000f7d47:  66 89 ec                 movl     %ebp, %esp
0x000f7d4a:  eb 47                    jmp      0xf7d93

----------------
IN: 
0x000f7d93:  66 e8 95 f2 ff ff        calll    0xf702e

----------------
IN: 
0x000f7d99:  66 89 f0                 movl     %esi, %eax
0x000f7d9c:  66 5b                    popl     %ebx
0x000f7d9e:  66 5e                    popl     %esi
0x000f7da0:  66 5f                    popl     %edi
0x000f7da2:  66 5d                    popl     %ebp
0x000f7da4:  66 c3                    retl     

----------------
IN: 
0x000fd103:  67 89 44 24 1c           movw     %ax, 0x1c(%esp)
0x000fd108:  66 c1 e8 10              shrl     $0x10, %eax
0x000fd10c:  67 89 44 24 14           movw     %ax, 0x14(%esp)
0x000fd111:  1f                       popw     %ds
0x000fd112:  07                       popw     %es
0x000fd113:  66 5f                    popl     %edi
0x000fd115:  66 5e                    popl     %esi
0x000fd117:  66 5d                    popl     %ebp
0x000fd119:  66 5b                    popl     %ebx
0x000fd11b:  66 5a                    popl     %edx
0x000fd11d:  66 59                    popl     %ecx
0x000fd11f:  66 58                    popl     %eax
0x000fd121:  66 9d                    popfl    

----------------
IN: 
0x000fd123:  66 5c                    popl     %esp
0x000fd125:  cb                       lretw    

----------------
IN: 
0x000c3c82:  66 83 c4 10              addl     $0x10, %esp
0x000c3c86:  fa                       cli      
0x000c3c87:  fc                       cld      
0x000c3c88:  66 c1 e2 10              shll     $0x10, %edx
0x000c3c8c:  66 0f b7 c0              movzwl   %ax, %eax
0x000c3c90:  66 89 d3                 movl     %edx, %ebx
0x000c3c93:  66 09 c3                 orl      %eax, %ebx
0x000c3c96:  66 89 d8                 movl     %ebx, %eax
0x000c3c99:  9c                       pushfw   
0x000c3c9a:  66 83 c0 ff              addl     $-1, %eax
0x000c3c9e:  9d                       popfw    

----------------
IN: 
0x000c3c9f:  66 83 f8 fd              cmpl     $-3, %eax
0x000c3ca3:  77 4b                    ja       0xc3cf0

----------------
IN: 
0x000c3ca5:  66 53                    pushl    %ebx
0x000c3ca7:  66 68 bd 58 00 00        pushl    $0x58bd
0x000c3cad:  50                       pushw    %ax
0x000c3cae:  e8 ce e7                 callw    0xc247f

----------------
IN: 
0x000c3cb1:  66 58                    popl     %eax
0x000c3cb3:  66 5a                    popl     %edx
0x000c3cb5:  8c c8                    movw     %cs, %ax
0x000c3cb7:  8e c0                    movw     %ax, %es
0x000c3cb9:  66 c1 eb 04              shrl     $4, %ebx
0x000c3cbd:  26 89 1e 78 98           movw     %bx, %es:0x9878
0x000c3cc2:  66 89 c2                 movl     %eax, %edx
0x000c3cc5:  66 c1 e2 10              shll     $0x10, %edx
0x000c3cc9:  66 b8 33 56 00 00        movl     $0x5633, %eax
0x000c3ccf:  66 0f b7 c0              movzwl   %ax, %eax
0x000c3cd3:  66 09 d0                 orl      %edx, %eax
0x000c3cd6:  66 31 d2                 xorl     %edx, %edx
0x000c3cd9:  8e c2                    movw     %dx, %es
0x000c3cdb:  26 66 a3 40 00           movl     %eax, %es:0x40
0x000c3ce0:  eb 0e                    jmp      0xc3cf0

----------------
IN: 
0x000c3cf0:  8c c8                    movw     %cs, %ax
0x000c3cf2:  8e c0                    movw     %ax, %es
0x000c3cf4:  66 b8 01 00 00 00        movl     $1, %eax
0x000c3cfa:  26 66 a3 70 98           movl     %eax, %es:0x9870
0x000c3cff:  66 31 c0                 xorl     %eax, %eax
0x000c3d02:  26 a2 06 00              movb     %al, %es:6
0x000c3d06:  2e 8a 16 02 00           movb     %cs:2, %dl
0x000c3d0b:  66 0f b6 d2              movzbl   %dl, %edx
0x000c3d0f:  66 c1 e2 09              shll     $9, %edx
0x000c3d13:  66 31 c9                 xorl     %ecx, %ecx
0x000c3d16:  66 39 d1                 cmpl     %edx, %ecx
0x000c3d19:  73 0b                    jae      0xc3d26

----------------
IN: 
0x000c3d1b:  26 67 8a 19              movb     %es:(%ecx), %bl
0x000c3d1f:  66 01 d8                 addl     %ebx, %eax
0x000c3d22:  66 41                    incl     %ecx
0x000c3d24:  eb f0                    jmp      0xc3d16

----------------
IN: 
0x000c3d16:  66 39 d1                 cmpl     %edx, %ecx
0x000c3d19:  73 0b                    jae      0xc3d26

----------------
IN: 
0x000c3d26:  8c ca                    movw     %cs, %dx
0x000c3d28:  8e c2                    movw     %dx, %es
0x000c3d2a:  66 f7 d8                 negl     %eax
0x000c3d2d:  26 a2 06 00              movb     %al, %es:6
0x000c3d31:  8d 66 f4                 leaw     -0xc(%bp), %sp
0x000c3d34:  66 5b                    popl     %ebx
0x000c3d36:  66 5e                    popl     %esi
0x000c3d38:  66 5f                    popl     %edi
0x000c3d3a:  66 5d                    popl     %ebp
0x000c3d3c:  c2 02 00                 retw     $2

----------------
IN: 
0x000c55e7:  66 89 dc                 movl     %ebx, %esp
0x000c55ea:  1f                       popw     %ds
0x000c55eb:  07                       popw     %es
0x000c55ec:  66 5f                    popl     %edi
0x000c55ee:  66 5e                    popl     %esi
0x000c55f0:  66 5d                    popl     %ebp
0x000c55f2:  66 5b                    popl     %ebx
0x000c55f4:  66 5a                    popl     %edx
0x000c55f6:  66 59                    popl     %ecx
0x000c55f8:  66 58                    popl     %eax
0x000c55fa:  cb                       lretw    

----------------
IN: 
0x000eefee:  e8 6e db ff ff           calll    0xecb61

----------------
IN: 
0x000ecb61:  e8 ff d6 ff ff           calll    0xea265

----------------
IN: 
0x000ecb66:  85 c0                    testl    %eax, %eax
0x000ecb68:  75 05                    jne      0xecb6f

----------------
IN: 
0x000ecb6a:  e9 c5 ff ff ff           jmp      0xecb34

----------------
IN: 
0x000eeff3:  83 c4 34                 addl     $0x34, %esp
0x000eeff6:  5b                       popl     %ebx
0x000eeff7:  5e                       popl     %esi
0x000eeff8:  5f                       popl     %edi
0x000eeff9:  c3                       retl     

----------------
IN: 
0x0eff55ab:  0f b6 5b 02              movzbl   2(%ebx), %ebx
0x0eff55af:  c1 e3 09                 shll     $9, %ebx
0x0eff55b2:  89 d8                    movl     %ebx, %eax
0x0eff55b4:  e8 93 6e ff ff           calll    0xefec44c

----------------
IN: 
0x0eff55b9:  85 c0                    testl    %eax, %eax
0x0eff55bb:  75 16                    jne      0xeff55d3

----------------
IN: 
0x0eff55d3:  a1 60 fe ff 0e           movl     0xefffe60, %eax
0x0eff55d8:  8d 84 03 ff 07 00 00     leal     0x7ff(%ebx, %eax), %eax
0x0eff55df:  25 00 f8 ff ff           andl     $0xfffff800, %eax
0x0eff55e4:  a3 60 fe ff 0e           movl     %eax, 0xefffe60
0x0eff55e9:  83 c4 24                 addl     $0x24, %esp
0x0eff55ec:  5b                       popl     %ebx
0x0eff55ed:  5e                       popl     %esi
0x0eff55ee:  5f                       popl     %edi
0x0eff55ef:  5d                       popl     %ebp
0x0eff55f0:  c3                       retl     

----------------
IN: 
0x0eff56ff:  0f b7 d7                 movzwl   %di, %edx
0x0eff5702:  81 ca 00 00 00 f0        orl      $0xf0000000, %edx
0x0eff5708:  3b 15 64 00 00 00        cmpl     0x64, %edx
0x0eff570e:  0f 95 c2                 setne    %dl
0x0eff5711:  8b 4c 24 0c              movl     0xc(%esp), %ecx
0x0eff5715:  39 4c 24 08              cmpl     %ecx, 8(%esp)
0x0eff5719:  0f 94 c1                 sete     %cl
0x0eff571c:  21 ca                    andl     %ecx, %edx
0x0eff571e:  8b 04 24                 movl     (%esp), %eax
0x0eff5721:  09 e8                    orl      %ebp, %eax
0x0eff5723:  0f 94 c1                 sete     %cl
0x0eff5726:  84 ca                    testb    %cl, %dl
0x0eff5728:  74 30                    je       0xeff575a

----------------
IN: 
0x0eff575a:  83 c4 24                 addl     $0x24, %esp
0x0eff575d:  5b                       popl     %ebx
0x0eff575e:  5e                       popl     %esi
0x0eff575f:  5f                       popl     %edi
0x0eff5760:  5d                       popl     %ebp
0x0eff5761:  c3                       retl     

----------------
IN: 
0x0effbd8a:  eb 65                    jmp      0xeffbdf1

----------------
IN: 
0x0effbdf1:  31 c9                    xorl     %ecx, %ecx
0x0effbdf3:  ba 01 00 00 00           movl     $1, %edx
0x0effbdf8:  b8 38 38 0f 00           movl     $0xf3838, %eax
0x0effbdfd:  e8 ef 97 ff ff           calll    0xeff55f1

----------------
IN: 
0x0eff55f1:  55                       pushl    %ebp
0x0eff55f2:  57                       pushl    %edi
0x0eff55f3:  56                       pushl    %esi
0x0eff55f4:  53                       pushl    %ebx
0x0eff55f5:  89 c5                    movl     %eax, %ebp
0x0eff55f7:  89 d7                    movl     %edx, %edi
0x0eff55f9:  89 ce                    movl     %ecx, %esi
0x0eff55fb:  31 db                    xorl     %ebx, %ebx
0x0eff55fd:  89 da                    movl     %ebx, %edx
0x0eff55ff:  89 e8                    movl     %ebp, %eax
0x0eff5601:  e8 d0 6e ff ff           calll    0xefec4d6

----------------
IN: 
0x0efec4d6:  57                       pushl    %edi
0x0efec4d7:  56                       pushl    %esi
0x0efec4d8:  53                       pushl    %ebx
0x0efec4d9:  89 c6                    movl     %eax, %esi
0x0efec4db:  89 d1                    movl     %edx, %ecx
0x0efec4dd:  e8 1e df 0f f1           calll    0xea400

----------------
IN: 
0x0efec4e2:  89 c7                    movl     %eax, %edi
0x0efec4e4:  8b 1d 5c fe ff 0e        movl     0xefffe5c, %ebx
0x0efec4ea:  85 c9                    testl    %ecx, %ecx
0x0efec4ec:  74 16                    je       0xefec504

----------------
IN: 
0x0efec504:  85 db                    testl    %ebx, %ebx
0x0efec506:  75 ea                    jne      0xefec4f2

----------------
IN: 
0x0efec4f2:  8d 53 04                 leal     4(%ebx), %edx
0x0efec4f5:  89 f9                    movl     %edi, %ecx
0x0efec4f7:  89 f0                    movl     %esi, %eax
0x0efec4f9:  e8 0f df 0f f1           calll    0xea40d

----------------
IN: 
0x0efec4fe:  85 c0                    testl    %eax, %eax
0x0efec500:  74 06                    je       0xefec508

----------------
IN: 
0x0efec502:  8b 1b                    movl     (%ebx), %ebx
0x0efec504:  85 db                    testl    %ebx, %ebx
0x0efec506:  75 ea                    jne      0xefec4f2

----------------
IN: 
0x0efec508:  89 d8                    movl     %ebx, %eax
0x0efec50a:  5b                       popl     %ebx
0x0efec50b:  5e                       popl     %esi
0x0efec50c:  5f                       popl     %edi
0x0efec50d:  c3                       retl     

----------------
IN: 
0x0eff5606:  89 c3                    movl     %eax, %ebx
0x0eff5608:  85 c0                    testl    %eax, %eax
0x0eff560a:  74 2a                    je       0xeff5636

----------------
IN: 
0x0eff5636:  5b                       popl     %ebx
0x0eff5637:  5e                       popl     %esi
0x0eff5638:  5f                       popl     %edi
0x0eff5639:  5d                       popl     %ebp
0x0eff563a:  c3                       retl     

----------------
IN: 
0x0effbe02:  31 c0                    xorl     %eax, %eax
0x0effbe04:  e8 43 06 ff ff           calll    0xefec44c

----------------
IN: 
0x0effbe09:  81 3d 60 fe ff 0e 00 00  cmpl     $0xc0000, 0xefffe60
0x0effbe11:  0c 00
0x0effbe13:  74 0a                    je       0xeffbe1f

----------------
IN: 
0x0effbe15:  c7 05 e4 4d 0f 00 00 00  movl     $0xc0000, 0xf4de4
0x0effbe1d:  0c 00
0x0effbe1f:  31 d2                    xorl     %edx, %edx
0x0effbe21:  31 c9                    xorl     %ecx, %ecx
0x0effbe23:  b8 2f 20 0f 00           movl     $0xf202f, %eax
0x0effbe28:  e8 8e 23 ff ff           calll    0xefee1bb

----------------
IN: 
0x0effbe2d:  89 c3                    movl     %eax, %ebx
0x0effbe2f:  66 85 c0                 testw    %ax, %ax
0x0effbe32:  0f 84 9c 00 00 00        je       0xeffbed4

----------------
IN: 
0x0effbed4:  e8 be 67 ff ff           calll    0xeff2697

----------------
IN: 
0x0eff2697:  55                       pushl    %ebp
0x0eff2698:  57                       pushl    %edi
0x0eff2699:  56                       pushl    %esi
0x0eff269a:  53                       pushl    %ebx
0x0eff269b:  83 ec 68                 subl     $0x68, %esp
0x0eff269e:  68 90 1d 0f 00           pushl    $0xf1d90
0x0eff26a3:  e8 7a a8 0f f1           calll    0xecf22

----------------
IN: 
0x0eff26a8:  b9 26 00 00 00           movl     $0x26, %ecx
0x0eff26ad:  31 d2                    xorl     %edx, %edx
0x0eff26af:  8d 44 24 46              leal     0x46(%esp), %eax
0x0eff26b3:  e8 6e 90 0f f1           calll    0xeb726

----------------
IN: 
0x0eff26b8:  66 c7 44 24 62 03 00     movw     $3, 0x62(%esp)
0x0eff26bf:  e8 fe bd ff ff           calll    0xefee4c2

----------------
IN: 
0x0efee4c2:  89 c1                    movl     %eax, %ecx
0x0efee4c4:  66 c7 40 24 00 02        movw     $0x200, 0x24(%eax)
0x0efee4ca:  e8 cd d9 0f f1           calll    0xebe9c

----------------
IN: 
0x0efee4cf:  ba 5f d0 0f 00           movl     $0xfd05f, %edx
0x0efee4d4:  0f b7 d2                 movzwl   %dx, %edx
0x0efee4d7:  89 c8                    movl     %ecx, %eax
0x0efee4d9:  e8 9b e9 0f f1           calll    0xece79

----------------
IN: 
0x000ece79:  66 89 50 20              movw     %dx, 0x20(%eax)
0x000ece7d:  66 c7 40 22 00 f0        movw     $0xf000, 0x22(%eax)
0x000ece83:  0f b7 15 20 a2 0e 00     movzwl   0xea220, %edx
0x000ece8a:  89 d1                    movl     %edx, %ecx
0x000ece8c:  c1 e1 04                 shll     $4, %ecx
0x000ece8f:  29 c8                    subl     %ecx, %eax
0x000ece91:  b9 42 81 0f 00           movl     $0xf8142, %ecx
0x000ece96:  e9 f7 fb ff ff           jmp      0xeca92

----------------
IN: 
0x000fd05f:  cd 10                    int      $0x10

----------------
IN: 
0x000c5633:  fa                       cli      
0x000c5634:  fc                       cld      
0x000c5635:  1e                       pushw    %ds
0x000c5636:  66 50                    pushl    %eax
0x000c5638:  b8 40 00                 movw     $0x40, %ax
0x000c563b:  8e d8                    movw     %ax, %ds
0x000c563d:  f6 06 b9 00 40           testb    $0x40, 0xb9
0x000c5642:  0f 84 97 00              je       0xc56dd

----------------
IN: 
0x000c56dd:  66 58                    popl     %eax
0x000c56df:  1f                       popw     %ds
0x000c56e0:  e9 18 ff                 jmp      0xc55fb

----------------
IN: 
0x000c55fb:  fa                       cli      
0x000c55fc:  fc                       cld      
0x000c55fd:  66 50                    pushl    %eax
0x000c55ff:  66 51                    pushl    %ecx
0x000c5601:  66 52                    pushl    %edx
0x000c5603:  66 53                    pushl    %ebx
0x000c5605:  66 55                    pushl    %ebp
0x000c5607:  66 56                    pushl    %esi
0x000c5609:  66 57                    pushl    %edi
0x000c560b:  06                       pushw    %es
0x000c560c:  1e                       pushw    %ds
0x000c560d:  8c d0                    movw     %ss, %ax
0x000c560f:  8e d8                    movw     %ax, %ds
0x000c5611:  66 89 e3                 movl     %esp, %ebx
0x000c5614:  66 0f b7 e4              movzwl   %sp, %esp
0x000c5618:  66 89 e0                 movl     %esp, %eax
0x000c561b:  50                       pushw    %ax
0x000c561c:  e8 5e f2                 callw    0xc487d

----------------
IN: 
0x000c487d:  66 55                    pushl    %ebp
0x000c487f:  66 89 e5                 movl     %esp, %ebp
0x000c4882:  66 57                    pushl    %edi
0x000c4884:  66 56                    pushl    %esi
0x000c4886:  66 53                    pushl    %ebx
0x000c4888:  66 83 ec 08              subl     $8, %esp
0x000c488c:  66 89 c3                 movl     %eax, %ebx
0x000c488f:  67 8a 40 1d              movb     0x1d(%eax), %al
0x000c4893:  3c 0c                    cmpb     $0xc, %al
0x000c4895:  0f 84 34 03              je       0xc4bcd

----------------
IN: 
0x000c4899:  77 7f                    ja       0xc491a

----------------
IN: 
0x000c489b:  3c 06                    cmpb     $6, %al
0x000c489d:  0f 84 0f 02              je       0xc4ab0

----------------
IN: 
0x000c48a1:  77 4b                    ja       0xc48ee

----------------
IN: 
0x000c48a3:  3c 03                    cmpb     $3, %al
0x000c48a5:  0f 84 65 01              je       0xc4a0e

----------------
IN: 
0x000c48a9:  77 0f                    ja       0xc48ba

----------------
IN: 
0x000c48ab:  3c 01                    cmpb     $1, %al
0x000c48ad:  0f 84 3a 01              je       0xc49eb

----------------
IN: 
0x000c48b1:  3c 02                    cmpb     $2, %al
0x000c48b3:  0f 85 d1 00              jne      0xc4988

----------------
IN: 
0x000c4988:  67 8a 43 1c              movb     0x1c(%ebx), %al
0x000c498c:  66 89 c6                 movl     %eax, %esi
0x000c498f:  66 83 e6 7f              andl     $0x7f, %esi
0x000c4993:  66 89 c1                 movl     %eax, %ecx
0x000c4996:  66 83 e1 7f              andl     $0x7f, %ecx
0x000c499a:  66 ba 40 00 00 00        movl     $0x40, %edx
0x000c49a0:  8e c2                    movw     %dx, %es
0x000c49a2:  26 8a 16 89 00           movb     %es:0x89, %dl
0x000c49a7:  66 83 e2 0a              andl     $0xa, %edx
0x000c49ab:  66 83 ca 01              orl      $1, %edx
0x000c49af:  84 c0                    testb    %al, %al
0x000c49b1:  79 03                    jns      0xc49b6

----------------
IN: 
0x000c49b6:  66 bf 20 00 00 00        movl     $0x20, %edi
0x000c49bc:  a8 78                    testb    $0x78, %al
0x000c49be:  75 13                    jne      0xc49d3

----------------
IN: 
0x000c49c0:  66 bf 3f 00 00 00        movl     $0x3f, %edi
0x000c49c6:  66 89 f0                 movl     %esi, %eax
0x000c49c9:  3c 06                    cmpb     $6, %al
0x000c49cb:  74 06                    je       0xc49d3

----------------
IN: 
0x000c49cd:  66 bf 30 00 00 00        movl     $0x30, %edi
0x000c49d3:  66 89 f8                 movl     %edi, %eax
0x000c49d6:  67 88 43 1c              movb     %al, 0x1c(%ebx)
0x000c49da:  66 89 c8                 movl     %ecx, %eax
0x000c49dd:  8d 66 f4                 leaw     -0xc(%bp), %sp
0x000c49e0:  66 5b                    popl     %ebx
0x000c49e2:  66 5e                    popl     %esi
0x000c49e4:  66 5f                    popl     %edi
0x000c49e6:  66 5d                    popl     %ebp
0x000c49e8:  e9 df e6                 jmp      0xc30ca

----------------
IN: 
0x000c30ca:  66 55                    pushl    %ebp
0x000c30cc:  66 89 e5                 movl     %esp, %ebp
0x000c30cf:  66 57                    pushl    %edi
0x000c30d1:  66 56                    pushl    %esi
0x000c30d3:  66 53                    pushl    %ebx
0x000c30d5:  66 83 ec 14              subl     $0x14, %esp
0x000c30d9:  67 66 89 45 e8           movl     %eax, -0x18(%ebp)
0x000c30de:  67 66 89 55 f0           movl     %edx, -0x10(%ebp)
0x000c30e3:  66 50                    pushl    %eax
0x000c30e5:  66 68 9b 57 00 00        pushl    $0x579b
0x000c30eb:  50                       pushw    %ax
0x000c30ec:  e8 90 f3                 callw    0xc247f

----------------
IN: 
0x000c30ef:  66 5a                    popl     %edx
0x000c30f1:  66 59                    popl     %ecx
0x000c30f3:  67 66 8b 45 e8           movl     -0x18(%ebp), %eax
0x000c30f8:  50                       pushw    %ax
0x000c30f9:  e8 41 f9                 callw    0xc2a3d

----------------
IN: 
0x000c2a3d:  66 55                    pushl    %ebp
0x000c2a3f:  66 89 e5                 movl     %esp, %ebp
0x000c2a42:  66 53                    pushl    %ebx
0x000c2a44:  66 89 c1                 movl     %eax, %ecx
0x000c2a47:  2e 66 8b 16 d0 5a        movl     %cs:0x5ad0, %edx
0x000c2a4d:  2e 66 a1 cc 5a           movl     %cs:0x5acc, %eax
0x000c2a52:  66 85 c0                 testl    %eax, %eax
0x000c2a55:  74 2f                    je       0xc2a86

----------------
IN: 
0x000c2a57:  66 6b d2 0e              imull    $0xe, %edx, %edx
0x000c2a5b:  66 81 c2 e0 5a 00 00     addl     $0x5ae0, %edx
0x000c2a62:  66 b8 e0 5a 00 00        movl     $0x5ae0, %eax
0x000c2a68:  66 39 d0                 cmpl     %edx, %eax
0x000c2a6b:  73 19                    jae      0xc2a86

----------------
IN: 
0x000c2a6d:  2e 67 8b 18              movw     %cs:(%eax), %bx
0x000c2a71:  66 0f b7 db              movzwl   %bx, %ebx
0x000c2a75:  66 39 d9                 cmpl     %ebx, %ecx
0x000c2a78:  75 06                    jne      0xc2a80

----------------
IN: 
0x000c2a80:  66 83 c0 0e              addl     $0xe, %eax
0x000c2a84:  eb e2                    jmp      0xc2a68

----------------
IN: 
0x000c2a68:  66 39 d0                 cmpl     %edx, %eax
0x000c2a6b:  73 19                    jae      0xc2a86

----------------
IN: 
0x000c2a86:  66 31 c0                 xorl     %eax, %eax
0x000c2a89:  2e 67 8b 90 e0 66 00 00  movw     %cs:0x66e0(%eax), %dx
0x000c2a91:  66 0f b7 d2              movzwl   %dx, %edx
0x000c2a95:  66 39 d1                 cmpl     %edx, %ecx
0x000c2a98:  75 08                    jne      0xc2aa2

----------------
IN: 
0x000c2aa2:  66 83 c0 2c              addl     $0x2c, %eax
0x000c2aa6:  66 3d c0 02 00 00        cmpl     $0x2c0, %eax
0x000c2aac:  75 db                    jne      0xc2a89

----------------
IN: 
0x000c2a89:  2e 67 8b 90 e0 66 00 00  movw     %cs:0x66e0(%eax), %dx
0x000c2a91:  66 0f b7 d2              movzwl   %dx, %edx
0x000c2a95:  66 39 d1                 cmpl     %edx, %ecx
0x000c2a98:  75 08                    jne      0xc2aa2

----------------
IN: 
0x000c2a9a:  66 05 e2 66 00 00        addl     $0x66e2, %eax
0x000c2aa0:  eb 0f                    jmp      0xc2ab1

----------------
IN: 
0x000c2ab1:  66 5b                    popl     %ebx
0x000c2ab3:  66 5d                    popl     %ebp
0x000c2ab5:  c2 02 00                 retw     $2

----------------
IN: 
0x000c30fc:  66 85 c0                 testl    %eax, %eax
0x000c30ff:  0f 84 5f 04              je       0xc3562

----------------
IN: 
0x000c3103:  66 89 c3                 movl     %eax, %ebx
0x000c3106:  2e 66 a1 cc 5a           movl     %cs:0x5acc, %eax
0x000c310b:  66 85 c0                 testl    %eax, %eax
0x000c310e:  74 17                    je       0xc3127

----------------
IN: 
0x000c3110:  66 b8 04 00 00 00        movl     $4, %eax
0x000c3116:  66 ba ce 01 00 00        movl     $0x1ce, %edx
0x000c311c:  ef                       outw     %ax, %dx

----------------
IN: 
0x000c311d:  66 31 c0                 xorl     %eax, %eax
0x000c3120:  66 ba cf 01 00 00        movl     $0x1cf, %edx
0x000c3126:  ef                       outw     %ax, %dx

----------------
IN: 
0x000c3127:  2e 66 a1 d0 5a           movl     %cs:0x5ad0, %eax
0x000c312c:  66 81 fb e2 5a 00 00     cmpl     $0x5ae2, %ebx
0x000c3133:  72 20                    jb       0xc3155

----------------
IN: 
0x000c3135:  66 6b c0 0e              imull    $0xe, %eax, %eax
0x000c3139:  66 05 d4 5a 00 00        addl     $0x5ad4, %eax
0x000c313f:  66 39 d8                 cmpl     %ebx, %eax
0x000c3142:  72 11                    jb       0xc3155

----------------
IN: 
0x000c3155:  67 66 8b 55 f0           movl     -0x10(%ebp), %edx
0x000c315a:  66 89 d8                 movl     %ebx, %eax
0x000c315d:  50                       pushw    %ax
0x000c315e:  e8 b7 f6                 callw    0xc2818

----------------
IN: 
0x000c2818:  66 55                    pushl    %ebp
0x000c281a:  66 89 e5                 movl     %esp, %ebp
0x000c281d:  66 57                    pushl    %edi
0x000c281f:  66 56                    pushl    %esi
0x000c2821:  66 53                    pushl    %ebx
0x000c2823:  66 51                    pushl    %ecx
0x000c2825:  67 66 89 55 f0           movl     %edx, -0x10(%ebp)
0x000c282a:  66 3d 76 69 00 00        cmpl     $0x6976, %eax
0x000c2830:  77 4b                    ja       0xc287d

----------------
IN: 
0x000c2832:  66 89 c3                 movl     %eax, %ebx
0x000c2835:  66 3d e2 66 00 00        cmpl     $0x66e2, %eax
0x000c283b:  72 40                    jb       0xc287d

----------------
IN: 
0x000c283d:  80 e2 08                 andb     $8, %dl
0x000c2840:  0f 85 91 00              jne      0xc28d5

----------------
IN: 
0x000c2844:  b0 ff                    movb     $0xff, %al
0x000c2846:  66 ba c6 03 00 00        movl     $0x3c6, %edx
0x000c284c:  ee                       outb     %al, %dx

----------------
IN: 
0x000c284d:  2e 67 66 8b 7b 0e        movl     %cs:0xe(%ebx), %edi
0x000c2853:  2e 67 8b 43 12           movw     %cs:0x12(%ebx), %ax
0x000c2858:  66 b9 03 00 00 00        movl     $3, %ecx
0x000c285e:  66 31 d2                 xorl     %edx, %edx
0x000c2861:  f7 f1                    divw     %cx
0x000c2863:  66 0f b7 f0              movzwl   %ax, %esi
0x000c2867:  8c c8                    movw     %cs, %ax
0x000c2869:  66 0f b7 c0              movzwl   %ax, %eax
0x000c286d:  66 56                    pushl    %esi
0x000c286f:  66 31 c9                 xorl     %ecx, %ecx
0x000c2872:  66 89 fa                 movl     %edi, %edx
0x000c2875:  50                       pushw    %ax
0x000c2876:  e8 e3 fa                 callw    0xc235c

----------------
IN: 
0x000c235c:  66 55                    pushl    %ebp
0x000c235e:  66 89 e5                 movl     %esp, %ebp
0x000c2361:  66 57                    pushl    %edi
0x000c2363:  66 56                    pushl    %esi
0x000c2365:  66 53                    pushl    %ebx
0x000c2367:  66 53                    pushl    %ebx
0x000c2369:  66 89 c7                 movl     %eax, %edi
0x000c236c:  66 89 d3                 movl     %edx, %ebx
0x000c236f:  66 89 c8                 movl     %ecx, %eax
0x000c2372:  67 66 8b 4d 08           movl     8(%ebp), %ecx
0x000c2377:  66 01 c8                 addl     %ecx, %eax
0x000c237a:  67 88 45 f0              movb     %al, -0x10(%ebp)
0x000c237e:  66 85 c9                 testl    %ecx, %ecx
0x000c2381:  74 47                    je       0xc23ca

----------------
IN: 
0x000c2383:  8e c7                    movw     %di, %es
0x000c2385:  26 67 8a 03              movb     %es:(%ebx), %al
0x000c2389:  67 88 45 f3              movb     %al, -0xd(%ebp)
0x000c238d:  26 67 8a 43 01           movb     %es:1(%ebx), %al
0x000c2392:  67 88 45 f2              movb     %al, -0xe(%ebp)
0x000c2396:  26 67 8a 43 02           movb     %es:2(%ebx), %al
0x000c239b:  67 88 45 f1              movb     %al, -0xf(%ebp)
0x000c239f:  66 83 c3 03              addl     $3, %ebx
0x000c23a3:  67 8a 45 f0              movb     -0x10(%ebp), %al
0x000c23a7:  66 29 c8                 subl     %ecx, %eax
0x000c23aa:  66 ba c8 03 00 00        movl     $0x3c8, %edx
0x000c23b0:  ee                       outb     %al, %dx

----------------
IN: 
0x000c23b1:  66 ba c9 03 00 00        movl     $0x3c9, %edx
0x000c23b7:  67 8a 45 f3              movb     -0xd(%ebp), %al
0x000c23bb:  ee                       outb     %al, %dx

----------------
IN: 
0x000c23bc:  67 8a 45 f2              movb     -0xe(%ebp), %al
0x000c23c0:  ee                       outb     %al, %dx

----------------
IN: 
0x000c23c1:  67 8a 45 f1              movb     -0xf(%ebp), %al
0x000c23c5:  ee                       outb     %al, %dx

----------------
IN: 
0x000c23c6:  66 49                    decl     %ecx
0x000c23c8:  eb b4                    jmp      0xc237e

----------------
IN: 
0x000c237e:  66 85 c9                 testl    %ecx, %ecx
0x000c2381:  74 47                    je       0xc23ca

----------------
IN: 
0x000c23ca:  66 58                    popl     %eax
0x000c23cc:  66 5b                    popl     %ebx
0x000c23ce:  66 5e                    popl     %esi
0x000c23d0:  66 5f                    popl     %edi
0x000c23d2:  66 5d                    popl     %ebp
0x000c23d4:  c2 02 00                 retw     $2

----------------
IN: 
0x000c2879:  66 58                    popl     %eax
0x000c287b:  eb 21                    jmp      0xc289e

----------------
IN: 
0x000c289e:  66 81 fe ff 00 00 00     cmpl     $0xff, %esi
0x000c28a5:  7f 1a                    jg       0xc28c1

----------------
IN: 
0x000c28a7:  66 89 f0                 movl     %esi, %eax
0x000c28aa:  66 ba c8 03 00 00        movl     $0x3c8, %edx
0x000c28b0:  ee                       outb     %al, %dx

----------------
IN: 
0x000c28b1:  66 ba c9 03 00 00        movl     $0x3c9, %edx
0x000c28b7:  66 31 c0                 xorl     %eax, %eax
0x000c28ba:  ee                       outb     %al, %dx

----------------
IN: 
0x000c28bb:  ee                       outb     %al, %dx

----------------
IN: 
0x000c28bc:  ee                       outb     %al, %dx

----------------
IN: 
0x000c28bd:  66 46                    incl     %esi
0x000c28bf:  eb dd                    jmp      0xc289e

----------------
IN: 
0x000c28c1:  67 f6 45 f0 02           testb    $2, -0x10(%ebp)
0x000c28c6:  74 0d                    je       0xc28d5

----------------
IN: 
0x000c28d5:  2e 67 66 8b 7b 22        movl     %cs:0x22(%ebx), %edi
0x000c28db:  66 31 f6                 xorl     %esi, %esi
0x000c28de:  2e 67 8a 14 37           movb     %cs:(%edi, %esi), %dl
0x000c28e3:  66 0f b6 d2              movzbl   %dl, %edx
0x000c28e7:  66 89 f0                 movl     %esi, %eax
0x000c28ea:  50                       pushw    %ax
0x000c28eb:  e8 24 e1                 callw    0xc0a12

----------------
IN: 
0x000c0a12:  66 55                    pushl    %ebp
0x000c0a14:  66 89 e5                 movl     %esp, %ebp
0x000c0a17:  66 56                    pushl    %esi
0x000c0a19:  66 53                    pushl    %ebx
0x000c0a1b:  88 c3                    movb     %al, %bl
0x000c0a1d:  88 d1                    movb     %dl, %cl
0x000c0a1f:  66 ba da 03 00 00        movl     $0x3da, %edx
0x000c0a25:  ec                       inb      %dx, %al

----------------
IN: 
0x000c0a26:  66 ba c0 03 00 00        movl     $0x3c0, %edx
0x000c0a2c:  ec                       inb      %dx, %al

----------------
IN: 
0x000c0a2d:  66 89 c6                 movl     %eax, %esi
0x000c0a30:  88 d8                    movb     %bl, %al
0x000c0a32:  ee                       outb     %al, %dx

----------------
IN: 
0x000c0a33:  88 c8                    movb     %cl, %al
0x000c0a35:  ee                       outb     %al, %dx

----------------
IN: 
0x000c0a36:  66 89 f0                 movl     %esi, %eax
0x000c0a39:  ee                       outb     %al, %dx

----------------
IN: 
0x000c0a3a:  66 5b                    popl     %ebx
0x000c0a3c:  66 5e                    popl     %esi
0x000c0a3e:  66 5d                    popl     %ebp
0x000c0a40:  c2 02 00                 retw     $2

----------------
IN: 
0x000c28ee:  66 46                    incl     %esi
0x000c28f0:  66 83 fe 14              cmpl     $0x14, %esi
0x000c28f4:  75 e8                    jne      0xc28de

----------------
IN: 
0x000c28de:  2e 67 8a 14 37           movb     %cs:(%edi, %esi), %dl
0x000c28e3:  66 0f b6 d2              movzbl   %dl, %edx
0x000c28e7:  66 89 f0                 movl     %esi, %eax
0x000c28ea:  50                       pushw    %ax
0x000c28eb:  e8 24 e1                 callw    0xc0a12

----------------
IN: 
0x000c28f6:  66 31 d2                 xorl     %edx, %edx
0x000c28f9:  66 b8 14 00 00 00        movl     $0x14, %eax
0x000c28ff:  50                       pushw    %ax
0x000c2900:  e8 0f e1                 callw    0xc0a12

----------------
IN: 
0x000c2903:  66 b8 00 03 00 00        movl     $0x300, %eax
0x000c2909:  66 ba c4 03 00 00        movl     $0x3c4, %edx
0x000c290f:  ef                       outw     %ax, %dx

----------------
IN: 
0x000c2910:  2e 67 66 8b 73 16        movl     %cs:0x16(%ebx), %esi
0x000c2916:  66 b9 01 00 00 00        movl     $1, %ecx
0x000c291c:  2e 67 8a 44 0e ff        movb     %cs:-1(%esi, %ecx), %al
0x000c2922:  66 c1 e0 08              shll     $8, %eax
0x000c2926:  66 09 c8                 orl      %ecx, %eax
0x000c2929:  ef                       outw     %ax, %dx

----------------
IN: 
0x000c292a:  66 41                    incl     %ecx
0x000c292c:  66 83 f9 05              cmpl     $5, %ecx
0x000c2930:  75 ea                    jne      0xc291c

----------------
IN: 
0x000c291c:  2e 67 8a 44 0e ff        movb     %cs:-1(%esi, %ecx), %al
0x000c2922:  66 c1 e0 08              shll     $8, %eax
0x000c2926:  66 09 c8                 orl      %ecx, %eax
0x000c2929:  ef                       outw     %ax, %dx

----------------
IN: 
0x000c2932:  2e 67 66 8b 73 26        movl     %cs:0x26(%ebx), %esi
0x000c2938:  66 31 c9                 xorl     %ecx, %ecx
0x000c293b:  66 ba ce 03 00 00        movl     $0x3ce, %edx
0x000c2941:  2e 67 8a 04 0e           movb     %cs:(%esi, %ecx), %al
0x000c2946:  66 c1 e0 08              shll     $8, %eax
0x000c294a:  66 09 c8                 orl      %ecx, %eax
0x000c294d:  ef                       outw     %ax, %dx

----------------
IN: 
0x000c294e:  66 41                    incl     %ecx
0x000c2950:  66 83 f9 09              cmpl     $9, %ecx
0x000c2954:  75 eb                    jne      0xc2941

----------------
IN: 
0x000c2941:  2e 67 8a 04 0e           movb     %cs:(%esi, %ecx), %al
0x000c2946:  66 c1 e0 08              shll     $8, %eax
0x000c294a:  66 09 c8                 orl      %ecx, %eax
0x000c294d:  ef                       outw     %ax, %dx

----------------
IN: 
0x000c2956:  2e 67 8a 43 1a           movb     %cs:0x1a(%ebx), %al
0x000c295b:  66 89 c6                 movl     %eax, %esi
0x000c295e:  66 ba b4 03 00 00        movl     $0x3b4, %edx
0x000c2964:  a8 01                    testb    $1, %al
0x000c2966:  74 06                    je       0xc296e

----------------
IN: 
0x000c2968:  66 ba d4 03 00 00        movl     $0x3d4, %edx
0x000c296e:  66 b8 11 00 00 00        movl     $0x11, %eax
0x000c2974:  ef                       outw     %ax, %dx

----------------
IN: 
0x000c2975:  2e 67 66 8b 7b 1e        movl     %cs:0x1e(%ebx), %edi
0x000c297b:  66 31 c9                 xorl     %ecx, %ecx
0x000c297e:  2e 67 8a 04 0f           movb     %cs:(%edi, %ecx), %al
0x000c2983:  66 c1 e0 08              shll     $8, %eax
0x000c2987:  66 09 c8                 orl      %ecx, %eax
0x000c298a:  ef                       outw     %ax, %dx

----------------
IN: 
0x000c298b:  66 41                    incl     %ecx
0x000c298d:  66 83 f9 19              cmpl     $0x19, %ecx
0x000c2991:  75 eb                    jne      0xc297e

----------------
IN: 
0x000c297e:  2e 67 8a 04 0f           movb     %cs:(%edi, %ecx), %al
0x000c2983:  66 c1 e0 08              shll     $8, %eax
0x000c2987:  66 09 c8                 orl      %ecx, %eax
0x000c298a:  ef                       outw     %ax, %dx

----------------
IN: 
0x000c2993:  66 ba c2 03 00 00        movl     $0x3c2, %edx
0x000c2999:  66 89 f0                 movl     %esi, %eax
0x000c299c:  ee                       outb     %al, %dx

----------------
IN: 
0x000c299d:  66 ba da 03 00 00        movl     $0x3da, %edx
0x000c29a3:  ec                       inb      %dx, %al

----------------
IN: 
0x000c29a4:  b0 20                    movb     $0x20, %al
0x000c29a6:  66 ba c0 03 00 00        movl     $0x3c0, %edx
0x000c29ac:  ee                       outb     %al, %dx

----------------
IN: 
0x000c29ad:  67 66 8b 7d f0           movl     -0x10(%ebp), %edi
0x000c29b2:  66 81 e7 00 80 00 00     andl     $0x8000, %edi
0x000c29b9:  75 42                    jne      0xc29fd

----------------
IN: 
0x000c29bb:  2e 67 8a 03              movb     %cs:(%ebx), %al
0x000c29bf:  84 c0                    testb    %al, %al
0x000c29c1:  74 13                    je       0xc29d6

----------------
IN: 
0x000c29d6:  2e 67 8b 43 0a           movw     %cs:0xa(%ebx), %ax
0x000c29db:  8e c0                    movw     %ax, %es
0x000c29dd:  66 b9 00 40 00 00        movl     $0x4000, %ecx
0x000c29e3:  66 b8 20 07 00 00        movl     $0x720, %eax
0x000c29e9:  eb 10                    jmp      0xc29fb

----------------
IN: 
0x000c29fb:  f3 ab                    rep stosw %ax, %es:(%di)

----------------
IN: 
0x000c29fd:  2e 67 8a 03              movb     %cs:(%ebx), %al
0x000c2a01:  84 c0                    testb    %al, %al
0x000c2a03:  74 05                    je       0xc2a0a

----------------
IN: 
0x000c2a0a:  8c c8                    movw     %cs, %ax
0x000c2a0c:  66 0f b7 c0              movzwl   %ax, %eax
0x000c2a10:  66 6a 10                 pushl    $0x10
0x000c2a13:  66 6a 00                 pushl    $0
0x000c2a16:  66 6a 00                 pushl    $0
0x000c2a19:  66 b9 00 01 00 00        movl     $0x100, %ecx
0x000c2a1f:  66 ba 60 72 00 00        movl     $0x7260, %edx
0x000c2a25:  50                       pushw    %ax
0x000c2a26:  e8 4c dd                 callw    0xc0775

----------------
IN: 
0x000c0775:  66 55                    pushl    %ebp
0x000c0777:  66 89 e5                 movl     %esp, %ebp
0x000c077a:  66 57                    pushl    %edi
0x000c077c:  66 56                    pushl    %esi
0x000c077e:  66 53                    pushl    %ebx
0x000c0780:  66 83 ec 10              subl     $0x10, %esp
0x000c0784:  66 89 d3                 movl     %edx, %ebx
0x000c0787:  67 66 89 4d e4           movl     %ecx, -0x1c(%ebp)
0x000c078c:  67 66 8b 4d 0c           movl     0xc(%ebp), %ecx
0x000c0791:  67 89 45 f0              movw     %ax, -0x10(%ebp)
0x000c0795:  66 ba c4 03 00 00        movl     $0x3c4, %edx
0x000c079b:  66 b8 00 01 00 00        movl     $0x100, %eax
0x000c07a1:  ef                       outw     %ax, %dx

----------------
IN: 
0x000c07a2:  66 b8 02 04 00 00        movl     $0x402, %eax
0x000c07a8:  ef                       outw     %ax, %dx

----------------
IN: 
0x000c07a9:  66 b8 04 07 00 00        movl     $0x704, %eax
0x000c07af:  ef                       outw     %ax, %dx

----------------
IN: 
0x000c07b0:  66 b8 00 03 00 00        movl     $0x300, %eax
0x000c07b6:  ef                       outw     %ax, %dx

----------------
IN: 
0x000c07b7:  66 ba ce 03 00 00        movl     $0x3ce, %edx
0x000c07bd:  66 b8 04 02 00 00        movl     $0x204, %eax
0x000c07c3:  ef                       outw     %ax, %dx

----------------
IN: 
0x000c07c4:  66 b8 05 00 00 00        movl     $5, %eax
0x000c07ca:  ef                       outw     %ax, %dx

----------------
IN: 
0x000c07cb:  66 b8 06 04 00 00        movl     $0x406, %eax
0x000c07d1:  ef                       outw     %ax, %dx

----------------
IN: 
0x000c07d2:  67 66 0f b6 45 10        movzbl   0x10(%ebp), %eax
0x000c07d8:  67 66 89 45 ec           movl     %eax, -0x14(%ebp)
0x000c07dd:  66 89 c8                 movl     %ecx, %eax
0x000c07e0:  66 c1 e0 0b              shll     $0xb, %eax
0x000c07e4:  25 00 20                 andw     $0x2000, %ax
0x000c07e7:  66 c1 e1 0e              shll     $0xe, %ecx
0x000c07eb:  66 01 c1                 addl     %eax, %ecx
0x000c07ee:  66 0f b7 c9              movzwl   %cx, %ecx
0x000c07f2:  67 66 0f b7 45 08        movzwl   8(%ebp), %eax
0x000c07f8:  66 c1 e0 05              shll     $5, %eax
0x000c07fc:  66 01 c8                 addl     %ecx, %eax
0x000c07ff:  67 66 89 45 e8           movl     %eax, -0x18(%ebp)
0x000c0804:  67 c7 45 f2 00 00        movw     $0, -0xe(%ebp)
0x000c080a:  67 66 8b 7d e4           movl     -0x1c(%ebp), %edi
0x000c080f:  67 39 7d f2              cmpw     %di, -0xe(%ebp)
0x000c0813:  74 33                    je       0xc0848

----------------
IN: 
0x000c0815:  66 be 00 a0 ff ff        movl     $0xffffa000, %esi
0x000c081b:  8e c6                    movw     %si, %es
0x000c081d:  67 66 8b 4d ec           movl     -0x14(%ebp), %ecx
0x000c0822:  66 89 de                 movl     %ebx, %esi
0x000c0825:  67 66 8b 7d e8           movl     -0x18(%ebp), %edi
0x000c082a:  67 66 8b 45 f0           movl     -0x10(%ebp), %eax
0x000c082f:  8c da                    movw     %ds, %dx
0x000c0831:  8e d8                    movw     %ax, %ds
0x000c0833:  f3 a4                    rep movsb (%si), %es:(%di)

----------------
IN: 
0x000c0835:  8e da                    movw     %dx, %ds
0x000c0837:  67 ff 45 f2              incw     -0xe(%ebp)
0x000c083b:  67 66 03 5d ec           addl     -0x14(%ebp), %ebx
0x000c0840:  67 66 83 45 e8 20        addl     $0x20, -0x18(%ebp)
0x000c0846:  eb c2                    jmp      0xc080a

----------------
IN: 
0x000c080a:  67 66 8b 7d e4           movl     -0x1c(%ebp), %edi
0x000c080f:  67 39 7d f2              cmpw     %di, -0xe(%ebp)
0x000c0813:  74 33                    je       0xc0848

----------------
IN: 
0x000c0848:  66 ba c4 03 00 00        movl     $0x3c4, %edx
0x000c084e:  66 b8 00 01 00 00        movl     $0x100, %eax
0x000c0854:  ef                       outw     %ax, %dx

----------------
IN: 
0x000c0855:  66 b8 02 03 00 00        movl     $0x302, %eax
0x000c085b:  ef                       outw     %ax, %dx

----------------
IN: 
0x000c085c:  66 b8 04 03 00 00        movl     $0x304, %eax
0x000c0862:  ef                       outw     %ax, %dx

----------------
IN: 
0x000c0863:  66 b8 00 03 00 00        movl     $0x300, %eax
0x000c0869:  ef                       outw     %ax, %dx

----------------
IN: 
0x000c086a:  66 ba cc 03 00 00        movl     $0x3cc, %edx
0x000c0870:  ec                       inb      %dx, %al

----------------
IN: 
0x000c0871:  66 ba 0a 00 00 00        movl     $0xa, %edx
0x000c0877:  a8 01                    testb    $1, %al
0x000c0879:  74 06                    je       0xc0881

----------------
IN: 
0x000c087b:  66 ba 0e 00 00 00        movl     $0xe, %edx
0x000c0881:  66 89 d0                 movl     %edx, %eax
0x000c0884:  66 c1 e0 08              shll     $8, %eax
0x000c0888:  66 83 c8 06              orl      $6, %eax
0x000c088c:  66 ba ce 03 00 00        movl     $0x3ce, %edx
0x000c0892:  ef                       outw     %ax, %dx

----------------
IN: 
0x000c0893:  66 b8 04 00 00 00        movl     $4, %eax
0x000c0899:  ef                       outw     %ax, %dx

----------------
IN: 
0x000c089a:  66 b8 05 10 00 00        movl     $0x1005, %eax
0x000c08a0:  ef                       outw     %ax, %dx

----------------
IN: 
0x000c08a1:  66 83 c4 10              addl     $0x10, %esp
0x000c08a5:  66 5b                    popl     %ebx
0x000c08a7:  66 5e                    popl     %esi
0x000c08a9:  66 5f                    popl     %edi
0x000c08ab:  66 5d                    popl     %ebp
0x000c08ad:  c2 02 00                 retw     $2

----------------
IN: 
0x000c2a29:  66 83 c4 0c              addl     $0xc, %esp
0x000c2a2d:  eb d6                    jmp      0xc2a05

----------------
IN: 
0x000c2a05:  66 31 c0                 xorl     %eax, %eax
0x000c2a08:  eb 25                    jmp      0xc2a2f

----------------
IN: 
0x000c2a2f:  8d 66 f4                 leaw     -0xc(%bp), %sp
0x000c2a32:  66 5b                    popl     %ebx
0x000c2a34:  66 5e                    popl     %esi
0x000c2a36:  66 5f                    popl     %edi
0x000c2a38:  66 5d                    popl     %ebp
0x000c2a3a:  c2 02 00                 retw     $2

----------------
IN: 
0x000c3161:  66 85 c0                 testl    %eax, %eax
0x000c3164:  75 e8                    jne      0xc314e

----------------
IN: 
0x000c3166:  e9 15 02                 jmp      0xc337e

----------------
IN: 
0x000c337e:  2e 67 8b 7b 02           movw     %cs:2(%ebx), %di
0x000c3383:  66 0f b7 c7              movzwl   %di, %eax
0x000c3387:  67 66 89 45 e0           movl     %eax, -0x20(%ebp)
0x000c338c:  2e 67 8b 73 04           movw     %cs:4(%ebx), %si
0x000c3391:  66 0f b7 c6              movzwl   %si, %eax
0x000c3395:  67 66 89 45 e4           movl     %eax, -0x1c(%ebp)
0x000c339a:  2e 67 8a 03              movb     %cs:(%ebx), %al
0x000c339e:  67 88 45 ee              movb     %al, -0x12(%ebp)
0x000c33a2:  2e 67 8a 43 08           movb     %cs:8(%ebx), %al
0x000c33a7:  67 88 45 ef              movb     %al, -0x11(%ebp)
0x000c33ab:  66 b8 40 00 00 00        movl     $0x40, %eax
0x000c33b1:  67 66 81 7d e8 ff 00 00  cmpl     $0xff, -0x18(%ebp)
0x000c33b9:  00
0x000c33ba:  7f 08                    jg       0xc33c4

----------------
IN: 
0x000c33bc:  8e c0                    movw     %ax, %es
0x000c33be:  67 8a 45 e8              movb     -0x18(%ebp), %al
0x000c33c2:  eb 04                    jmp      0xc33c8

----------------
IN: 
0x000c33c8:  26 a2 49 00              movb     %al, %es:0x49
0x000c33cc:  66 b9 40 00 00 00        movl     $0x40, %ecx
0x000c33d2:  8e c1                    movw     %cx, %es
0x000c33d4:  67 66 8b 45 f0           movl     -0x10(%ebp), %eax
0x000c33d9:  25 00 fe                 andw     $0xfe00, %ax
0x000c33dc:  67 66 0b 45 e8           orl      -0x18(%ebp), %eax
0x000c33e1:  26 a3 ba 00              movw     %ax, %es:0xba
0x000c33e5:  8e c1                    movw     %cx, %es
0x000c33e7:  26 89 1e bc 00           movw     %bx, %es:0xbc
0x000c33ec:  8e c1                    movw     %cx, %es
0x000c33ee:  26 8a 16 b9 00           movb     %es:0xb9, %dl
0x000c33f3:  67 8a 45 f0              movb     -0x10(%ebp), %al
0x000c33f7:  66 c1 e0 06              shll     $6, %eax
0x000c33fb:  66 83 e0 40              andl     $0x40, %eax
0x000c33ff:  66 83 e2 bf              andl     $0xffffffbf, %edx
0x000c3403:  66 09 d0                 orl      %edx, %eax
0x000c3406:  26 a2 b9 00              movb     %al, %es:0xb9
0x000c340a:  67 80 7d ee 00           cmpb     $0, -0x12(%ebp)
0x000c340f:  75 20                    jne      0xc3431

----------------
IN: 
0x000c3411:  8e c1                    movw     %cx, %es
0x000c3413:  26 89 3e 4a 00           movw     %di, %es:0x4a
0x000c3418:  8e c1                    movw     %cx, %es
0x000c341a:  66 89 f0                 movl     %esi, %eax
0x000c341d:  9c                       pushfw   
0x000c341e:  66 83 c0 ff              addl     $-1, %eax
0x000c3422:  9d                       popfw    

----------------
IN: 
0x000c3423:  26 a2 84 00              movb     %al, %es:0x84
0x000c3427:  8e c1                    movw     %cx, %es
0x000c3429:  66 b8 07 06 00 00        movl     $0x607, %eax
0x000c342f:  eb 36                    jmp      0xc3467

----------------
IN: 
0x000c3467:  26 a3 60 00              movw     %ax, %es:0x60
0x000c346b:  67 66 0f b6 45 ee        movzbl   -0x12(%ebp), %eax
0x000c3471:  67 66 8b 4d e4           movl     -0x1c(%ebp), %ecx
0x000c3476:  67 66 8b 55 e0           movl     -0x20(%ebp), %edx
0x000c347b:  50                       pushw    %ax
0x000c347c:  e8 b0 cb                 callw    0xc002f

----------------
IN: 
0x000c347f:  66 b9 40 00 00 00        movl     $0x40, %ecx
0x000c3485:  8e c1                    movw     %cx, %es
0x000c3487:  26 a3 4c 00              movw     %ax, %es:0x4c
0x000c348b:  50                       pushw    %ax
0x000c348c:  e8 21 d4                 callw    0xc08b0

----------------
IN: 
0x000c08b0:  66 ba cc 03 00 00        movl     $0x3cc, %edx
0x000c08b6:  ec                       inb      %dx, %al

----------------
IN: 
0x000c08b7:  66 ba d4 03 00 00        movl     $0x3d4, %edx
0x000c08bd:  a8 01                    testb    $1, %al
0x000c08bf:  75 06                    jne      0xc08c7

----------------
IN: 
0x000c08c7:  66 89 d0                 movl     %edx, %eax
0x000c08ca:  c2 02 00                 retw     $2

----------------
IN: 
0x000c348f:  8e c1                    movw     %cx, %es
0x000c3491:  26 a3 63 00              movw     %ax, %es:0x63
0x000c3495:  8e c1                    movw     %cx, %es
0x000c3497:  67 66 0f b6 45 ef        movzbl   -0x11(%ebp), %eax
0x000c349d:  26 a3 85 00              movw     %ax, %es:0x85
0x000c34a1:  8e c1                    movw     %cx, %es
0x000c34a3:  67 66 8b 45 f0           movl     -0x10(%ebp), %eax
0x000c34a8:  66 c1 f8 08              sarl     $8, %eax
0x000c34ac:  66 83 e0 80              andl     $0xffffff80, %eax
0x000c34b0:  66 83 c8 60              orl      $0x60, %eax
0x000c34b4:  26 a2 87 00              movb     %al, %es:0x87
0x000c34b8:  8e c1                    movw     %cx, %es
0x000c34ba:  b0 f9                    movb     $0xf9, %al
0x000c34bc:  26 a2 88 00              movb     %al, %es:0x88
0x000c34c0:  8e c1                    movw     %cx, %es
0x000c34c2:  26 a0 89 00              movb     %es:0x89, %al
0x000c34c6:  66 83 e0 7f              andl     $0x7f, %eax
0x000c34ca:  26 a2 89 00              movb     %al, %es:0x89
0x000c34ce:  66 31 d2                 xorl     %edx, %edx
0x000c34d1:  66 31 c0                 xorl     %eax, %eax
0x000c34d4:  8e c1                    movw     %cx, %es
0x000c34d6:  26 67 89 44 12 50        movw     %ax, %es:0x50(%edx, %edx)
0x000c34dc:  66 42                    incl     %edx
0x000c34de:  66 83 fa 08              cmpl     $8, %edx
0x000c34e2:  75 f0                    jne      0xc34d4

----------------
IN: 
0x000c34d4:  8e c1                    movw     %cx, %es
0x000c34d6:  26 67 89 44 12 50        movw     %ax, %es:0x50(%edx, %edx)
0x000c34dc:  66 42                    incl     %edx
0x000c34de:  66 83 fa 08              cmpl     $8, %edx
0x000c34e2:  75 f0                    jne      0xc34d4

----------------
IN: 
0x000c34e4:  8e c1                    movw     %cx, %es
0x000c34e6:  26 a3 4e 00              movw     %ax, %es:0x4e
0x000c34ea:  8e c1                    movw     %cx, %es
0x000c34ec:  66 31 d2                 xorl     %edx, %edx
0x000c34ef:  26 88 16 62 00           movb     %dl, %es:0x62
0x000c34f4:  8c c9                    movw     %cs, %cx
0x000c34f6:  66 c1 e1 10              shll     $0x10, %ecx
0x000c34fa:  66 ba 60 94 00 00        movl     $0x9460, %edx
0x000c3500:  66 0f b7 d2              movzwl   %dx, %edx
0x000c3504:  66 09 ca                 orl      %ecx, %edx
0x000c3507:  8e c0                    movw     %ax, %es
0x000c3509:  26 66 89 16 7c 00        movl     %edx, %es:0x7c
0x000c350f:  67 80 7d ef 0e           cmpb     $0xe, -0x11(%ebp)
0x000c3514:  74 21                    je       0xc3537

----------------
IN: 
0x000c3516:  67 80 7d ef 10           cmpb     $0x10, -0x11(%ebp)
0x000c351b:  74 28                    je       0xc3545

----------------
IN: 
0x000c3545:  8c c9                    movw     %cs, %cx
0x000c3547:  66 c1 e1 10              shll     $0x10, %ecx
0x000c354b:  66 ba 60 72 00 00        movl     $0x7260, %edx
0x000c3551:  66 0f b7 d2              movzwl   %dx, %edx
0x000c3555:  66 09 ca                 orl      %ecx, %edx
0x000c3558:  8e c0                    movw     %ax, %es
0x000c355a:  26 66 89 16 0c 01        movl     %edx, %es:0x10c
0x000c3560:  eb c2                    jmp      0xc3524

----------------
IN: 
0x000c3524:  66 31 c0                 xorl     %eax, %eax
0x000c3527:  eb 3f                    jmp      0xc3568

----------------
IN: 
0x000c3568:  8d 66 f4                 leaw     -0xc(%bp), %sp
0x000c356b:  66 5b                    popl     %ebx
0x000c356d:  66 5e                    popl     %esi
0x000c356f:  66 5f                    popl     %edi
0x000c3571:  66 5d                    popl     %ebp
0x000c3573:  c2 02 00                 retw     $2

----------------
IN: 
0x000c561f:  66 89 dc                 movl     %ebx, %esp
0x000c5622:  1f                       popw     %ds
0x000c5623:  07                       popw     %es
0x000c5624:  66 5f                    popl     %edi
0x000c5626:  66 5e                    popl     %esi
0x000c5628:  66 5d                    popl     %ebp
0x000c562a:  66 5b                    popl     %ebx
0x000c562c:  66 5a                    popl     %edx
0x000c562e:  66 59                    popl     %ecx
0x000c5630:  66 58                    popl     %eax
0x000c5632:  cf                       iretw    

----------------
IN: 
0x000fd061:  cb                       lretw    

----------------
IN: 
0x0efee4de:  e9 7e e6 0f f1           jmp      0xecb61

----------------
IN: 
0x0eff26c4:  68 c0 4a 0f 00           pushl    $0xf4ac0
0x0eff26c9:  68 53 0f 0f 00           pushl    $0xf0f53
0x0eff26ce:  e8 06 c8 0f f1           calll    0xeeed9

----------------
IN: 
0x000eeed9:  8d 4c 24 08              leal     8(%esp), %ecx
0x000eeedd:  8b 54 24 04              movl     4(%esp), %edx
0x000eeee1:  b8 44 4a 0f 00           movl     $0xf4a44, %eax
0x000eeee6:  e8 ef d7 ff ff           calll    0xec6da

----------------
IN: 
0x000eceef:  53                       pushl    %ebx
0x000ecef0:  89 d3                    movl     %edx, %ebx
0x000ecef2:  83 3d e8 4d 0f 00 00     cmpl     $0, 0xf4de8
0x000ecef9:  74 0f                    je       0xecf0a

----------------
IN: 
0x000ecefb:  88 d0                    movb     %dl, %al
0x000ecefd:  66 8b 15 d4 60 0f 00     movw     0xf60d4, %dx
0x000ecf04:  66 85 d2                 testw    %dx, %dx
0x000ecf07:  74 01                    je       0xecf0a

----------------
IN: 
0x000ecf0a:  80 fb 0a                 cmpb     $0xa, %bl
0x000ecf0d:  75 0a                    jne      0xecf19

----------------
IN: 
0x000ecf19:  0f be c3                 movsbl   %bl, %eax
0x000ecf1c:  5b                       popl     %ebx
0x000ecf1d:  e9 79 ff ff ff           jmp      0xece9b

----------------
IN: 
0x000ece9b:  ba 65 f0 0f 00           movl     $0xff065, %edx
0x000ecea0:  0f b7 d2                 movzwl   %dx, %edx
0x000ecea3:  81 ca 00 00 00 f0        orl      $0xf0000000, %edx
0x000ecea9:  39 15 40 00 00 00        cmpl     %edx, 0x40
0x000eceaf:  74 3d                    je       0xeceee

----------------
IN: 
0x000eceb1:  53                       pushl    %ebx
0x000eceb2:  83 ec 28                 subl     $0x28, %esp
0x000eceb5:  89 c3                    movl     %eax, %ebx
0x000eceb7:  b9 26 00 00 00           movl     $0x26, %ecx
0x000ecebc:  31 d2                    xorl     %edx, %edx
0x000ecebe:  8d 44 24 02              leal     2(%esp), %eax
0x000ecec2:  e8 5f e8 ff ff           calll    0xeb726

----------------
IN: 
0x000ecec7:  66 c7 44 24 26 00 02     movw     $0x200, 0x26(%esp)
0x000ecece:  c6 44 24 1f 0e           movb     $0xe, 0x1f(%esp)
0x000eced3:  88 5c 24 1e              movb     %bl, 0x1e(%esp)
0x000eced7:  c6 44 24 12 07           movb     $7, 0x12(%esp)
0x000ecedc:  ba 5f d0 0f 00           movl     $0xfd05f, %edx
0x000ecee1:  0f b7 d2                 movzwl   %dx, %edx
0x000ecee4:  e8 90 ff ff ff           calll    0xece79

----------------
IN: 
0x000c5646:  2e 8e 1e 78 98           movw     %cs:0x9878, %ds
0x000c564b:  66 b8 d0 01 00 00        movl     $0x1d0, %eax
0x000c5651:  67 66 8f 40 1c           popl     0x1c(%eax)
0x000c5656:  67 8f 00                 popw     (%eax)
0x000c5659:  67 66 89 78 04           movl     %edi, 4(%eax)
0x000c565e:  67 66 89 70 08           movl     %esi, 8(%eax)
0x000c5663:  67 66 89 68 0c           movl     %ebp, 0xc(%eax)
0x000c5668:  67 66 89 58 10           movl     %ebx, 0x10(%eax)
0x000c566d:  67 66 89 50 14           movl     %edx, 0x14(%eax)
0x000c5672:  67 66 89 48 18           movl     %ecx, 0x18(%eax)
0x000c5677:  67 8c 40 02              movw     %es, 2(%eax)
0x000c567b:  67 66 89 60 28           movl     %esp, 0x28(%eax)
0x000c5680:  67 8c 50 2c              movw     %ss, 0x2c(%eax)
0x000c5684:  67 66 8f 40 20           popl     0x20(%eax)
0x000c5689:  67 8f 40 24              popw     0x24(%eax)
0x000c568d:  8c da                    movw     %ds, %dx
0x000c568f:  8e d2                    movw     %dx, %ss

----------------
IN: 
0x000c5691:  66 89 c4                 movl     %eax, %esp

----------------
IN: 
0x000c5694:  50                       pushw    %ax
0x000c5695:  e8 e5 f1                 callw    0xc487d

----------------
IN: 
0x000c491a:  3c 12                    cmpb     $0x12, %al
0x000c491c:  0f 84 ee 08              je       0xc520e

----------------
IN: 
0x000c4920:  77 32                    ja       0xc4954

----------------
IN: 
0x000c4922:  3c 0f                    cmpb     $0xf, %al
0x000c4924:  0f 84 db 02              je       0xc4c03

----------------
IN: 
0x000c4928:  77 1d                    ja       0xc4947

----------------
IN: 
0x000c492a:  3c 0d                    cmpb     $0xd, %al
0x000c492c:  0f 85 bd 02              jne      0xc4bed

----------------
IN: 
0x000c4bed:  67 8a 53 1c              movb     0x1c(%ebx), %dl
0x000c4bf1:  67 8a 43 10              movb     0x10(%ebx), %al
0x000c4bf5:  8d 66 f4                 leaw     -0xc(%bp), %sp
0x000c4bf8:  66 5b                    popl     %ebx
0x000c4bfa:  66 5e                    popl     %esi
0x000c4bfc:  66 5f                    popl     %edi
0x000c4bfe:  66 5d                    popl     %ebp
0x000c4c00:  e9 18 d6                 jmp      0xc221b

----------------
IN: 
0x000c221b:  66 55                    pushl    %ebp
0x000c221d:  66 89 e5                 movl     %esp, %ebp
0x000c2220:  66 53                    pushl    %ebx
0x000c2222:  66 51                    pushl    %ecx
0x000c2224:  88 c1                    movb     %al, %cl
0x000c2226:  88 d3                    movb     %dl, %bl
0x000c2228:  66 b8 40 00 00 00        movl     $0x40, %eax
0x000c222e:  8e c0                    movw     %ax, %es
0x000c2230:  26 a0 62 00              movb     %es:0x62, %al
0x000c2234:  66 0f b6 c0              movzbl   %al, %eax
0x000c2238:  50                       pushw    %ax
0x000c2239:  e8 3d e9                 callw    0xc0b79

----------------
IN: 
0x000c0b79:  3c 07                    cmpb     $7, %al
0x000c0b7b:  76 06                    jbe      0xc0b83

----------------
IN: 
0x000c0b83:  66 ba 40 00 00 00        movl     $0x40, %edx
0x000c0b89:  8e c2                    movw     %dx, %es
0x000c0b8b:  66 0f b6 c0              movzbl   %al, %eax
0x000c0b8f:  26 67 8b 54 00 50        movw     %es:0x50(%eax, %eax), %dx
0x000c0b95:  66 c1 e0 10              shll     $0x10, %eax
0x000c0b99:  66 0f b7 d2              movzwl   %dx, %edx
0x000c0b9d:  66 09 d0                 orl      %edx, %eax
0x000c0ba0:  c2 02 00                 retw     $2

----------------
IN: 
0x000c223c:  67 66 89 45 f8           movl     %eax, -8(%ebp)
0x000c2241:  66 89 e8                 movl     %ebp, %eax
0x000c2244:  9c                       pushfw   
0x000c2245:  66 83 c0 f8              addl     $-8, %eax
0x000c2249:  9d                       popfw    

----------------
IN: 
0x000c224a:  66 6a 00                 pushl    $0
0x000c224d:  88 da                    movb     %bl, %dl
0x000c224f:  50                       pushw    %ax
0x000c2250:  e8 0e ff                 callw    0xc2161

----------------
IN: 
0x000c2161:  66 55                    pushl    %ebp
0x000c2163:  66 89 e5                 movl     %esp, %ebp
0x000c2166:  66 57                    pushl    %edi
0x000c2168:  66 56                    pushl    %esi
0x000c216a:  66 53                    pushl    %ebx
0x000c216c:  66 89 c3                 movl     %eax, %ebx
0x000c216f:  80 fa 0a                 cmpb     $0xa, %dl
0x000c2172:  74 27                    je       0xc219b

----------------
IN: 
0x000c2174:  77 0c                    ja       0xc2182

----------------
IN: 
0x000c2182:  80 fa 0d                 cmpb     $0xd, %dl
0x000c2185:  75 1a                    jne      0xc21a1

----------------
IN: 
0x000c21a1:  67 8a 45 08              movb     8(%ebp), %al
0x000c21a5:  66 50                    pushl    %eax
0x000c21a7:  66 89 d8                 movl     %ebx, %eax
0x000c21aa:  50                       pushw    %ax
0x000c21ab:  e8 a3 f8                 callw    0xc1a51

----------------
IN: 
0x000c1a51:  66 55                    pushl    %ebp
0x000c1a53:  66 89 e5                 movl     %esp, %ebp
0x000c1a56:  66 57                    pushl    %edi
0x000c1a58:  66 56                    pushl    %esi
0x000c1a5a:  66 53                    pushl    %ebx
0x000c1a5c:  66 53                    pushl    %ebx
0x000c1a5e:  66 89 c3                 movl     %eax, %ebx
0x000c1a61:  66 89 d7                 movl     %edx, %edi
0x000c1a64:  67 88 4d f0              movb     %cl, -0x10(%ebp)
0x000c1a68:  67 8a 00                 movb     (%eax), %al
0x000c1a6b:  67 88 45 f3              movb     %al, -0xd(%ebp)
0x000c1a6f:  67 8a 53 01              movb     1(%ebx), %dl
0x000c1a73:  67 8a 4b 02              movb     2(%ebx), %cl
0x000c1a77:  66 b8 40 00 00 00        movl     $0x40, %eax
0x000c1a7d:  8e c0                    movw     %ax, %es
0x000c1a7f:  26 8b 36 bc 00           movw     %es:0xbc, %si
0x000c1a84:  85 f6                    testw    %si, %si
0x000c1a86:  74 62                    je       0xc1aea

----------------
IN: 
0x000c1a88:  66 0f b7 f6              movzwl   %si, %esi
0x000c1a8c:  2e 67 8a 06              movb     %cs:(%esi), %al
0x000c1a90:  84 c0                    testb    %al, %al
0x000c1a92:  74 1b                    je       0xc1aaf

----------------
IN: 
0x000c1aaf:  67 8a 45 f3              movb     -0xd(%ebp), %al
0x000c1ab3:  50                       pushw    %ax
0x000c1ab4:  e8 ac f4                 callw    0xc0f63

----------------
IN: 
0x000c0f63:  66 55                    pushl    %ebp
0x000c0f65:  66 89 e5                 movl     %esp, %ebp
0x000c0f68:  66 57                    pushl    %edi
0x000c0f6a:  66 56                    pushl    %esi
0x000c0f6c:  66 53                    pushl    %ebx
0x000c0f6e:  66 0f b6 da              movzbl   %dl, %ebx
0x000c0f72:  66 ba 40 00 00 00        movl     $0x40, %edx
0x000c0f78:  8e c2                    movw     %dx, %es
0x000c0f7a:  26 8b 16 4a 00           movw     %es:0x4a, %dx
0x000c0f7f:  66 0f b6 f1              movzbl   %cl, %esi
0x000c0f83:  26 8b 0e 4c 00           movw     %es:0x4c, %cx
0x000c0f88:  66 0f b7 c9              movzwl   %cx, %ecx
0x000c0f8c:  66 0f af ce              imull    %esi, %ecx
0x000c0f90:  66 0f b6 c0              movzbl   %al, %eax
0x000c0f94:  66 01 c0                 addl     %eax, %eax
0x000c0f97:  66 01 c1                 addl     %eax, %ecx
0x000c0f9a:  66 0f b7 d2              movzwl   %dx, %edx
0x000c0f9e:  66 0f af d3              imull    %ebx, %edx
0x000c0fa2:  66 01 d2                 addl     %edx, %edx
0x000c0fa5:  66 89 d0                 movl     %edx, %eax
0x000c0fa8:  9c                       pushfw   
0x000c0fa9:  66 01 c8                 addl     %ecx, %eax
0x000c0fac:  9d                       popfw    

----------------
IN: 
0x000c0fad:  66 5b                    popl     %ebx
0x000c0faf:  66 5e                    popl     %esi
0x000c0fb1:  66 5f                    popl     %edi
0x000c0fb3:  66 5d                    popl     %ebp
0x000c0fb5:  c2 02 00                 retw     $2

----------------
IN: 
0x000c1ab7:  66 89 c2                 movl     %eax, %edx
0x000c1aba:  2e 67 8b 46 0a           movw     %cs:0xa(%esi), %ax
0x000c1abf:  67 80 7d 08 00           cmpb     $0, 8(%ebp)
0x000c1ac4:  74 1b                    je       0xc1ae1

----------------
IN: 
0x000c1ae1:  8e c0                    movw     %ax, %es
0x000c1ae3:  66 89 f8                 movl     %edi, %eax
0x000c1ae6:  26 67 88 02              movb     %al, %es:(%edx)
0x000c1aea:  67 8a 03                 movb     (%ebx), %al
0x000c1aed:  66 40                    incl     %eax
0x000c1aef:  67 88 03                 movb     %al, (%ebx)
0x000c1af2:  66 ba 40 00 00 00        movl     $0x40, %edx
0x000c1af8:  8e c2                    movw     %dx, %es
0x000c1afa:  26 8b 16 4a 00           movw     %es:0x4a, %dx
0x000c1aff:  66 0f b6 c0              movzbl   %al, %eax
0x000c1b03:  39 d0                    cmpw     %dx, %ax
0x000c1b05:  75 08                    jne      0xc1b0f

----------------
IN: 
0x000c1ae6:  26 67 88 02              movb     %al, %es:(%edx)

----------------
IN: 
0x000c1aea:  67 8a 03                 movb     (%ebx), %al
0x000c1aed:  66 40                    incl     %eax
0x000c1aef:  67 88 03                 movb     %al, (%ebx)
0x000c1af2:  66 ba 40 00 00 00        movl     $0x40, %edx
0x000c1af8:  8e c2                    movw     %dx, %es
0x000c1afa:  26 8b 16 4a 00           movw     %es:0x4a, %dx
0x000c1aff:  66 0f b6 c0              movzbl   %al, %eax
0x000c1b03:  39 d0                    cmpw     %dx, %ax
0x000c1b05:  75 08                    jne      0xc1b0f

----------------
IN: 
0x000c1b0f:  8d 66 f4                 leaw     -0xc(%bp), %sp
0x000c1b12:  66 5b                    popl     %ebx
0x000c1b14:  66 5e                    popl     %esi
0x000c1b16:  66 5f                    popl     %edi
0x000c1b18:  66 5d                    popl     %ebp
0x000c1b1a:  c2 02 00                 retw     $2

----------------
IN: 
0x000c21ae:  66 58                    popl     %eax
0x000c21b0:  66 ba 40 00 00 00        movl     $0x40, %edx
0x000c21b6:  8e c2                    movw     %dx, %es
0x000c21b8:  26 a0 84 00              movb     %es:0x84, %al
0x000c21bc:  66 89 c6                 movl     %eax, %esi
0x000c21bf:  67 8a 43 01              movb     1(%ebx), %al
0x000c21c3:  66 89 f1                 movl     %esi, %ecx
0x000c21c6:  38 c1                    cmpb     %al, %cl
0x000c21c8:  73 43                    jae      0xc220d

----------------
IN: 
0x000c220d:  8d 66 f4                 leaw     -0xc(%bp), %sp
0x000c2210:  66 5b                    popl     %ebx
0x000c2212:  66 5e                    popl     %esi
0x000c2214:  66 5f                    popl     %edi
0x000c2216:  66 5d                    popl     %ebp
0x000c2218:  c2 02 00                 retw     $2

----------------
IN: 
0x000c2253:  66 5b                    popl     %ebx
0x000c2255:  67 8a 4d fa              movb     -6(%ebp), %cl
0x000c2259:  67 8a 55 f9              movb     -7(%ebp), %dl
0x000c225d:  67 8a 45 f8              movb     -8(%ebp), %al
0x000c2261:  50                       pushw    %ax
0x000c2262:  e8 53 ed                 callw    0xc0fb8

----------------
IN: 
0x000c0fb8:  80 f9 07                 cmpb     $7, %cl
0x000c0fbb:  77 7e                    ja       0xc103b

----------------
IN: 
0x000c0fbd:  66 55                    pushl    %ebp
0x000c0fbf:  66 89 e5                 movl     %esp, %ebp
0x000c0fc2:  66 57                    pushl    %edi
0x000c0fc4:  66 56                    pushl    %esi
0x000c0fc6:  66 53                    pushl    %ebx
0x000c0fc8:  66 0f b6 d9              movzbl   %cl, %ebx
0x000c0fcc:  66 89 d6                 movl     %edx, %esi
0x000c0fcf:  66 89 c7                 movl     %eax, %edi
0x000c0fd2:  66 b8 40 00 00 00        movl     $0x40, %eax
0x000c0fd8:  8e c0                    movw     %ax, %es
0x000c0fda:  26 a0 62 00              movb     %es:0x62, %al
0x000c0fde:  38 d8                    cmpb     %bl, %al
0x000c0fe0:  75 32                    jne      0xc1014

----------------
IN: 
0x000c0fe2:  88 d9                    movb     %bl, %cl
0x000c0fe4:  66 89 f8                 movl     %edi, %eax
0x000c0fe7:  50                       pushw    %ax
0x000c0fe8:  e8 78 ff                 callw    0xc0f63

----------------
IN: 
0x000c0feb:  66 89 c1                 movl     %eax, %ecx
0x000c0fee:  50                       pushw    %ax
0x000c0fef:  e8 be f8                 callw    0xc08b0

----------------
IN: 
0x000c0ff2:  66 89 c2                 movl     %eax, %edx
0x000c0ff5:  66 89 c8                 movl     %ecx, %eax
0x000c0ff8:  66 c1 f8 09              sarl     $9, %eax
0x000c0ffc:  66 c1 e0 08              shll     $8, %eax

----------------
IN: 
0x000c1000:  66 83 c8 0e              orl      $0xe, %eax
0x000c1004:  ef                       outw     %ax, %dx

----------------
IN: 
0x000c1005:  66 89 c8                 movl     %ecx, %eax
0x000c1008:  66 d1 f8                 sarl     $1, %eax
0x000c100b:  66 c1 e0 08              shll     $8, %eax
0x000c100f:  66 83 c8 0f              orl      $0xf, %eax
0x000c1013:  ef                       outw     %ax, %dx

----------------
IN: 
0x000c1014:  66 b8 40 00 00 00        movl     $0x40, %eax
0x000c101a:  8e c0                    movw     %ax, %es
0x000c101c:  66 c1 e6 08              shll     $8, %esi
0x000c1020:  66 89 f8                 movl     %edi, %eax
0x000c1023:  66 0f b6 f8              movzbl   %al, %edi
0x000c1027:  66 09 fe                 orl      %edi, %esi
0x000c102a:  26 67 89 74 1b 50        movw     %si, %es:0x50(%ebx, %ebx)
0x000c1030:  66 5b                    popl     %ebx
0x000c1032:  66 5e                    popl     %esi
0x000c1034:  66 5f                    popl     %edi
0x000c1036:  66 5d                    popl     %ebp
0x000c1038:  c2 02 00                 retw     $2

----------------
IN: 
0x000c2265:  67 66 8b 5d fc           movl     -4(%ebp), %ebx
0x000c226a:  66 89 ec                 movl     %ebp, %esp
0x000c226d:  66 5d                    popl     %ebp
0x000c226f:  c2 02 00                 retw     $2

----------------
IN: 
0x000c5698:  66 89 e0                 movl     %esp, %eax
0x000c569b:  67 8e 50 2c              movw     0x2c(%eax), %ss

----------------
IN: 
0x000c569f:  67 66 8b 60 28           movl     0x28(%eax), %esp

----------------
IN: 
0x000c56a4:  66 5a                    popl     %edx
0x000c56a6:  5a                       popw     %dx
0x000c56a7:  67 ff 70 24              pushw    0x24(%eax)
0x000c56ab:  67 66 ff 70 20           pushl    0x20(%eax)
0x000c56b0:  67 66 8b 78 04           movl     4(%eax), %edi
0x000c56b5:  67 66 8b 70 08           movl     8(%eax), %esi
0x000c56ba:  67 66 8b 68 0c           movl     0xc(%eax), %ebp
0x000c56bf:  67 66 8b 58 10           movl     0x10(%eax), %ebx
0x000c56c4:  67 66 8b 50 14           movl     0x14(%eax), %edx
0x000c56c9:  67 66 8b 48 18           movl     0x18(%eax), %ecx
0x000c56ce:  67 8e 40 02              movw     2(%eax), %es
0x000c56d2:  67 66 ff 70 1c           pushl    0x1c(%eax)
0x000c56d7:  67 8e 18                 movw     (%eax), %ds
0x000c56da:  66 58                    popl     %eax
0x000c56dc:  cf                       iretw    

----------------
IN: 
0x000ecee9:  83 c4 28                 addl     $0x28, %esp
0x000eceec:  5b                       popl     %ebx
0x000eceed:  c3                       retl     

----------------
IN: 
0x000ecf0f:  b8 0d 00 00 00           movl     $0xd, %eax
0x000ecf14:  e8 82 ff ff ff           calll    0xece9b

----------------
IN: 
0x000c2187:  67 c6 00 00              movb     $0, (%eax)
0x000c218b:  eb 23                    jmp      0xc21b0

----------------
IN: 
0x000c21b0:  66 ba 40 00 00 00        movl     $0x40, %edx
0x000c21b6:  8e c2                    movw     %dx, %es
0x000c21b8:  26 a0 84 00              movb     %es:0x84, %al
0x000c21bc:  66 89 c6                 movl     %eax, %esi
0x000c21bf:  67 8a 43 01              movb     1(%ebx), %al
0x000c21c3:  66 89 f1                 movl     %esi, %ecx
0x000c21c6:  38 c1                    cmpb     %al, %cl
0x000c21c8:  73 43                    jae      0xc220d

----------------
IN: 
0x000c219b:  67 fe 40 01              incb     1(%eax)
0x000c219f:  eb 0f                    jmp      0xc21b0

----------------
IN: 
0x000eeeeb:  c3                       retl     

----------------
IN: 
0x0eff26d3:  31 c0                    xorl     %eax, %eax
0x0eff26d5:  89 44 24 38              movl     %eax, 0x38(%esp)
0x0eff26d9:  8d 44 24 38              leal     0x38(%esp), %eax
0x0eff26dd:  e8 c8 a0 ff ff           calll    0xefec7aa

----------------
IN: 
0x0efec7aa:  89 c1                    movl     %eax, %ecx
0x0efec7ac:  8b 15 2c ff ff 0e        movl     0xeffff2c, %edx
0x0efec7b2:  85 d2                    testl    %edx, %edx
0x0efec7b4:  74 0f                    je       0xefec7c5

----------------
IN: 
0x0efec7c5:  a1 30 ff ff 0e           movl     0xeffff30, %eax
0x0efec7ca:  85 c0                    testl    %eax, %eax
0x0efec7cc:  74 09                    je       0xefec7d7

----------------
IN: 
0x0efec7ce:  0f b7 50 16              movzwl   0x16(%eax), %edx
0x0efec7d2:  89 11                    movl     %edx, (%ecx)
0x0efec7d4:  8b 40 18                 movl     0x18(%eax), %eax
0x0efec7d7:  c3                       retl     

----------------
IN: 
0x0eff26e2:  89 c7                    movl     %eax, %edi
0x0eff26e4:  8b 74 24 38              movl     0x38(%esp), %esi
0x0eff26e8:  31 c9                    xorl     %ecx, %ecx
0x0eff26ea:  89 f2                    movl     %esi, %edx
0x0eff26ec:  e8 58 a0 ff ff           calll    0xefec749

----------------
IN: 
0x0eff26f1:  89 c3                    movl     %eax, %ebx
0x0eff26f3:  83 c4 0c                 addl     $0xc, %esp
0x0eff26f6:  85 db                    testl    %ebx, %ebx
0x0eff26f8:  0f 84 69 01 00 00        je       0xeff2867

----------------
IN: 
0x0eff26fe:  80 3b 01                 cmpb     $1, (%ebx)
0x0eff2701:  0f 85 4e 01 00 00        jne      0xeff2855

----------------
IN: 
0x0eff2855:  89 d9                    movl     %ebx, %ecx
0x0eff2857:  89 f2                    movl     %esi, %edx
0x0eff2859:  89 f8                    movl     %edi, %eax
0x0eff285b:  e8 e9 9e ff ff           calll    0xefec749

----------------
IN: 
0x0eff2860:  89 c3                    movl     %eax, %ebx
0x0eff2862:  e9 8f fe ff ff           jmp      0xeff26f6

----------------
IN: 
0x0eff26f6:  85 db                    testl    %ebx, %ebx
0x0eff26f8:  0f 84 69 01 00 00        je       0xeff2867

----------------
IN: 
0x0eff2707:  80 7b 01 17              cmpb     $0x17, 1(%ebx)
0x0eff270b:  0f 86 44 01 00 00        jbe      0xeff2855

----------------
IN: 
0x0eff2711:  8d 7c 24 32              leal     0x32(%esp), %edi
0x0eff2715:  b9 04 00 00 00           movl     $4, %ecx
0x0eff271a:  31 c0                    xorl     %eax, %eax
0x0eff271c:  f3 ab                    rep stosl %eax, %es:(%edi)

----------------
IN: 
0x0eff271e:  8d 54 24 32              leal     0x32(%esp), %edx
0x0eff2722:  8d 43 08                 leal     8(%ebx), %eax
0x0eff2725:  b9 10 00 00 00           movl     $0x10, %ecx
0x0eff272a:  e8 de 7c 0f f1           calll    0xea40d

----------------
IN: 
0x0eff272f:  85 c0                    testl    %eax, %eax
0x0eff2731:  0f 84 30 01 00 00        je       0xeff2867

----------------
IN: 
0x0eff2867:  83 c4 68                 addl     $0x68, %esp
0x0eff286a:  5b                       popl     %ebx
0x0eff286b:  5e                       popl     %esi
0x0eff286c:  5f                       popl     %edi
0x0eff286d:  5d                       popl     %ebp
0x0eff286e:  c3                       retl     

----------------
IN: 
0x0effbed9:  e8 87 e3 0e f1           calll    0xea265

----------------
IN: 
0x0effbede:  85 c0                    testl    %eax, %eax
0x0effbee0:  75 0a                    jne      0xeffbeec

----------------
IN: 
0x0effbee2:  e8 4a a8 ff ff           calll    0xeff6731

----------------
IN: 
0x0eff6731:  55                       pushl    %ebp
0x0eff6732:  57                       pushl    %edi
0x0eff6733:  56                       pushl    %esi
0x0eff6734:  53                       pushl    %ebx
0x0eff6735:  83 ec 14                 subl     $0x14, %esp
0x0eff6738:  ba 64 00 00 00           movl     $0x64, %edx
0x0eff673d:  31 c9                    xorl     %ecx, %ecx
0x0eff673f:  b8 71 28 0f 00           movl     $0xf2871, %eax
0x0eff6744:  e8 72 7a ff ff           calll    0xefee1bb

----------------
IN: 
0x0eff6749:  a3 58 ff ff 0e           movl     %eax, 0xeffff58
0x0eff674e:  a1 f8 fd ff 0e           movl     0xefffdf8, %eax
0x0eff6753:  8d 58 fc                 leal     -4(%eax), %ebx
0x0eff6756:  83 fb fc                 cmpl     $-4, %ebx
0x0eff6759:  74 5e                    je       0xeff67b9

----------------
IN: 
0x0eff675b:  0f b7 43 14              movzwl   0x14(%ebx), %eax
0x0eff675f:  c1 e0 08                 shll     $8, %eax
0x0eff6762:  0f b6 53 16              movzbl   0x16(%ebx), %edx
0x0eff6766:  09 d0                    orl      %edx, %eax
0x0eff6768:  3d 30 03 0c 00           cmpl     $0xc0330, %eax
0x0eff676d:  75 42                    jne      0xeff67b1

----------------
IN: 
0x0eff67b1:  8b 5b 04                 movl     4(%ebx), %ebx
0x0eff67b4:  83 eb 04                 subl     $4, %ebx
0x0eff67b7:  eb 9d                    jmp      0xeff6756

----------------
IN: 
0x0eff6756:  83 fb fc                 cmpl     $-4, %ebx
0x0eff6759:  74 5e                    je       0xeff67b9

----------------
IN: 
0x0eff67b9:  ba 10 0d 00 00           movl     $0xd10, %edx
0x0eff67be:  31 c0                    xorl     %eax, %eax
0x0eff67c0:  e8 57 c4 ff ff           calll    0xeff2c1c

----------------
IN: 
0x0eff2c1c:  55                       pushl    %ebp
0x0eff2c1d:  57                       pushl    %edi
0x0eff2c1e:  56                       pushl    %esi
0x0eff2c1f:  53                       pushl    %ebx
0x0eff2c20:  83 ec 10                 subl     $0x10, %esp
0x0eff2c23:  89 c3                    movl     %eax, %ebx
0x0eff2c25:  66 c7 44 24 01 0c 41     movw     $0x410c, 1(%esp)
0x0eff2c2c:  c6 44 24 03 d0           movb     $0xd0, 3(%esp)
0x0eff2c31:  89 d0                    movl     %edx, %eax
0x0eff2c33:  86 e0                    xchgb    %ah, %al
0x0eff2c35:  66 89 44 24 04           movw     %ax, 4(%esp)
0x0eff2c3a:  0f b7 d2                 movzwl   %dx, %edx
0x0eff2c3d:  52                       pushl    %edx
0x0eff2c3e:  68 cc 1e 0f 00           pushl    $0xf1ecc
0x0eff2c43:  6a 0a                    pushl    $0xa
0x0eff2c45:  8d 7c 24 12              leal     0x12(%esp), %edi
0x0eff2c49:  57                       pushl    %edi
0x0eff2c4a:  e8 14 fd ff ff           calll    0xeff2963

----------------
IN: 
0x000ec747:  3c 2e                    cmpb     $0x2e, %al
0x000ec749:  0f 84 8e 01 00 00        je       0xec8dd

----------------
IN: 
0x000ec74f:  7f 19                    jg       0xec76a

----------------
IN: 
0x000ec76a:  3c 58                    cmpb     $0x58, %al
0x000ec76c:  0f 84 05 01 00 00        je       0xec877

----------------
IN: 
0x000ea304:  8d 50 37                 leal     0x37(%eax), %edx
0x000ea307:  0f be d2                 movsbl   %dl, %edx
0x000ea30a:  89 d8                    movl     %ebx, %eax
0x000ea30c:  5b                       popl     %ebx
0x000ea30d:  e9 89 ff ff ff           jmp      0xea29b

----------------
IN: 
0x0eff2c4f:  89 c5                    movl     %eax, %ebp
0x0eff2c51:  83 c4 10                 addl     $0x10, %esp
0x0eff2c54:  85 db                    testl    %ebx, %ebx
0x0eff2c56:  75 11                    jne      0xeff2c69

----------------
IN: 
0x0eff2c58:  8b 1d 30 fd ff 0e        movl     0xefffd30, %ebx
0x0eff2c5e:  85 db                    testl    %ebx, %ebx
0x0eff2c60:  74 30                    je       0xeff2c92

----------------
IN: 
0x0eff2c62:  8b 73 18                 movl     0x18(%ebx), %esi
0x0eff2c65:  85 f6                    testl    %esi, %esi
0x0eff2c67:  75 04                    jne      0xeff2c6d

----------------
IN: 
0x0eff2c69:  8b 1b                    movl     (%ebx), %ebx
0x0eff2c6b:  eb f1                    jmp      0xeff2c5e

----------------
IN: 
0x0eff2c5e:  85 db                    testl    %ebx, %ebx
0x0eff2c60:  74 30                    je       0xeff2c92

----------------
IN: 
0x0eff2c6d:  b9 05 00 00 00           movl     $5, %ecx
0x0eff2c72:  8d 54 24 01              leal     1(%esp), %edx
0x0eff2c76:  8d 46 05                 leal     5(%esi), %eax
0x0eff2c79:  e8 8f 77 0f f1           calll    0xea40d

----------------
IN: 
0x0eff2c7e:  85 c0                    testl    %eax, %eax
0x0eff2c80:  74 10                    je       0xeff2c92

----------------
IN: 
0x0eff2c82:  89 e9                    movl     %ebp, %ecx
0x0eff2c84:  89 fa                    movl     %edi, %edx
0x0eff2c86:  8d 46 05                 leal     5(%esi), %eax
0x0eff2c89:  e8 7f 77 0f f1           calll    0xea40d

----------------
IN: 
0x0eff2c8e:  85 c0                    testl    %eax, %eax
0x0eff2c90:  75 d7                    jne      0xeff2c69

----------------
IN: 
0x0eff2c92:  89 d8                    movl     %ebx, %eax
0x0eff2c94:  83 c4 10                 addl     $0x10, %esp
0x0eff2c97:  5b                       popl     %ebx
0x0eff2c98:  5e                       popl     %esi
0x0eff2c99:  5f                       popl     %edi
0x0eff2c9a:  5d                       popl     %ebp
0x0eff2c9b:  c3                       retl     

----------------
IN: 
0x0eff67c5:  89 04 24                 movl     %eax, (%esp)
0x0eff67c8:  83 3c 24 00              cmpl     $0, (%esp)
0x0eff67cc:  74 62                    je       0xeff6830

----------------
IN: 
0x0eff6830:  a1 f8 fd ff 0e           movl     0xefffdf8, %eax
0x0eff6835:  8d 58 fc                 leal     -4(%eax), %ebx
0x0eff6838:  83 fb fc                 cmpl     $-4, %ebx
0x0eff683b:  0f 84 b2 00 00 00        je       0xeff68f3

----------------
IN: 
0x0eff6841:  0f b7 43 14              movzwl   0x14(%ebx), %eax
0x0eff6845:  c1 e0 08                 shll     $8, %eax
0x0eff6848:  0f b6 53 16              movzbl   0x16(%ebx), %edx
0x0eff684c:  09 d0                    orl      %edx, %eax
0x0eff684e:  3d 20 03 0c 00           cmpl     $0xc0320, %eax
0x0eff6853:  0f 85 8f 00 00 00        jne      0xeff68e8

----------------
IN: 
0x0eff68e8:  8b 5b 04                 movl     4(%ebx), %ebx
0x0eff68eb:  83 eb 04                 subl     $4, %ebx
0x0eff68ee:  e9 45 ff ff ff           jmp      0xeff6838

----------------
IN: 
0x0eff6838:  83 fb fc                 cmpl     $-4, %ebx
0x0eff683b:  0f 84 b2 00 00 00        je       0xeff68f3

----------------
IN: 
0x0eff68f3:  a1 f8 fd ff 0e           movl     0xefffdf8, %eax
0x0eff68f8:  8d 58 fc                 leal     -4(%eax), %ebx
0x0eff68fb:  83 fb fc                 cmpl     $-4, %ebx
0x0eff68fe:  0f 84 c9 00 00 00        je       0xeff69cd

----------------
IN: 
0x0eff6904:  0f b7 43 14              movzwl   0x14(%ebx), %eax
0x0eff6908:  c1 e0 08                 shll     $8, %eax
0x0eff690b:  0f b6 53 16              movzbl   0x16(%ebx), %edx
0x0eff690f:  09 d0                    orl      %edx, %eax
0x0eff6911:  3d 00 03 0c 00           cmpl     $0xc0300, %eax
0x0eff6916:  0f 85 a6 00 00 00        jne      0xeff69c2

----------------
IN: 
0x0eff69c2:  8b 5b 04                 movl     4(%ebx), %ebx
0x0eff69c5:  83 eb 04                 subl     $4, %ebx
0x0eff69c8:  e9 2e ff ff ff           jmp      0xeff68fb

----------------
IN: 
0x0eff68fb:  83 fb fc                 cmpl     $-4, %ebx
0x0eff68fe:  0f 84 c9 00 00 00        je       0xeff69cd

----------------
IN: 
0x0eff69cd:  a1 f8 fd ff 0e           movl     0xefffdf8, %eax
0x0eff69d2:  8d 58 fc                 leal     -4(%eax), %ebx
0x0eff69d5:  83 fb fc                 cmpl     $-4, %ebx
0x0eff69d8:  0f 84 9e 00 00 00        je       0xeff6a7c

----------------
IN: 
0x0eff69de:  0f b7 43 14              movzwl   0x14(%ebx), %eax
0x0eff69e2:  c1 e0 08                 shll     $8, %eax
0x0eff69e5:  0f b6 53 16              movzbl   0x16(%ebx), %edx
0x0eff69e9:  09 d0                    orl      %edx, %eax
0x0eff69eb:  3d 10 03 0c 00           cmpl     $0xc0310, %eax
0x0eff69f0:  75 7f                    jne      0xeff6a71

----------------
IN: 
0x0eff6a71:  8b 5b 04                 movl     4(%ebx), %ebx
0x0eff6a74:  83 eb 04                 subl     $4, %ebx
0x0eff6a77:  e9 59 ff ff ff           jmp      0xeff69d5

----------------
IN: 
0x0eff69d5:  83 fb fc                 cmpl     $-4, %ebx
0x0eff69d8:  0f 84 9e 00 00 00        je       0xeff6a7c

----------------
IN: 
0x0eff6a7c:  83 3d 30 fd ff 0e 00     cmpl     $0, 0xefffd30
0x0eff6a83:  74 4f                    je       0xeff6ad4

----------------
IN: 
0x0eff6a85:  ba 03 03 00 00           movl     $0x303, %edx
0x0eff6a8a:  31 c0                    xorl     %eax, %eax
0x0eff6a8c:  e8 8b c1 ff ff           calll    0xeff2c1c

----------------
IN: 
0x0eff6a91:  85 c0                    testl    %eax, %eax
0x0eff6a93:  74 32                    je       0xeff6ac7

----------------
IN: 
0x0eff6a95:  8b 40 1c                 movl     0x1c(%eax), %eax
0x0eff6a98:  85 c0                    testl    %eax, %eax
0x0eff6a9a:  74 38                    je       0xeff6ad4

----------------
IN: 
0x0eff6a9c:  80 38 08                 cmpb     $8, (%eax)
0x0eff6a9f:  75 33                    jne      0xeff6ad4

----------------
IN: 
0x0eff6aa1:  31 d2                    xorl     %edx, %edx
0x0eff6aa3:  89 54 24 0c              movl     %edx, 0xc(%esp)
0x0eff6aa7:  89 54 24 10              movl     %edx, 0x10(%esp)
0x0eff6aab:  8d 4c 24 0c              leal     0xc(%esp), %ecx
0x0eff6aaf:  83 c0 05                 addl     $5, %eax
0x0eff6ab2:  31 d2                    xorl     %edx, %edx
0x0eff6ab4:  e8 d8 68 ff ff           calll    0xefed391

----------------
IN: 
0x0eff6ab9:  83 7c 24 10 00           cmpl     $0, 0x10(%esp)
0x0eff6abe:  75 14                    jne      0xeff6ad4

----------------
IN: 
0x0eff6ac0:  83 7c 24 0c 00           cmpl     $0, 0xc(%esp)
0x0eff6ac5:  75 0d                    jne      0xeff6ad4

----------------
IN: 
0x0eff6ad4:  ba 87 e9 0f 00           movl     $0xfe987, %edx
0x0eff6ad9:  0f b7 d2                 movzwl   %dx, %edx
0x0eff6adc:  81 ca 00 00 00 f0        orl      $0xf0000000, %edx
0x0eff6ae2:  b8 01 00 00 00           movl     $1, %eax
0x0eff6ae7:  e8 d3 69 ff ff           calll    0xefed4bf

----------------
IN: 
0x0eff6aec:  ba 33 d4 0f 00           movl     $0xfd433, %edx
0x0eff6af1:  0f b7 d2                 movzwl   %dx, %edx
0x0eff6af4:  81 ca 00 00 00 f0        orl      $0xf0000000, %edx
0x0eff6afa:  b8 0c 00 00 00           movl     $0xc, %eax
0x0eff6aff:  e8 bb 69 ff ff           calll    0xefed4bf

----------------
IN: 
0x0eff6b04:  31 d2                    xorl     %edx, %edx
0x0eff6b06:  b8 77 23 ff 0e           movl     $0xeff2377, %eax
0x0eff6b0b:  e8 87 7e ff ff           calll    0xefee997

----------------
IN: 
0x0efee997:  55                       pushl    %ebp
0x0efee998:  57                       pushl    %edi
0x0efee999:  56                       pushl    %esi
0x0efee99a:  53                       pushl    %ebx
0x0efee99b:  89 c6                    movl     %eax, %esi
0x0efee99d:  89 d7                    movl     %edx, %edi
0x0efee99f:  80 3d 00 4e 0f 00 00     cmpb     $0, 0xf4e00
0x0efee9a6:  74 7a                    je       0xefeea22

----------------
IN: 
0x0efee9a8:  b9 00 10 00 00           movl     $0x1000, %ecx
0x0efee9ad:  ba 00 10 00 00           movl     $0x1000, %edx
0x0efee9b2:  b8 78 fe ff 0e           movl     $0xefffe78, %eax
0x0efee9b7:  e8 9b ff ff ff           calll    0xefee957

----------------
IN: 
0x0efee9bc:  89 c3                    movl     %eax, %ebx
0x0efee9be:  85 c0                    testl    %eax, %eax
0x0efee9c0:  74 60                    je       0xefeea22

----------------
IN: 
0x0efee9c2:  8d 80 00 10 00 00        leal     0x1000(%eax), %eax
0x0efee9c8:  89 03                    movl     %eax, (%ebx)
0x0efee9ca:  89 e0                    movl     %esp, %eax
0x0efee9cc:  bd 08 62 0f 00           movl     $0xf6208, %ebp
0x0efee9d1:  3d 00 00 10 00           cmpl     $0x100000, %eax
0x0efee9d6:  76 07                    jbe      0xefee9df

----------------
IN: 
0x0efee9df:  8d 55 04                 leal     4(%ebp), %edx
0x0efee9e2:  8d 43 04                 leal     4(%ebx), %eax
0x0efee9e5:  e8 a7 d6 ff ff           calll    0xefec091

----------------
IN: 
0x0efee9ea:  89 f8                    movl     %edi, %eax
0x0efee9ec:  89 f1                    movl     %esi, %ecx
0x0efee9ee:  89 ea                    movl     %ebp, %edx
0x0efee9f0:  68 11 ea fe 0e           pushl    $0xefeea11
0x0efee9f5:  55                       pushl    %ebp
0x0efee9f6:  89 22                    movl     %esp, (%edx)
0x0efee9f8:  8b 23                    movl     (%ebx), %esp
0x0efee9fa:  ff d1                    calll    *%ecx

----------------
IN: 
0x0eff2377:  57                       pushl    %edi
0x0eff2378:  56                       pushl    %esi
0x0eff2379:  53                       pushl    %ebx
0x0eff237a:  57                       pushl    %edi
0x0eff237b:  e8 cf ce ff ff           calll    0xefef24f

----------------
IN: 
0x0efef24f:  53                       pushl    %ebx
0x0efef250:  bb 10 00 00 00           movl     $0x10, %ebx
0x0efef255:  e4 64                    inb      $0x64, %al

----------------
IN: 
0x0efef257:  a8 01                    testb    $1, %al
0x0efef259:  74 23                    je       0xefef27e

----------------
IN: 
0x0efef27e:  31 c0                    xorl     %eax, %eax
0x0efef280:  5b                       popl     %ebx
0x0efef281:  c3                       retl     

----------------
IN: 
0x0eff2380:  85 c0                    testl    %eax, %eax
0x0eff2382:  0f 85 43 01 00 00        jne      0xeff24cb

----------------
IN: 
0x0eff2388:  31 d2                    xorl     %edx, %edx
0x0eff238a:  b8 ad 00 00 00           movl     $0xad, %eax
0x0eff238f:  e8 48 ce ff ff           calll    0xefef1dc

----------------
IN: 
0x0efef1dc:  57                       pushl    %edi
0x0efef1dd:  56                       pushl    %esi
0x0efef1de:  53                       pushl    %ebx
0x0efef1df:  89 c3                    movl     %eax, %ebx
0x0efef1e1:  89 d7                    movl     %edx, %edi
0x0efef1e3:  e8 0b de 0f f1           calll    0xecff3

----------------
IN: 
0x000ecff3:  53                       pushl    %ebx
0x000ecff4:  bb 10 27 00 00           movl     $0x2710, %ebx
0x000ecff9:  e4 64                    inb      $0x64, %al

----------------
IN: 
0x000ecffb:  a8 02                    testb    $2, %al
0x000ecffd:  74 21                    je       0xed020

----------------
IN: 
0x000ed020:  31 c0                    xorl     %eax, %eax
0x000ed022:  5b                       popl     %ebx
0x000ed023:  c3                       retl     

----------------
IN: 
0x0efef1e8:  85 c0                    testl    %eax, %eax
0x0efef1ea:  75 5a                    jne      0xefef246

----------------
IN: 
0x0efef1ec:  89 c6                    movl     %eax, %esi
0x0efef1ee:  88 d8                    movb     %bl, %al
0x0efef1f0:  e6 64                    outb     %al, $0x64

----------------
IN: 
0x0efef1f2:  89 d8                    movl     %ebx, %eax
0x0efef1f4:  c1 f8 0c                 sarl     $0xc, %eax
0x0efef1f7:  48                       decl     %eax
0x0efef1f8:  75 0f                    jne      0xefef209

----------------
IN: 
0x0efef209:  81 e3 00 0f 00 00        andl     $0xf00, %ebx
0x0efef20f:  81 fb 00 01 00 00        cmpl     $0x100, %ebx
0x0efef215:  75 32                    jne      0xefef249

----------------
IN: 
0x0efef249:  89 f0                    movl     %esi, %eax
0x0efef24b:  5b                       popl     %ebx
0x0efef24c:  5e                       popl     %esi
0x0efef24d:  5f                       popl     %edi
0x0efef24e:  c3                       retl     

----------------
IN: 
0x0eff2394:  85 c0                    testl    %eax, %eax
0x0eff2396:  0f 85 2f 01 00 00        jne      0xeff24cb

----------------
IN: 
0x0eff239c:  31 d2                    xorl     %edx, %edx
0x0eff239e:  b8 a7 00 00 00           movl     $0xa7, %eax
0x0eff23a3:  e8 34 ce ff ff           calll    0xefef1dc

----------------
IN: 
0x0eff23a8:  85 c0                    testl    %eax, %eax
0x0eff23aa:  0f 85 1b 01 00 00        jne      0xeff24cb

----------------
IN: 
0x0eff23b0:  e8 9a ce ff ff           calll    0xefef24f

----------------
IN: 
0x0eff23b5:  85 c0                    testl    %eax, %eax
0x0eff23b7:  0f 85 0e 01 00 00        jne      0xeff24cb

----------------
IN: 
0x0eff23bd:  c6 44 24 02 00           movb     $0, 2(%esp)
0x0eff23c2:  8d 54 24 02              leal     2(%esp), %edx
0x0eff23c6:  b8 aa 01 00 00           movl     $0x1aa, %eax
0x0eff23cb:  e8 0c ce ff ff           calll    0xefef1dc

----------------
IN: 
0x0efef217:  bb 10 27 00 00           movl     $0x2710, %ebx
0x0efef21c:  e4 64                    inb      $0x64, %al

----------------
IN: 
0x0efef21e:  a8 01                    testb    $1, %al
0x0efef220:  75 1e                    jne      0xefef240

----------------
IN: 
0x0efef240:  e4 60                    inb      $0x60, %al

----------------
IN: 
0x0efef242:  88 07                    movb     %al, (%edi)
0x0efef244:  eb 03                    jmp      0xefef249

----------------
IN: 
0x0eff23d0:  85 c0                    testl    %eax, %eax
0x0eff23d2:  0f 85 f3 00 00 00        jne      0xeff24cb

----------------
IN: 
0x0eff23d8:  0f b6 44 24 02           movzbl   2(%esp), %eax
0x0eff23dd:  3c 55                    cmpb     $0x55, %al
0x0eff23df:  74 08                    je       0xeff23e9

----------------
IN: 
0x0eff23e9:  8d 54 24 02              leal     2(%esp), %edx
0x0eff23ed:  b8 ab 01 00 00           movl     $0x1ab, %eax
0x0eff23f2:  e8 e5 cd ff ff           calll    0xefef1dc

----------------
IN: 
0x0eff23f7:  85 c0                    testl    %eax, %eax
0x0eff23f9:  0f 85 cc 00 00 00        jne      0xeff24cb

----------------
IN: 
0x0eff23ff:  0f b6 5c 24 02           movzbl   2(%esp), %ebx
0x0eff2404:  84 db                    testb    %bl, %bl
0x0eff2406:  74 12                    je       0xeff241a

----------------
IN: 
0x0eff241a:  31 d2                    xorl     %edx, %edx
0x0eff241c:  31 c9                    xorl     %ecx, %ecx
0x0eff241e:  b8 8c 1c 0f 00           movl     $0xf1c8c, %eax
0x0eff2423:  e8 93 bd ff ff           calll    0xefee1bb

----------------
IN: 
0x0eff2428:  89 c6                    movl     %eax, %esi
0x0eff242a:  e8 c4 a0 0f f1           calll    0xec4f3

----------------
IN: 
0x000ec4f3:  53                       pushl    %ebx
0x000ec4f4:  89 c3                    movl     %eax, %ebx
0x000ec4f6:  e8 88 ff ff ff           calll    0xec483

----------------
IN: 
0x000ec483:  66 8b 15 d8 60 0f 00     movw     0xf60d8, %dx
0x000ec48a:  66 85 d2                 testw    %dx, %dx
0x000ec48d:  75 18                    jne      0xec4a7

----------------
IN: 
0x000ec4a7:  8b 0d b4 99 0e 00        movl     0xe99b4, %ecx
0x000ec4ad:  66 83 fa 40              cmpw     $0x40, %dx
0x000ec4b1:  74 15                    je       0xec4c8

----------------
IN: 
0x000ec4b3:  ed                       inl      %dx, %eax

----------------
IN: 
0x000ec4b4:  31 c8                    xorl     %ecx, %eax
0x000ec4b6:  25 ff ff ff 00           andl     $0xffffff, %eax
0x000ec4bb:  31 c8                    xorl     %ecx, %eax
0x000ec4bd:  39 c8                    cmpl     %ecx, %eax
0x000ec4bf:  73 2c                    jae      0xec4ed

----------------
IN: 
0x000ec4ed:  a3 b4 99 0e 00           movl     %eax, 0xe99b4
0x000ec4f2:  c3                       retl     

----------------
IN: 
0x000ec4fb:  0f af 1d dc 60 0f 00     imull    0xf60dc, %ebx
0x000ec502:  01 d8                    addl     %ebx, %eax
0x000ec504:  5b                       popl     %ebx
0x000ec505:  c3                       retl     

----------------
IN: 
0x0eff242f:  89 c7                    movl     %eax, %edi
0x0eff2431:  88 5c 24 02              movb     %bl, 2(%esp)
0x0eff2435:  8d 54 24 02              leal     2(%esp), %edx
0x0eff2439:  b8 ff 01 00 00           movl     $0x1ff, %eax
0x0eff243e:  e8 3b fe ff ff           calll    0xeff227e

----------------
IN: 
0x0eff227e:  55                       pushl    %ebp
0x0eff227f:  57                       pushl    %edi
0x0eff2280:  56                       pushl    %esi
0x0eff2281:  53                       pushl    %ebx
0x0eff2282:  51                       pushl    %ecx
0x0eff2283:  89 c6                    movl     %eax, %esi
0x0eff2285:  89 d5                    movl     %edx, %ebp
0x0eff2287:  0f b6 3d ac 99 0e 00     movzbl   0xe99ac, %edi
0x0eff228e:  89 f8                    movl     %edi, %eax
0x0eff2290:  88 44 24 02              movb     %al, 2(%esp)
0x0eff2294:  83 e0 fc                 andl     $0xfffffffc, %eax
0x0eff2297:  83 c8 30                 orl      $0x30, %eax
0x0eff229a:  88 44 24 03              movb     %al, 3(%esp)
0x0eff229e:  8d 54 24 03              leal     3(%esp), %edx
0x0eff22a2:  b8 60 10 00 00           movl     $0x1060, %eax
0x0eff22a7:  e8 30 cf ff ff           calll    0xefef1dc

----------------
IN: 
0x0efef1fa:  e8 f4 dd 0f f1           calll    0xecff3

----------------
IN: 
0x0efef1ff:  85 c0                    testl    %eax, %eax
0x0efef201:  75 43                    jne      0xefef246

----------------
IN: 
0x0efef203:  8a 07                    movb     (%edi), %al
0x0efef205:  e6 60                    outb     %al, $0x60

----------------
IN: 
0x0efef207:  eb 40                    jmp      0xefef249

----------------
IN: 
0x0eff22ac:  85 c0                    testl    %eax, %eax
0x0eff22ae:  74 08                    je       0xeff22b8

----------------
IN: 
0x0eff22b8:  e8 77 a8 0f f1           calll    0xecb34

----------------
IN: 
0x000ecb43:  25 00 f0 ff ff           andl     $0xfffff000, %eax
0x000ecb48:  89 c3                    movl     %eax, %ebx
0x000ecb4a:  89 d8                    movl     %ebx, %eax
0x000ecb4c:  e8 2c d7 ff ff           calll    0xea27d

----------------
IN: 
0x000ea287:  57                       pushl    %edi
0x000ea288:  56                       pushl    %esi
0x000ea289:  53                       pushl    %ebx
0x000ea28a:  68 96 a2 0e 00           pushl    $0xea296
0x000ea28f:  55                       pushl    %ebp
0x000ea290:  89 20                    movl     %esp, (%eax)
0x000ea292:  8b 21                    movl     (%ecx), %esp
0x000ea294:  5d                       popl     %ebp
0x000ea295:  c3                       retl     

----------------
IN: 
0x0efeea11:  81 fd 08 62 0f 00        cmpl     $0xf6208, %ebp
0x0efeea17:  75 13                    jne      0xefeea2c

----------------
IN: 
0x0efeea19:  5b                       popl     %ebx
0x0efeea1a:  5e                       popl     %esi
0x0efeea1b:  5f                       popl     %edi
0x0efeea1c:  5d                       popl     %ebp
0x0efeea1d:  e9 f8 e0 0f f1           jmp      0xecb1a

Servicing hardware INT=0x08
----------------
IN: 
0x0eff6b10:  b8 bc 60 0f 00           movl     $0xf60bc, %eax
0x0eff6b15:  bf c7 ef 0f 00           movl     $0xfefc7, %edi
0x0eff6b1a:  b9 0b 00 00 00           movl     $0xb, %ecx
0x0eff6b1f:  89 c6                    movl     %eax, %esi
0x0eff6b21:  f3 a4                    rep movsb (%esi), %es:(%edi)

----------------
IN: 
0x0eff6b23:  66 a3 78 00 00 00        movw     %ax, 0x78
0x0eff6b29:  66 c7 05 7a 00 00 00 00  movw     $0xf000, 0x7a
0x0eff6b31:  f0
0x0eff6b32:  b0 90                    movb     $0x90, %al
0x0eff6b34:  e6 70                    outb     %al, $0x70

----------------
IN: 
0x0eff6b36:  e4 71                    inb      $0x71, %al

----------------
IN: 
0x0eff6b38:  88 c3                    movb     %al, %bl
0x0eff6b3a:  3c 0f                    cmpb     $0xf, %al
0x0eff6b3c:  76 0f                    jbe      0xeff6b4d

----------------
IN: 
0x0eff6b3e:  88 c2                    movb     %al, %dl
0x0eff6b40:  c0 ea 04                 shrb     $4, %dl
0x0eff6b43:  0f b6 d2                 movzbl   %dl, %edx
0x0eff6b46:  31 c0                    xorl     %eax, %eax
0x0eff6b48:  e8 2c e4 ff ff           calll    0xeff4f79

----------------
IN: 
0x0eff4f79:  57                       pushl    %edi
0x0eff4f7a:  56                       pushl    %esi
0x0eff4f7b:  53                       pushl    %ebx
0x0eff4f7c:  81 ec 00 01 00 00        subl     $0x100, %esp
0x0eff4f82:  89 c3                    movl     %eax, %ebx
0x0eff4f84:  e8 cf c9 ff ff           calll    0xeff1958

----------------
IN: 
0x0eff1958:  56                       pushl    %esi
0x0eff1959:  53                       pushl    %ebx
0x0eff195a:  89 c6                    movl     %eax, %esi
0x0eff195c:  89 d3                    movl     %edx, %ebx
0x0eff195e:  8d 42 ff                 leal     -1(%edx), %eax
0x0eff1961:  83 f8 07                 cmpl     $7, %eax
0x0eff1964:  76 0f                    jbe      0xeff1975

----------------
IN: 
0x0eff1975:  b8 2c 00 00 00           movl     $0x2c, %eax
0x0eff197a:  e8 f4 d0 ff ff           calll    0xefeea73

----------------
IN: 
0x0eff197f:  85 c0                    testl    %eax, %eax
0x0eff1981:  75 13                    jne      0xeff1996

----------------
IN: 
0x0eff1996:  b9 2c 00 00 00           movl     $0x2c, %ecx
0x0eff199b:  31 d2                    xorl     %edx, %edx
0x0eff199d:  e8 84 9d 0f f1           calll    0xeb726

----------------
IN: 
0x0eff19a2:  89 70 14                 movl     %esi, 0x14(%eax)
0x0eff19a5:  c6 00 10                 movb     $0x10, (%eax)
0x0eff19a8:  66 c7 40 1a 00 02        movw     $0x200, 0x1a(%eax)
0x0eff19ae:  88 58 01                 movb     %bl, 1(%eax)
0x0eff19b1:  c7 40 0c ff ff ff ff     movl     $0xffffffff, 0xc(%eax)
0x0eff19b8:  c7 40 10 ff ff ff ff     movl     $0xffffffff, 0x10(%eax)
0x0eff19bf:  6b db 0a                 imull    $0xa, %ebx, %ebx
0x0eff19c2:  8b 93 60 60 0f 00        movl     0xf6060(%ebx), %edx
0x0eff19c8:  89 50 02                 movl     %edx, 2(%eax)
0x0eff19cb:  8b 93 64 60 0f 00        movl     0xf6064(%ebx), %edx
0x0eff19d1:  89 50 06                 movl     %edx, 6(%eax)
0x0eff19d4:  5b                       popl     %ebx
0x0eff19d5:  5e                       popl     %esi
0x0eff19d6:  c3                       retl     

----------------
IN: 
0x0eff4f89:  85 c0                    testl    %eax, %eax
0x0eff4f8b:  0f 84 86 00 00 00        je       0xeff5017

----------------
IN: 
0x0eff4f91:  89 c6                    movl     %eax, %esi
0x0eff4f93:  8d 43 41                 leal     0x41(%ebx), %eax
0x0eff4f96:  50                       pushl    %eax
0x0eff4f97:  68 cc 24 0f 00           pushl    $0xf24cc
0x0eff4f9c:  6a 50                    pushl    $0x50
0x0eff4f9e:  e8 5f f1 ff ff           calll    0xeff4102

----------------
IN: 
0x0eff4102:  56                       pushl    %esi
0x0eff4103:  53                       pushl    %ebx
0x0eff4104:  83 ec 0c                 subl     $0xc, %esp
0x0eff4107:  8b 74 24 18              movl     0x18(%esp), %esi
0x0eff410b:  89 f0                    movl     %esi, %eax
0x0eff410d:  e8 30 a9 ff ff           calll    0xefeea42

----------------
IN: 
0x0eff4112:  89 c3                    movl     %eax, %ebx
0x0eff4114:  85 c0                    testl    %eax, %eax
0x0eff4116:  75 11                    jne      0xeff4129

----------------
IN: 
0x0eff4129:  c7 04 24 a2 c0 fe 0e     movl     $0xefec0a2, (%esp)
0x0eff4130:  89 44 24 04              movl     %eax, 4(%esp)
0x0eff4134:  01 c6                    addl     %eax, %esi
0x0eff4136:  89 74 24 08              movl     %esi, 8(%esp)
0x0eff413a:  8d 4c 24 20              leal     0x20(%esp), %ecx
0x0eff413e:  89 e0                    movl     %esp, %eax
0x0eff4140:  8b 54 24 1c              movl     0x1c(%esp), %edx
0x0eff4144:  e8 91 85 0f f1           calll    0xec6da

----------------
IN: 
0x000ec772:  3c 63                    cmpb     $0x63, %al
0x000ec774:  0f 85 9f 01 00 00        jne      0xec919

----------------
IN: 
0x000ec77a:  0f be 13                 movsbl   (%ebx), %edx
0x000ec77d:  89 e8                    movl     %ebp, %eax
0x000ec77f:  e8 17 db ff ff           calll    0xea29b

----------------
IN: 
0x000ec784:  e9 4f 01 00 00           jmp      0xec8d8

----------------
IN: 
0x0eff4149:  8b 44 24 04              movl     4(%esp), %eax
0x0eff414d:  8b 54 24 08              movl     8(%esp), %edx
0x0eff4151:  39 d0                    cmpl     %edx, %eax
0x0eff4153:  72 03                    jb       0xeff4158

----------------
IN: 
0x0eff4158:  c6 00 00                 movb     $0, (%eax)
0x0eff415b:  89 d8                    movl     %ebx, %eax
0x0eff415d:  83 c4 0c                 addl     $0xc, %esp
0x0eff4160:  5b                       popl     %ebx
0x0eff4161:  5e                       popl     %esi
0x0eff4162:  c3                       retl     

----------------
IN: 
0x0eff4fa3:  89 c7                    movl     %eax, %edi
0x0eff4fa5:  a1 f8 fd ff 0e           movl     0xefffdf8, %eax
0x0eff4faa:  8d 48 fc                 leal     -4(%eax), %ecx
0x0eff4fad:  83 c4 0c                 addl     $0xc, %esp
0x0eff4fb0:  83 f9 fc                 cmpl     $-4, %ecx
0x0eff4fb3:  74 4e                    je       0xeff5003

----------------
IN: 
0x0eff4fb5:  66 81 79 14 01 06        cmpw     $0x601, 0x14(%ecx)
0x0eff4fbb:  74 08                    je       0xeff4fc5

----------------
IN: 
0x0eff4fbd:  8b 49 04                 movl     4(%ecx), %ecx
0x0eff4fc0:  83 e9 04                 subl     $4, %ecx
0x0eff4fc3:  eb eb                    jmp      0xeff4fb0

----------------
IN: 
0x0eff4fb0:  83 f9 fc                 cmpl     $-4, %ecx
0x0eff4fb3:  74 4e                    je       0xeff5003

----------------
IN: 
0x0eff4fc5:  85 c9                    testl    %ecx, %ecx
0x0eff4fc7:  74 3a                    je       0xeff5003

----------------
IN: 
0x0eff4fc9:  ba de 24 0f 00           movl     $0xf24de, %edx
0x0eff4fce:  89 e0                    movl     %esp, %eax
0x0eff4fd0:  e8 c4 ed ff ff           calll    0xeff3d99

----------------
IN: 
0x0eff3d99:  55                       pushl    %ebp
0x0eff3d9a:  57                       pushl    %edi
0x0eff3d9b:  56                       pushl    %esi
0x0eff3d9c:  53                       pushl    %ebx
0x0eff3d9d:  89 c6                    movl     %eax, %esi
0x0eff3d9f:  89 d5                    movl     %edx, %ebp
0x0eff3da1:  89 cf                    movl     %ecx, %edi
0x0eff3da3:  8b 49 0c                 movl     0xc(%ecx), %ecx
0x0eff3da6:  85 c9                    testl    %ecx, %ecx
0x0eff3da8:  74 0e                    je       0xeff3db8

----------------
IN: 
0x0eff3db8:  68 c0 20 0f 00           pushl    $0xf20c0
0x0eff3dbd:  68 cb 20 0f 00           pushl    $0xf20cb
0x0eff3dc2:  68 00 01 00 00           pushl    $0x100
0x0eff3dc7:  50                       pushl    %eax
0x0eff3dc8:  e8 96 eb ff ff           calll    0xeff2963

----------------
IN: 
0x0eff3dcd:  89 c2                    movl     %eax, %edx
0x0eff3dcf:  8d 1c 06                 leal     (%esi, %eax), %ebx
0x0eff3dd2:  0f b6 47 02              movzbl   2(%edi), %eax
0x0eff3dd6:  83 c4 10                 addl     $0x10, %esp
0x0eff3dd9:  84 c0                    testb    %al, %al
0x0eff3ddb:  74 19                    je       0xeff3df6

----------------
IN: 
0x0eff3df6:  8b 07                    movl     (%edi), %eax
0x0eff3df8:  89 c7                    movl     %eax, %edi
0x0eff3dfa:  83 e7 07                 andl     $7, %edi
0x0eff3dfd:  81 c6 00 01 00 00        addl     $0x100, %esi
0x0eff3e03:  c0 e8 03                 shrb     $3, %al
0x0eff3e06:  0f b6 c0                 movzbl   %al, %eax
0x0eff3e09:  50                       pushl    %eax
0x0eff3e0a:  55                       pushl    %ebp
0x0eff3e0b:  68 d2 20 0f 00           pushl    $0xf20d2
0x0eff3e10:  89 f0                    movl     %esi, %eax
0x0eff3e12:  29 d8                    subl     %ebx, %eax
0x0eff3e14:  50                       pushl    %eax
0x0eff3e15:  53                       pushl    %ebx
0x0eff3e16:  e8 48 eb ff ff           calll    0xeff2963

----------------
IN: 
0x0eff3e1b:  01 c3                    addl     %eax, %ebx
0x0eff3e1d:  83 c4 14                 addl     $0x14, %esp
0x0eff3e20:  89 f8                    movl     %edi, %eax
0x0eff3e22:  84 c0                    testb    %al, %al
0x0eff3e24:  74 17                    je       0xeff3e3d

----------------
IN: 
0x0eff3e3d:  89 d8                    movl     %ebx, %eax
0x0eff3e3f:  5b                       popl     %ebx
0x0eff3e40:  5e                       popl     %esi
0x0eff3e41:  5f                       popl     %edi
0x0eff3e42:  5d                       popl     %ebp
0x0eff3e43:  c3                       retl     

----------------
IN: 
0x0eff4fd5:  53                       pushl    %ebx
0x0eff4fd6:  68 f0 03 00 00           pushl    $0x3f0
0x0eff4fdb:  68 e2 24 0f 00           pushl    $0xf24e2
0x0eff4fe0:  8d 94 24 0c 01 00 00     leal     0x10c(%esp), %edx
0x0eff4fe7:  29 c2                    subl     %eax, %edx
0x0eff4fe9:  52                       pushl    %edx
0x0eff4fea:  50                       pushl    %eax
0x0eff4feb:  e8 73 d9 ff ff           calll    0xeff2963

----------------
IN: 
0x0eff4ff0:  8d 44 24 14              leal     0x14(%esp), %eax
0x0eff4ff4:  e8 91 ae ff ff           calll    0xefefe8a

----------------
IN: 
0x0efefe8a:  55                       pushl    %ebp
0x0efefe8b:  57                       pushl    %edi
0x0efefe8c:  56                       pushl    %esi
0x0efefe8d:  53                       pushl    %ebx
0x0efefe8e:  89 c6                    movl     %eax, %esi
0x0efefe90:  50                       pushl    %eax
0x0efefe91:  68 df 11 0f 00           pushl    $0xf11df
0x0efefe96:  e8 87 d0 0f f1           calll    0xecf22

----------------
IN: 
0x0efefe9b:  8b 3d 44 ff ff 0e        movl     0xeffff44, %edi
0x0efefea1:  8b 2d 54 fe ff 0e        movl     0xefffe54, %ebp
0x0efefea7:  58                       popl     %eax
0x0efefea8:  5a                       popl     %edx
0x0efefea9:  31 db                    xorl     %ebx, %ebx
0x0efefeab:  39 df                    cmpl     %ebx, %edi
0x0efefead:  7e 12                    jle      0xefefec1

----------------
IN: 
0x0efefec1:  83 cb ff                 orl      $0xffffffff, %ebx
0x0efefec4:  89 d8                    movl     %ebx, %eax
0x0efefec6:  5b                       popl     %ebx
0x0efefec7:  5e                       popl     %esi
0x0efefec8:  5f                       popl     %edi
0x0efefec9:  5d                       popl     %ebp
0x0efefeca:  c3                       retl     

----------------
IN: 
0x0eff4ff9:  89 c2                    movl     %eax, %edx
0x0eff4ffb:  83 c4 14                 addl     $0x14, %esp

----------------
IN: 
0x0eff4ffe:  83 f8 ff                 cmpl     $-1, %eax

----------------
IN: 
0x0eff5001:  75 06                    jne      0xeff5009

----------------
IN: 
0x0eff5003:  8b 15 50 fe ff 0e        movl     0xefffe50, %edx
0x0eff5009:  57                       pushl    %edi
0x0eff500a:  89 f1                    movl     %esi, %ecx
0x0eff500c:  b8 01 00 00 00           movl     $1, %eax
0x0eff5011:  e8 d0 9b ff ff           calll    0xefeebe6

----------------
IN: 
0x0efeebe6:  55                       pushl    %ebp
0x0efeebe7:  57                       pushl    %edi
0x0efeebe8:  56                       pushl    %esi
0x0efeebe9:  53                       pushl    %ebx
0x0efeebea:  83 ec 08                 subl     $8, %esp
0x0efeebed:  89 04 24                 movl     %eax, (%esp)
0x0efeebf0:  89 d6                    movl     %edx, %esi
0x0efeebf2:  89 cf                    movl     %ecx, %edi
0x0efeebf4:  8b 6c 24 1c              movl     0x1c(%esp), %ebp
0x0efeebf8:  b8 18 00 00 00           movl     $0x18, %eax
0x0efeebfd:  e8 40 fe ff ff           calll    0xefeea42

----------------
IN: 
0x0efeec02:  85 c0                    testl    %eax, %eax
0x0efeec04:  75 16                    jne      0xefeec1c

----------------
IN: 
0x0efeec1c:  8b 0c 24                 movl     (%esp), %ecx
0x0efeec1f:  89 08                    movl     %ecx, (%eax)
0x0efeec21:  89 70 08                 movl     %esi, 8(%eax)
0x0efeec24:  89 78 04                 movl     %edi, 4(%eax)
0x0efeec27:  85 ed                    testl    %ebp, %ebp
0x0efeec29:  75 05                    jne      0xefeec30

----------------
IN: 
0x0efeec30:  89 68 0c                 movl     %ebp, 0xc(%eax)
0x0efeec33:  8b 0d 40 fe ff 0e        movl     0xefffe40, %ecx
0x0efeec39:  83 3c 24 03              cmpl     $3, (%esp)
0x0efeec3d:  0f 9e 44 24 07           setle    7(%esp)
0x0efeec42:  ba 40 fe ff 0e           movl     $0xefffe40, %edx
0x0efeec47:  85 c9                    testl    %ecx, %ecx
0x0efeec49:  75 0f                    jne      0xefeec5a

----------------
IN: 
0x0efeec4b:  83 c0 10                 addl     $0x10, %eax
0x0efeec4e:  83 c4 08                 addl     $8, %esp
0x0efeec51:  5b                       popl     %ebx
0x0efeec52:  5e                       popl     %esi
0x0efeec53:  5f                       popl     %edi
0x0efeec54:  5d                       popl     %ebp
0x0efeec55:  e9 37 d4 ff ff           jmp      0xefec091

----------------
IN: 
0x0eff5016:  58                       popl     %eax
0x0eff5017:  81 c4 00 01 00 00        addl     $0x100, %esp
0x0eff501d:  5b                       popl     %ebx
0x0eff501e:  5e                       popl     %esi
0x0eff501f:  5f                       popl     %edi
0x0eff5020:  c3                       retl     

----------------
IN: 
0x0eff6b4d:  80 e3 0f                 andb     $0xf, %bl
0x0eff6b50:  74 0d                    je       0xeff6b5f

----------------
IN: 
0x0eff6b5f:  ba 57 ef 0f 00           movl     $0xfef57, %edx
0x0eff6b64:  0f b7 d2                 movzwl   %dx, %edx
0x0eff6b67:  81 ca 00 00 00 f0        orl      $0xf0000000, %edx
0x0eff6b6d:  b8 06 00 00 00           movl     $6, %eax
0x0eff6b72:  e8 48 69 ff ff           calll    0xefed4bf

----------------
IN: 
0x0eff6b77:  b8 00 7d 00 00           movl     $0x7d00, %eax
0x0eff6b7c:  e8 72 59 0f f1           calll    0xec4f3

----------------
IN: 
0x0eff6b81:  a3 50 ff ff 0e           movl     %eax, 0xeffff50
0x0eff6b86:  a1 f8 fd ff 0e           movl     0xefffdf8, %eax
0x0eff6b8b:  8d 58 fc                 leal     -4(%eax), %ebx
0x0eff6b8e:  85 c0                    testl    %eax, %eax
0x0eff6b90:  75 36                    jne      0xeff6bc8

----------------
IN: 
0x0eff6bc8:  83 fb fc                 cmpl     $-4, %ebx
0x0eff6bcb:  74 14                    je       0xeff6be1

----------------
IN: 
0x0eff6bcd:  89 da                    movl     %ebx, %edx
0x0eff6bcf:  b8 e0 fc ff 0e           movl     $0xefffce0, %eax
0x0eff6bd4:  e8 1e 69 ff ff           calll    0xefed4f7

----------------
IN: 
0x0eff6bd9:  8b 5b 04                 movl     4(%ebx), %ebx
0x0eff6bdc:  83 eb 04                 subl     $4, %ebx
0x0eff6bdf:  eb e7                    jmp      0xeff6bc8

----------------
IN: 
0x0eff25d3:  55                       pushl    %ebp
0x0eff25d4:  57                       pushl    %edi
0x0eff25d5:  56                       pushl    %esi
0x0eff25d6:  53                       pushl    %ebx
0x0eff25d7:  89 c3                    movl     %eax, %ebx
0x0eff25d9:  0f b6 68 16              movzbl   0x16(%eax), %ebp
0x0eff25dd:  0f b7 00                 movzwl   (%eax), %eax
0x0eff25e0:  ba 3c 00 00 00           movl     $0x3c, %edx
0x0eff25e5:  e8 97 7f 0f f1           calll    0xea581

----------------
IN: 
0x0eff25ea:  89 c6                    movl     %eax, %esi
0x0eff25ec:  f7 c5 01 00 00 00        testl    $1, %ebp
0x0eff25f2:  74 2f                    je       0xeff2623

----------------
IN: 
0x0eff2623:  b9 0e 00 00 00           movl     $0xe, %ecx
0x0eff2628:  b8 f4 03 00 00           movl     $0x3f4, %eax
0x0eff262d:  bf f0 01 00 00           movl     $0x1f0, %edi
0x0eff2632:  50                       pushl    %eax
0x0eff2633:  57                       pushl    %edi
0x0eff2634:  31 d2                    xorl     %edx, %edx
0x0eff2636:  89 d8                    movl     %ebx, %eax
0x0eff2638:  e8 f9 fe ff ff           calll    0xeff2536

----------------
IN: 
0x0eff2536:  55                       pushl    %ebp
0x0eff2537:  57                       pushl    %edi
0x0eff2538:  56                       pushl    %esi
0x0eff2539:  53                       pushl    %ebx
0x0eff253a:  83 ec 08                 subl     $8, %esp
0x0eff253d:  89 c6                    movl     %eax, %esi
0x0eff253f:  89 14 24                 movl     %edx, (%esp)
0x0eff2542:  89 4c 24 04              movl     %ecx, 4(%esp)
0x0eff2546:  8b 7c 24 1c              movl     0x1c(%esp), %edi
0x0eff254a:  8b 6c 24 20              movl     0x20(%esp), %ebp
0x0eff254e:  b8 14 00 00 00           movl     $0x14, %eax
0x0eff2553:  e8 1b c5 ff ff           calll    0xefeea73

----------------
IN: 
0x0eff2558:  85 c0                    testl    %eax, %eax
0x0eff255a:  8b 4c 24 04              movl     4(%esp), %ecx
0x0eff255e:  75 16                    jne      0xeff2576

----------------
IN: 
0x0eff2576:  89 c3                    movl     %eax, %ebx
0x0eff2578:  8b 15 00 ff ff 0e        movl     0xeffff00, %edx
0x0eff257e:  8d 42 01                 leal     1(%edx), %eax
0x0eff2581:  a3 00 ff ff 0e           movl     %eax, 0xeffff00
0x0eff2586:  88 53 08                 movb     %dl, 8(%ebx)
0x0eff2589:  8a 14 24                 movb     (%esp), %dl
0x0eff258c:  88 53 07                 movb     %dl, 7(%ebx)
0x0eff258f:  88 4b 06                 movb     %cl, 6(%ebx)
0x0eff2592:  83 ca ff                 orl      $0xffffffff, %edx
0x0eff2595:  85 f6                    testl    %esi, %esi
0x0eff2597:  74 03                    je       0xeff259c

----------------
IN: 
0x0eff2599:  0f b7 16                 movzwl   (%esi), %edx
0x0eff259c:  89 53 0c                 movl     %edx, 0xc(%ebx)
0x0eff259f:  89 73 10                 movl     %esi, 0x10(%ebx)
0x0eff25a2:  66 89 3b                 movw     %di, (%ebx)
0x0eff25a5:  66 89 6b 02              movw     %bp, 2(%ebx)
0x0eff25a9:  66 c7 43 04 00 00        movw     $0, 4(%ebx)
0x0eff25af:  52                       pushl    %edx
0x0eff25b0:  51                       pushl    %ecx
0x0eff25b1:  6a 00                    pushl    $0
0x0eff25b3:  55                       pushl    %ebp
0x0eff25b4:  57                       pushl    %edi
0x0eff25b5:  50                       pushl    %eax
0x0eff25b6:  68 12 1d 0f 00           pushl    $0xf1d12
0x0eff25bb:  e8 62 a9 0f f1           calll    0xecf22

----------------
IN: 
0x0eff25c0:  89 da                    movl     %ebx, %edx
0x0eff25c2:  b8 c8 99 ff 0e           movl     $0xeff99c8, %eax
0x0eff25c7:  83 c4 24                 addl     $0x24, %esp
0x0eff25ca:  5b                       popl     %ebx
0x0eff25cb:  5e                       popl     %esi
0x0eff25cc:  5f                       popl     %edi
0x0eff25cd:  5d                       popl     %ebp
0x0eff25ce:  e9 c4 c3 ff ff           jmp      0xefee997

----------------
IN: 
0x0eff99c8:  55                       pushl    %ebp
0x0eff99c9:  57                       pushl    %edi
0x0eff99ca:  56                       pushl    %esi
0x0eff99cb:  53                       pushl    %ebx
0x0eff99cc:  81 ec 74 02 00 00        subl     $0x274, %esp
0x0eff99d2:  89 44 24 0c              movl     %eax, 0xc(%esp)
0x0eff99d6:  8d 44 24 40              leal     0x40(%esp), %eax
0x0eff99da:  b9 34 00 00 00           movl     $0x34, %ecx
0x0eff99df:  31 d2                    xorl     %edx, %edx
0x0eff99e1:  e8 40 1d 0f f1           calll    0xeb726

----------------
IN: 
0x0eff99e6:  8b 44 24 0c              movl     0xc(%esp), %eax
0x0eff99ea:  89 44 24 6c              movl     %eax, 0x6c(%esp)
0x0eff99ee:  c6 44 24 03 00           movb     $0, 3(%esp)
0x0eff99f3:  31 f6                    xorl     %esi, %esi
0x0eff99f5:  8b 44 24 0c              movl     0xc(%esp), %eax
0x0eff99f9:  0f b7 00                 movzwl   (%eax), %eax
0x0eff99fc:  89 c5                    movl     %eax, %ebp
0x0eff99fe:  89 44 24 04              movl     %eax, 4(%esp)
0x0eff9a02:  e8 ab 5d ff ff           calll    0xefef7b2

----------------
IN: 
0x0efef7b2:  56                       pushl    %esi
0x0efef7b3:  53                       pushl    %ebx
0x0efef7b4:  89 c6                    movl     %eax, %esi
0x0efef7b6:  31 db                    xorl     %ebx, %ebx
0x0efef7b8:  8d 56 07                 leal     7(%esi), %edx
0x0efef7bb:  ec                       inb      %dx, %al

----------------
IN: 
0x0efef7bc:  84 c0                    testb    %al, %al
0x0efef7be:  79 30                    jns      0xefef7f0

----------------
IN: 
0x0efef7f0:  0f b6 c0                 movzbl   %al, %eax
0x0efef7f3:  eb 05                    jmp      0xefef7fa

----------------
IN: 
0x0efef7fa:  5b                       popl     %ebx
0x0efef7fb:  5e                       popl     %esi
0x0efef7fc:  c3                       retl     

----------------
IN: 
0x0eff9a07:  40                       incl     %eax
0x0eff9a08:  0f 84 b1 03 00 00        je       0xeff9dbf

----------------
IN: 
0x0eff9a0e:  b3 a0                    movb     $0xa0, %bl
0x0eff9a10:  80 7c 24 03 00           cmpb     $0, 3(%esp)
0x0eff9a15:  74 02                    je       0xeff9a19

----------------
IN: 
0x0eff9a19:  88 d8                    movb     %bl, %al
0x0eff9a1b:  8d 55 06                 leal     6(%ebp), %edx
0x0eff9a1e:  ee                       outb     %al, %dx

----------------
IN: 
0x0eff9a1f:  e8 5f 2a 0f f1           calll    0xec483

----------------
IN: 
0x0eff9a24:  89 44 24 10              movl     %eax, 0x10(%esp)
0x0eff9a28:  69 05 dc 60 0f 00 90 01  imull    $0x190, 0xf60dc, %eax
0x0eff9a30:  00 00
0x0eff9a32:  05 3f 42 0f 00           addl     $0xf423f, %eax
0x0eff9a37:  b9 40 42 0f 00           movl     $0xf4240, %ecx
0x0eff9a3c:  31 d2                    xorl     %edx, %edx
0x0eff9a3e:  f7 f1                    divl     %ecx
0x0eff9a40:  03 44 24 10              addl     0x10(%esp), %eax
0x0eff9a44:  e8 15 2b 0f f1           calll    0xec55e

----------------
IN: 
0x000ec55e:  53                       pushl    %ebx
0x000ec55f:  89 c3                    movl     %eax, %ebx
0x000ec561:  89 d8                    movl     %ebx, %eax
0x000ec563:  e8 e2 ff ff ff           calll    0xec54a

----------------
IN: 
0x000ec54a:  53                       pushl    %ebx
0x000ec54b:  89 c3                    movl     %eax, %ebx
0x000ec54d:  e8 31 ff ff ff           calll    0xec483

----------------
IN: 
0x000ec552:  29 d8                    subl     %ebx, %eax
0x000ec554:  85 c0                    testl    %eax, %eax
0x000ec556:  0f 9f c0                 setg     %al
0x000ec559:  0f b6 c0                 movzbl   %al, %eax
0x000ec55c:  5b                       popl     %ebx
0x000ec55d:  c3                       retl     

----------------
IN: 
0x000ec568:  85 c0                    testl    %eax, %eax
0x000ec56a:  75 04                    jne      0xec570

----------------
IN: 
0x000ec570:  5b                       popl     %ebx
0x000ec571:  c3                       retl     

----------------
IN: 
0x0eff9a49:  0f b7 c5                 movzwl   %bp, %eax
0x0eff9a4c:  e8 61 5d ff ff           calll    0xefef7b2

----------------
IN: 
0x0eff9a51:  40                       incl     %eax
0x0eff9a52:  0f 84 67 03 00 00        je       0xeff9dbf

----------------
IN: 
0x0eff9a58:  88 d8                    movb     %bl, %al
0x0eff9a5a:  8d 55 06                 leal     6(%ebp), %edx
0x0eff9a5d:  ee                       outb     %al, %dx

----------------
IN: 
0x0eff9a5e:  ec                       inb      %dx, %al

----------------
IN: 
0x0eff9a5f:  88 44 24 10              movb     %al, 0x10(%esp)
0x0eff9a63:  b0 55                    movb     $0x55, %al
0x0eff9a65:  8d 55 02                 leal     2(%ebp), %edx
0x0eff9a68:  ee                       outb     %al, %dx

----------------
IN: 
0x0eff9a69:  b0 aa                    movb     $0xaa, %al
0x0eff9a6b:  8d 55 03                 leal     3(%ebp), %edx
0x0eff9a6e:  ee                       outb     %al, %dx

----------------
IN: 
0x0eff9a6f:  8d 55 02                 leal     2(%ebp), %edx
0x0eff9a72:  ec                       inb      %dx, %al

----------------
IN: 
0x0eff9a73:  8d 55 03                 leal     3(%ebp), %edx
0x0eff9a76:  88 c1                    movb     %al, %cl
0x0eff9a78:  ec                       inb      %dx, %al

----------------
IN: 
0x0eff9a79:  3c aa                    cmpb     $0xaa, %al
0x0eff9a7b:  0f 95 c0                 setne    %al
0x0eff9a7e:  80 f9 55                 cmpb     $0x55, %cl
0x0eff9a81:  0f 95 c2                 setne    %dl
0x0eff9a84:  08 d0                    orb      %dl, %al
0x0eff9a86:  0f 85 33 03 00 00        jne      0xeff9dbf

----------------
IN: 
0x0eff9a8c:  3a 5c 24 10              cmpb     0x10(%esp), %bl
0x0eff9a90:  0f 85 29 03 00 00        jne      0xeff9dbf

----------------
IN: 
0x0eff9a96:  8a 44 24 03              movb     3(%esp), %al
0x0eff9a9a:  88 44 24 70              movb     %al, 0x70(%esp)
0x0eff9a9e:  85 f6                    testl    %esi, %esi
0x0eff9aa0:  0f 85 a6 00 00 00        jne      0xeff9b4c

----------------
IN: 
0x0eff9aa6:  8b 44 24 6c              movl     0x6c(%esp), %eax
0x0eff9aaa:  0f b7 38                 movzwl   (%eax), %edi
0x0eff9aad:  89 fb                    movl     %edi, %ebx
0x0eff9aaf:  66 8b 70 02              movw     2(%eax), %si
0x0eff9ab3:  83 c6 02                 addl     $2, %esi
0x0eff9ab6:  b0 0e                    movb     $0xe, %al
0x0eff9ab8:  89 f2                    movl     %esi, %edx
0x0eff9aba:  ee                       outb     %al, %dx

----------------
IN: 
0x0eff9abb:  b8 05 00 00 00           movl     $5, %eax
0x0eff9ac0:  e8 ad 2a 0f f1           calll    0xec572

----------------
IN: 
0x000ec572:  e8 8f ff ff ff           calll    0xec506

----------------
IN: 
0x000ec506:  56                       pushl    %esi
0x000ec507:  53                       pushl    %ebx
0x000ec508:  89 c3                    movl     %eax, %ebx
0x000ec50a:  e8 74 ff ff ff           calll    0xec483

----------------
IN: 
0x000ec50f:  89 c1                    movl     %eax, %ecx
0x000ec511:  8b 35 dc 60 0f 00        movl     0xf60dc, %esi
0x000ec517:  81 fb 20 a1 07 00        cmpl     $0x7a120, %ebx
0x000ec51d:  76 14                    jbe      0xec533

----------------
IN: 
0x000ec533:  0f af f3                 imull    %ebx, %esi
0x000ec536:  8d 86 e7 03 00 00        leal     0x3e7(%esi), %eax
0x000ec53c:  bb e8 03 00 00           movl     $0x3e8, %ebx
0x000ec541:  31 d2                    xorl     %edx, %edx
0x000ec543:  f7 f3                    divl     %ebx
0x000ec545:  01 c8                    addl     %ecx, %eax
0x000ec547:  5b                       popl     %ebx
0x000ec548:  5e                       popl     %esi
0x000ec549:  c3                       retl     

----------------
IN: 
0x000ec577:  e9 e2 ff ff ff           jmp      0xec55e

----------------
IN: 
0x0eff9ac5:  b0 0a                    movb     $0xa, %al
0x0eff9ac7:  89 f2                    movl     %esi, %edx
0x0eff9ac9:  ee                       outb     %al, %dx

----------------
IN: 
0x0eff9aca:  b8 02 00 00 00           movl     $2, %eax
0x0eff9acf:  e8 80 48 ff ff           calll    0xefee354

----------------
IN: 
0x0efee354:  53                       pushl    %ebx
0x0efee355:  e8 99 e1 0f f1           calll    0xec4f3

----------------
IN: 
0x0efee35a:  89 c3                    movl     %eax, %ebx
0x0efee35c:  89 d8                    movl     %ebx, %eax
0x0efee35e:  e8 e7 e1 0f f1           calll    0xec54a

----------------
IN: 
0x0efee363:  85 c0                    testl    %eax, %eax
0x0efee365:  75 07                    jne      0xefee36e

----------------
IN: 
0x0efee367:  e8 c8 e7 0f f1           calll    0xecb34

----------------
IN: 
0x000ea296:  5b                       popl     %ebx
0x000ea297:  5e                       popl     %esi
0x000ea298:  5f                       popl     %edi
0x000ea299:  c3                       retl     

----------------
IN: 
0x000ecb5f:  5b                       popl     %ebx
0x000ecb60:  c3                       retl     

----------------
IN: 
0x0eff22bd:  8a 44 24 03              movb     3(%esp), %al
0x0eff22c1:  a2 ac 99 0e 00           movb     %al, 0xe99ac
0x0eff22c6:  83 e0 ef                 andl     $0xffffffef, %eax
0x0eff22c9:  88 44 24 03              movb     %al, 3(%esp)
0x0eff22cd:  8d 54 24 03              leal     3(%esp), %edx
0x0eff22d1:  b8 60 10 00 00           movl     $0x1060, %eax
0x0eff22d6:  e8 01 cf ff ff           calll    0xefef1dc

----------------
IN: 
0x0eff22db:  89 c3                    movl     %eax, %ebx
0x0eff22dd:  85 c0                    testl    %eax, %eax
0x0eff22df:  74 05                    je       0xeff22e6

----------------
IN: 
0x0eff22e6:  89 f0                    movl     %esi, %eax
0x0eff22e8:  0f b6 c0                 movzbl   %al, %eax
0x0eff22eb:  89 f1                    movl     %esi, %ecx
0x0eff22ed:  fe c1                    incb     %cl
0x0eff22ef:  75 15                    jne      0xeff2306

----------------
IN: 
0x0eff22f1:  ba e8 03 00 00           movl     $0x3e8, %edx
0x0eff22f6:  e8 4f ff ff ff           calll    0xeff224a

----------------
IN: 
0x0eff224a:  56                       pushl    %esi
0x0eff224b:  53                       pushl    %ebx
0x0eff224c:  89 d6                    movl     %edx, %esi
0x0eff224e:  88 c3                    movb     %al, %bl
0x0eff2250:  e8 9e ad 0f f1           calll    0xecff3

----------------
IN: 
0x0eff2255:  85 c0                    testl    %eax, %eax
0x0eff2257:  75 1f                    jne      0xeff2278

----------------
IN: 
0x0eff2259:  88 d8                    movb     %bl, %al
0x0eff225b:  e6 60                    outb     %al, $0x60

----------------
IN: 
0x0eff225d:  89 f2                    movl     %esi, %edx
0x0eff225f:  b8 01 00 00 00           movl     $1, %eax
0x0eff2264:  e8 5e ff ff ff           calll    0xeff21c7

----------------
IN: 
0x0eff21c7:  56                       pushl    %esi
0x0eff21c8:  53                       pushl    %ebx
0x0eff21c9:  89 c3                    movl     %eax, %ebx
0x0eff21cb:  89 d0                    movl     %edx, %eax
0x0eff21cd:  e8 21 a3 0f f1           calll    0xec4f3

----------------
IN: 
0x0eff21d2:  89 c6                    movl     %eax, %esi
0x0eff21d4:  e4 64                    inb      $0x64, %al

----------------
IN: 
0x0eff21d6:  0f b6 d0                 movzbl   %al, %edx
0x0eff21d9:  f6 c2 01                 testb    $1, %dl
0x0eff21dc:  74 3e                    je       0xeff221c

----------------
IN: 
0x0eff21de:  e4 60                    inb      $0x60, %al

----------------
IN: 
0x0eff21e0:  f6 c2 20                 testb    $0x20, %dl
0x0eff21e3:  75 25                    jne      0xeff220a

----------------
IN: 
0x0eff21e5:  85 db                    testl    %ebx, %ebx
0x0eff21e7:  75 05                    jne      0xeff21ee

----------------
IN: 
0x0eff21ee:  3c fa                    cmpb     $0xfa, %al
0x0eff21f0:  74 50                    je       0xeff2242

----------------
IN: 
0x0eff2242:  b8 fa 00 00 00           movl     $0xfa, %eax
0x0eff2247:  5b                       popl     %ebx
0x0eff2248:  5e                       popl     %esi
0x0eff2249:  c3                       retl     

----------------
IN: 
0x0eff2269:  3d fa 00 00 00           cmpl     $0xfa, %eax
0x0eff226e:  0f 95 c0                 setne    %al
0x0eff2271:  0f b6 c0                 movzbl   %al, %eax
0x0eff2274:  f7 d8                    negl     %eax
0x0eff2276:  eb 03                    jmp      0xeff227b

----------------
IN: 
0x0eff227b:  5b                       popl     %ebx
0x0eff227c:  5e                       popl     %esi
0x0eff227d:  c3                       retl     

----------------
IN: 
0x0eff22fb:  ba a0 0f 00 00           movl     $0xfa0, %edx
0x0eff2300:  85 c0                    testl    %eax, %eax
0x0eff2302:  75 dd                    jne      0xeff22e1

----------------
IN: 
0x0eff2304:  eb 3f                    jmp      0xeff2345

----------------
IN: 
0x0eff2345:  e8 7d fe ff ff           calll    0xeff21c7

----------------
IN: 
0x0eff21e9:  0f b6 c0                 movzbl   %al, %eax
0x0eff21ec:  eb 59                    jmp      0xeff2247

----------------
IN: 
0x0eff2247:  5b                       popl     %ebx
0x0eff2248:  5e                       popl     %esi
0x0eff2249:  c3                       retl     

----------------
IN: 
0x0eff234a:  83 f8 ff                 cmpl     $-1, %eax
0x0eff234d:  74 92                    je       0xeff22e1

----------------
IN: 
0x0eff234f:  88 45 00                 movb     %al, (%ebp)
0x0eff2352:  89 f8                    movl     %edi, %eax
0x0eff2354:  a2 ac 99 0e 00           movb     %al, 0xe99ac
0x0eff2359:  8d 54 24 02              leal     2(%esp), %edx
0x0eff235d:  b8 60 10 00 00           movl     $0x1060, %eax
0x0eff2362:  e8 75 ce ff ff           calll    0xefef1dc

----------------
IN: 
0x0eff2367:  85 c0                    testl    %eax, %eax
0x0eff2369:  0f 85 41 ff ff ff        jne      0xeff22b0

----------------
IN: 
0x0eff236f:  89 d8                    movl     %ebx, %eax
0x0eff2371:  5a                       popl     %edx
0x0eff2372:  5b                       popl     %ebx
0x0eff2373:  5e                       popl     %esi
0x0eff2374:  5f                       popl     %edi
0x0eff2375:  5d                       popl     %ebp
0x0eff2376:  c3                       retl     

----------------
IN: 
0x0eff2443:  0f b6 5c 24 02           movzbl   2(%esp), %ebx
0x0eff2448:  85 c0                    testl    %eax, %eax
0x0eff244a:  74 29                    je       0xeff2475

----------------
IN: 
0x0eff2475:  80 fb aa                 cmpb     $0xaa, %bl
0x0eff2478:  74 08                    je       0xeff2482

----------------
IN: 
0x0eff2482:  31 d2                    xorl     %edx, %edx
0x0eff2484:  b8 f5 00 00 00           movl     $0xf5, %eax
0x0eff2489:  e8 f0 fd ff ff           calll    0xeff227e

----------------
IN: 
0x0eff263d:  59                       popl     %ecx
0x0eff263e:  5f                       popl     %edi
0x0eff263f:  83 e5 04                 andl     $4, %ebp
0x0eff2642:  74 2f                    je       0xeff2673

----------------
IN: 
0x0eff2673:  b9 0f 00 00 00           movl     $0xf, %ecx
0x0eff2678:  b8 74 03 00 00           movl     $0x374, %eax
0x0eff267d:  bf 70 01 00 00           movl     $0x170, %edi
0x0eff2682:  50                       pushl    %eax
0x0eff2683:  57                       pushl    %edi
0x0eff2684:  ba 01 00 00 00           movl     $1, %edx
0x0eff2689:  89 d8                    movl     %ebx, %eax
0x0eff268b:  e8 a6 fe ff ff           calll    0xeff2536

----------------
IN: 
0x000ec56c:  f3 90                    pause    

----------------
IN: 
0x000ec56e:  eb f1                    jmp      0xec561

----------------
IN: 
0x000ec561:  89 d8                    movl     %ebx, %eax
0x000ec563:  e8 e2 ff ff ff           calll    0xec54a

----------------
IN: 
0x0efee36c:  eb ee                    jmp      0xefee35c

----------------
IN: 
0x0efee35c:  89 d8                    movl     %ebx, %eax
0x0efee35e:  e8 e7 e1 0f f1           calll    0xec54a

----------------
IN: 
0x0eff2306:  ba c8 00 00 00           movl     $0xc8, %edx
0x0eff230b:  e8 3a ff ff ff           calll    0xeff224a

----------------
IN: 
0x0eff2310:  85 c0                    testl    %eax, %eax
0x0eff2312:  75 cd                    jne      0xeff22e1

----------------
IN: 
0x0eff2314:  89 f0                    movl     %esi, %eax
0x0eff2316:  c1 f8 0c                 sarl     $0xc, %eax
0x0eff2319:  48                       decl     %eax
0x0eff231a:  75 14                    jne      0xeff2330

----------------
IN: 
0x0eff2330:  81 e6 00 0f 00 00        andl     $0xf00, %esi
0x0eff2336:  81 fe 00 01 00 00        cmpl     $0x100, %esi
0x0eff233c:  75 14                    jne      0xeff2352

----------------
IN: 
0x0eff2352:  89 f8                    movl     %edi, %eax
0x0eff2354:  a2 ac 99 0e 00           movb     %al, 0xe99ac
0x0eff2359:  8d 54 24 02              leal     2(%esp), %edx
0x0eff235d:  b8 60 10 00 00           movl     $0x1060, %eax
0x0eff2362:  e8 75 ce ff ff           calll    0xefef1dc

----------------
IN: 
0x0eff248e:  85 c0                    testl    %eax, %eax
0x0eff2490:  75 39                    jne      0xeff24cb

----------------
IN: 
0x0eff2492:  c6 44 24 02 02           movb     $2, 2(%esp)
0x0eff2497:  8d 54 24 02              leal     2(%esp), %edx
0x0eff249b:  b8 f0 10 00 00           movl     $0x10f0, %eax
0x0eff24a0:  e8 d9 fd ff ff           calll    0xeff227e

----------------
IN: 
0x0eff2690:  58                       popl     %eax
0x0eff2691:  5a                       popl     %edx
0x0eff2692:  5b                       popl     %ebx
0x0eff2693:  5e                       popl     %esi
0x0eff2694:  5f                       popl     %edi
0x0eff2695:  5d                       popl     %ebp
0x0eff2696:  c3                       retl     

----------------
IN: 
0x0eff6be1:  c6 05 76 04 00 00 c0     movb     $0xc0, 0x476
0x0eff6be8:  ba 21 d4 0f 00           movl     $0xfd421, %edx
0x0eff6bed:  0f b7 d2                 movzwl   %dx, %edx
0x0eff6bf0:  81 ca 00 00 00 f0        orl      $0xf0000000, %edx
0x0eff6bf6:  b8 0e 00 00 00           movl     $0xe, %eax
0x0eff6bfb:  e8 bf 68 ff ff           calll    0xefed4bf

----------------
IN: 
0x0eff6c00:  a1 f8 fd ff 0e           movl     0xefffdf8, %eax
0x0eff6c05:  8d 70 fc                 leal     -4(%eax), %esi
0x0eff6c08:  83 fe fc                 cmpl     $-4, %esi
0x0eff6c0b:  0f 84 3d 02 00 00        je       0xeff6e4e

----------------
IN: 
0x0eff6c11:  66 81 7e 14 06 01        cmpw     $0x106, 0x14(%esi)
0x0eff6c17:  0f 85 26 02 00 00        jne      0xeff6e43

----------------
IN: 
0x0eff6e43:  8b 76 04                 movl     4(%esi), %esi
0x0eff6e46:  83 ee 04                 subl     $4, %esi
0x0eff6e49:  e9 ba fd ff ff           jmp      0xeff6c08

----------------
IN: 
0x0eff6c08:  83 fe fc                 cmpl     $-4, %esi
0x0eff6c0b:  0f 84 3d 02 00 00        je       0xeff6e4e

----------------
IN: 
0x0eff6e4e:  31 db                    xorl     %ebx, %ebx
0x0eff6e50:  8b 14 24                 movl     (%esp), %edx
0x0eff6e53:  b8 80 29 0f 00           movl     $0xf2980, %eax
0x0eff6e58:  e8 79 56 ff ff           calll    0xefec4d6

----------------
IN: 
0x0eff6e5d:  89 04 24                 movl     %eax, (%esp)
0x0eff6e60:  85 c0                    testl    %eax, %eax
0x0eff6e62:  74 0f                    je       0xeff6e73

----------------
IN: 
0x0eff6e73:  85 db                    testl    %ebx, %ebx
0x0eff6e75:  74 28                    je       0xeff6e9f

----------------
IN: 
0x0eff6e9f:  a1 f8 fd ff 0e           movl     0xefffdf8, %eax
0x0eff6ea4:  8d 58 fc                 leal     -4(%eax), %ebx
0x0eff6ea7:  83 fb fc                 cmpl     $-4, %ebx
0x0eff6eaa:  74 cb                    je       0xeff6e77

----------------
IN: 
0x0eff6eac:  66 81 7b 14 05 08        cmpw     $0x805, 0x14(%ebx)
0x0eff6eb2:  75 12                    jne      0xeff6ec6

----------------
IN: 
0x0eff6ec6:  8b 5b 04                 movl     4(%ebx), %ebx
0x0eff6ec9:  83 eb 04                 subl     $4, %ebx
0x0eff6ecc:  eb d9                    jmp      0xeff6ea7

----------------
IN: 
0x0eff6ea7:  83 fb fc                 cmpl     $-4, %ebx
0x0eff6eaa:  74 cb                    je       0xeff6e77

----------------
IN: 
0x0eff6e77:  31 d2                    xorl     %edx, %edx
0x0eff6e79:  b8 8b 29 0f 00           movl     $0xf298b, %eax
0x0eff6e7e:  e8 53 56 ff ff           calll    0xefec4d6

----------------
IN: 
0x0eff6e83:  89 c3                    movl     %eax, %ebx
0x0eff6e85:  85 c0                    testl    %eax, %eax
0x0eff6e87:  0f 84 8d 00 00 00        je       0xeff6f1a

----------------
IN: 
0x0eff6f1a:  e8 ac 8f ff ff           calll    0xefefecb

----------------
IN: 
0x0efefecb:  a1 2c fd ff 0e           movl     0xefffd2c, %eax
0x0efefed0:  83 f8 fe                 cmpl     $-2, %eax
0x0efefed3:  75 0f                    jne      0xefefee4

----------------
IN: 
0x0efefed5:  b8 fc 11 0f 00           movl     $0xf11fc, %eax
0x0efefeda:  e8 ab ff ff ff           calll    0xefefe8a

----------------
IN: 
0x0efefedf:  a3 2c fd ff 0e           movl     %eax, 0xefffd2c
0x0efefee4:  f7 d0                    notl     %eax
0x0efefee6:  c1 e8 1f                 shrl     $0x1f, %eax
0x0efefee9:  c3                       retl     

----------------
IN: 
0x0eff6f1f:  89 c6                    movl     %eax, %esi
0x0eff6f21:  a1 f8 fd ff 0e           movl     0xefffdf8, %eax
0x0eff6f26:  8d 58 fc                 leal     -4(%eax), %ebx
0x0eff6f29:  83 fb fc                 cmpl     $-4, %ebx
0x0eff6f2c:  74 4b                    je       0xeff6f79

----------------
IN: 
0x0eff6f2e:  66 81 7b 10 f4 1a        cmpw     $0x1af4, 0x10(%ebx)
0x0eff6f34:  75 3b                    jne      0xeff6f71

----------------
IN: 
0x0eff6f71:  8b 5b 04                 movl     4(%ebx), %ebx
0x0eff6f74:  83 eb 04                 subl     $4, %ebx
0x0eff6f77:  eb b0                    jmp      0xeff6f29

----------------
IN: 
0x0eff6f29:  83 fb fc                 cmpl     $-4, %ebx
0x0eff6f2c:  74 4b                    je       0xeff6f79

----------------
IN: 
0x0eff6f79:  e8 4d 8f ff ff           calll    0xefefecb

----------------
IN: 
0x0efefee4:  f7 d0                    notl     %eax
0x0efefee6:  c1 e8 1f                 shrl     $0x1f, %eax
0x0efefee9:  c3                       retl     

----------------
IN: 
0x0eff6f7e:  89 c6                    movl     %eax, %esi
0x0eff6f80:  a1 f8 fd ff 0e           movl     0xefffdf8, %eax
0x0eff6f85:  8d 58 fc                 leal     -4(%eax), %ebx
0x0eff6f88:  83 fb fc                 cmpl     $-4, %ebx
0x0eff6f8b:  74 4b                    je       0xeff6fd8

----------------
IN: 
0x0eff6f8d:  66 81 7b 10 f4 1a        cmpw     $0x1af4, 0x10(%ebx)
0x0eff6f93:  75 3b                    jne      0xeff6fd0

----------------
IN: 
0x0eff6fd0:  8b 5b 04                 movl     4(%ebx), %ebx
0x0eff6fd3:  83 eb 04                 subl     $4, %ebx
0x0eff6fd6:  eb b0                    jmp      0xeff6f88

----------------
IN: 
0x0eff6f88:  83 fb fc                 cmpl     $-4, %ebx
0x0eff6f8b:  74 4b                    je       0xeff6fd8

----------------
IN: 
0x0eff6fd8:  a1 f8 fd ff 0e           movl     0xefffdf8, %eax
0x0eff6fdd:  8d 58 fc                 leal     -4(%eax), %ebx
0x0eff6fe0:  83 fb fc                 cmpl     $-4, %ebx
0x0eff6fe3:  74 23                    je       0xeff7008

----------------
IN: 
0x0eff6fe5:  66 81 7b 10 00 10        cmpw     $0x1000, 0x10(%ebx)
0x0eff6feb:  75 13                    jne      0xeff7000

----------------
IN: 
0x0eff7000:  8b 5b 04                 movl     4(%ebx), %ebx
0x0eff7003:  83 eb 04                 subl     $4, %ebx
0x0eff7006:  eb d8                    jmp      0xeff6fe0

----------------
IN: 
0x0eff6fe0:  83 fb fc                 cmpl     $-4, %ebx
0x0eff6fe3:  74 23                    je       0xeff7008

----------------
IN: 
0x0eff7008:  a1 f8 fd ff 0e           movl     0xefffdf8, %eax
0x0eff700d:  8d 58 fc                 leal     -4(%eax), %ebx
0x0eff7010:  83 fb fc                 cmpl     $-4, %ebx
0x0eff7013:  74 24                    je       0xeff7039

----------------
IN: 
0x0eff7015:  66 81 7b 10 22 10        cmpw     $0x1022, 0x10(%ebx)
0x0eff701b:  75 14                    jne      0xeff7031

----------------
IN: 
0x0eff7031:  8b 5b 04                 movl     4(%ebx), %ebx
0x0eff7034:  83 eb 04                 subl     $4, %ebx
0x0eff7037:  eb d7                    jmp      0xeff7010

----------------
IN: 
0x0eff7010:  83 fb fc                 cmpl     $-4, %ebx
0x0eff7013:  74 24                    je       0xeff7039

----------------
IN: 
0x0eff7039:  a1 f8 fd ff 0e           movl     0xefffdf8, %eax
0x0eff703e:  8d 58 fc                 leal     -4(%eax), %ebx
0x0eff7041:  83 fb fc                 cmpl     $-4, %ebx
0x0eff7044:  74 59                    je       0xeff709f

----------------
IN: 
0x0eff7046:  8b 43 10                 movl     0x10(%ebx), %eax
0x0eff7049:  66 3d 28 10              cmpw     $0x1028, %ax
0x0eff704d:  74 06                    je       0xeff7055

----------------
IN: 
0x0eff704f:  66 3d 00 10              cmpw     $0x1000, %ax
0x0eff7053:  75 42                    jne      0xeff7097

----------------
IN: 
0x0eff7097:  8b 5b 04                 movl     4(%ebx), %ebx
0x0eff709a:  83 eb 04                 subl     $4, %ebx
0x0eff709d:  eb a2                    jmp      0xeff7041

----------------
IN: 
0x0eff7041:  83 fb fc                 cmpl     $-4, %ebx
0x0eff7044:  74 59                    je       0xeff709f

----------------
IN: 
0x0eff709f:  a1 f8 fd ff 0e           movl     0xefffdf8, %eax
0x0eff70a4:  8d 58 fc                 leal     -4(%eax), %ebx
0x0eff70a7:  83 fb fc                 cmpl     $-4, %ebx
0x0eff70aa:  74 24                    je       0xeff70d0

----------------
IN: 
0x0eff70ac:  66 81 7b 10 ad 15        cmpw     $0x15ad, 0x10(%ebx)
0x0eff70b2:  75 14                    jne      0xeff70c8

----------------
IN: 
0x0eff70c8:  8b 5b 04                 movl     4(%ebx), %ebx
0x0eff70cb:  83 eb 04                 subl     $4, %ebx
0x0eff70ce:  eb d7                    jmp      0xeff70a7

----------------
IN: 
0x0eff70a7:  83 fb fc                 cmpl     $-4, %ebx
0x0eff70aa:  74 24                    je       0xeff70d0

----------------
IN: 
0x0eff70d0:  a1 f8 fd ff 0e           movl     0xefffdf8, %eax
0x0eff70d5:  8d 58 fc                 leal     -4(%eax), %ebx
0x0eff70d8:  83 fb fc                 cmpl     $-4, %ebx
0x0eff70db:  74 30                    je       0xeff710d

----------------
IN: 
0x0eff70dd:  66 81 7b 10 00 10        cmpw     $0x1000, 0x10(%ebx)
0x0eff70e3:  75 20                    jne      0xeff7105

----------------
IN: 
0x0eff7105:  8b 5b 04                 movl     4(%ebx), %ebx
0x0eff7108:  83 eb 04                 subl     $4, %ebx
0x0eff710b:  eb cb                    jmp      0xeff70d8

----------------
IN: 
0x0eff70d8:  83 fb fc                 cmpl     $-4, %ebx
0x0eff70db:  74 30                    je       0xeff710d

----------------
IN: 
0x0eff710d:  a1 f8 fd ff 0e           movl     0xefffdf8, %eax
0x0eff7112:  8d 58 fc                 leal     -4(%eax), %ebx
0x0eff7115:  83 fb fc                 cmpl     $-4, %ebx
0x0eff7118:  74 22                    je       0xeff713c

----------------
IN: 
0x0eff711a:  66 81 7b 14 08 01        cmpw     $0x108, 0x14(%ebx)
0x0eff7120:  75 12                    jne      0xeff7134

----------------
IN: 
0x0eff7134:  8b 5b 04                 movl     4(%ebx), %ebx
0x0eff7137:  83 eb 04                 subl     $4, %ebx
0x0eff713a:  eb d9                    jmp      0xeff7115

----------------
IN: 
0x0eff7115:  83 fb fc                 cmpl     $-4, %ebx
0x0eff7118:  74 22                    je       0xeff713c

----------------
IN: 
0x0eff713c:  ba 7a 03 00 00           movl     $0x37a, %edx
0x0eff7141:  ec                       inb      %dx, %al

----------------
IN: 
0x0eff7142:  83 e0 df                 andl     $0xffffffdf, %eax
0x0eff7145:  ee                       outb     %al, %dx

----------------
IN: 
0x0eff7146:  ba 78 03 00 00           movl     $0x378, %edx
0x0eff714b:  b0 aa                    movb     $0xaa, %al
0x0eff714d:  ee                       outb     %al, %dx

----------------
IN: 
0x0eff714e:  ec                       inb      %dx, %al

----------------
IN: 
0x0eff714f:  31 c9                    xorl     %ecx, %ecx
0x0eff7151:  3c aa                    cmpb     $0xaa, %al
0x0eff7153:  75 15                    jne      0xeff716a

----------------
IN: 
0x0eff7155:  66 c7 05 08 04 00 00 78  movw     $0x378, 0x408
0x0eff715d:  03
0x0eff715e:  c6 05 78 04 00 00 14     movb     $0x14, 0x478
0x0eff7165:  b9 01 00 00 00           movl     $1, %ecx
0x0eff716a:  ba 7a 02 00 00           movl     $0x27a, %edx
0x0eff716f:  ec                       inb      %dx, %al

----------------
IN: 
0x0eff7170:  83 e0 df                 andl     $0xffffffdf, %eax
0x0eff7173:  ee                       outb     %al, %dx

----------------
IN: 
0x0eff7174:  ba 78 02 00 00           movl     $0x278, %edx
0x0eff7179:  b0 aa                    movb     $0xaa, %al
0x0eff717b:  ee                       outb     %al, %dx

----------------
IN: 
0x0eff717c:  ec                       inb      %dx, %al

----------------
IN: 
0x0eff717d:  31 d2                    xorl     %edx, %edx
0x0eff717f:  3c aa                    cmpb     $0xaa, %al
0x0eff7181:  75 19                    jne      0xeff719c

----------------
IN: 
0x0eff719c:  8d 1c 0a                 leal     (%edx, %ecx), %ebx
0x0eff719f:  0f b7 c3                 movzwl   %bx, %eax
0x0eff71a2:  50                       pushl    %eax
0x0eff71a3:  68 28 2a 0f 00           pushl    $0xf2a28
0x0eff71a8:  e8 75 5d 0f f1           calll    0xecf22

----------------
IN: 
0x0eff71ad:  a1 10 04 00 00           movl     0x410, %eax
0x0eff71b2:  66 25 ff 3f              andw     $0x3fff, %ax
0x0eff71b6:  89 da                    movl     %ebx, %edx
0x0eff71b8:  c1 e2 0e                 shll     $0xe, %edx
0x0eff71bb:  09 d0                    orl      %edx, %eax
0x0eff71bd:  66 a3 10 04 00 00        movw     %ax, 0x410
0x0eff71c3:  31 d2                    xorl     %edx, %edx
0x0eff71c5:  b8 f8 03 00 00           movl     $0x3f8, %eax
0x0eff71ca:  e8 26 62 ff ff           calll    0xefed3f5

----------------
IN: 
0x0efed3f5:  56                       pushl    %esi
0x0efed3f6:  53                       pushl    %ebx
0x0efed3f7:  89 c3                    movl     %eax, %ebx
0x0efed3f9:  89 d1                    movl     %edx, %ecx
0x0efed3fb:  b0 02                    movb     $2, %al
0x0efed3fd:  8d 53 01                 leal     1(%ebx), %edx
0x0efed400:  ee                       outb     %al, %dx

----------------
IN: 
0x0efed401:  ec                       inb      %dx, %al

----------------
IN: 
0x0efed402:  3c 02                    cmpb     $2, %al
0x0efed404:  75 2d                    jne      0xefed433

----------------
IN: 
0x0efed406:  8d 53 02                 leal     2(%ebx), %edx
0x0efed409:  ec                       inb      %dx, %al

----------------
IN: 
0x0efed40a:  83 e0 3f                 andl     $0x3f, %eax
0x0efed40d:  3c 02                    cmpb     $2, %al
0x0efed40f:  b8 00 00 00 00           movl     $0, %eax
0x0efed414:  75 1f                    jne      0xefed435

----------------
IN: 
0x0efed416:  8d 53 01                 leal     1(%ebx), %edx
0x0efed419:  ee                       outb     %al, %dx

----------------
IN: 
0x0efed41a:  0f b6 c1                 movzbl   %cl, %eax
0x0efed41d:  66 89 9c 00 00 04 00 00  movw     %bx, 0x400(%eax, %eax)
0x0efed425:  c6 80 7c 04 00 00 0a     movb     $0xa, 0x47c(%eax)
0x0efed42c:  b8 01 00 00 00           movl     $1, %eax
0x0efed431:  eb 02                    jmp      0xefed435

----------------
IN: 
0x0efed435:  5b                       popl     %ebx
0x0efed436:  5e                       popl     %esi
0x0efed437:  c3                       retl     

----------------
IN: 
0x0eff71cf:  0f b7 d0                 movzwl   %ax, %edx
0x0eff71d2:  89 d3                    movl     %edx, %ebx
0x0eff71d4:  b8 f8 02 00 00           movl     $0x2f8, %eax
0x0eff71d9:  e8 17 62 ff ff           calll    0xefed3f5

----------------
IN: 
0x0efed433:  31 c0                    xorl     %eax, %eax
0x0efed435:  5b                       popl     %ebx
0x0efed436:  5e                       popl     %esi
0x0efed437:  c3                       retl     

----------------
IN: 
0x0eff71de:  01 c3                    addl     %eax, %ebx
0x0eff71e0:  0f b7 d3                 movzwl   %bx, %edx
0x0eff71e3:  b8 e8 03 00 00           movl     $0x3e8, %eax
0x0eff71e8:  e8 08 62 ff ff           calll    0xefed3f5

----------------
IN: 
0x0eff71ed:  01 c3                    addl     %eax, %ebx
0x0eff71ef:  0f b7 d3                 movzwl   %bx, %edx
0x0eff71f2:  b8 e8 02 00 00           movl     $0x2e8, %eax
0x0eff71f7:  e8 f9 61 ff ff           calll    0xefed3f5

----------------
IN: 
0x0eff71fc:  01 c3                    addl     %eax, %ebx
0x0eff71fe:  0f b7 c3                 movzwl   %bx, %eax
0x0eff7201:  50                       pushl    %eax
0x0eff7202:  68 3c 2a 0f 00           pushl    $0xf2a3c
0x0eff7207:  e8 16 5d 0f f1           calll    0xecf22

----------------
IN: 
0x0eff720c:  a1 10 04 00 00           movl     0x410, %eax
0x0eff7211:  80 e4 f1                 andb     $0xf1, %ah
0x0eff7214:  c1 e3 09                 shll     $9, %ebx
0x0eff7217:  09 d8                    orl      %ebx, %eax
0x0eff7219:  66 a3 10 04 00 00        movw     %ax, 0x410
0x0eff721f:  83 c4 24                 addl     $0x24, %esp
0x0eff7222:  5b                       popl     %ebx
0x0eff7223:  5e                       popl     %esi
0x0eff7224:  5f                       popl     %edi
0x0eff7225:  5d                       popl     %ebp
0x0eff7226:  c3                       retl     

----------------
IN: 
0x0effbee7:  e8 5c 23 ff ff           calll    0xefee248

----------------
IN: 
0x0efee248:  81 3d 0c 62 0f 00 0c 62  cmpl     $0xf620c, 0xf620c
0x0efee250:  0f 00
0x0efee252:  74 07                    je       0xefee25b

----------------
IN: 
0x0efee254:  e8 db e8 0f f1           calll    0xecb34

----------------
IN: 
0x0efee36e:  5b                       popl     %ebx
0x0efee36f:  c3                       retl     

----------------
IN: 
0x0eff9ad4:  89 f8                    movl     %edi, %eax
0x0eff9ad6:  e8 b1 36 0f f1           calll    0xed18c

----------------
IN: 
0x000ed18c:  0f b7 c8                 movzwl   %ax, %ecx
0x000ed18f:  31 d2                    xorl     %edx, %edx
0x000ed191:  b8 80 00 00 00           movl     $0x80, %eax
0x000ed196:  e9 9d ff ff ff           jmp      0xed138

----------------
IN: 
0x000ed138:  55                       pushl    %ebp
0x000ed139:  57                       pushl    %edi
0x000ed13a:  56                       pushl    %esi
0x000ed13b:  53                       pushl    %ebx
0x000ed13c:  89 c3                    movl     %eax, %ebx
0x000ed13e:  89 d6                    movl     %edx, %esi
0x000ed140:  89 cf                    movl     %ecx, %edi
0x000ed142:  b8 00 7d 00 00           movl     $0x7d00, %eax
0x000ed147:  e8 a7 f3 ff ff           calll    0xec4f3

----------------
IN: 
0x000ed14c:  89 c5                    movl     %eax, %ebp
0x000ed14e:  8d 57 07                 leal     7(%edi), %edx
0x000ed151:  ec                       inb      %dx, %al

----------------
IN: 
0x000ed152:  88 c2                    movb     %al, %dl
0x000ed154:  21 da                    andl     %ebx, %edx
0x000ed156:  89 f1                    movl     %esi, %ecx
0x000ed158:  38 ca                    cmpb     %cl, %dl
0x000ed15a:  75 05                    jne      0xed161

----------------
IN: 
0x000ed15c:  0f b6 c0                 movzbl   %al, %eax
0x000ed15f:  eb 26                    jmp      0xed187

----------------
IN: 
0x000ed187:  5b                       popl     %ebx
0x000ed188:  5e                       popl     %esi
0x000ed189:  5f                       popl     %edi
0x000ed18a:  5d                       popl     %ebp
0x000ed18b:  c3                       retl     

----------------
IN: 
0x0eff9adb:  40                       incl     %eax
0x0eff9adc:  74 69                    je       0xeff9b47

----------------
IN: 
0x0eff9ade:  83 c3 06                 addl     $6, %ebx
0x0eff9ae1:  80 7c 24 03 00           cmpb     $0, 3(%esp)
0x0eff9ae6:  74 42                    je       0xeff9b2a

----------------
IN: 
0x0eff9b2a:  b0 a0                    movb     $0xa0, %al
0x0eff9b2c:  89 da                    movl     %ebx, %edx
0x0eff9b2e:  ee                       outb     %al, %dx

----------------
IN: 
0x0eff9b2f:  80 7c 24 40 20           cmpb     $0x20, 0x40(%esp)
0x0eff9b34:  75 11                    jne      0xeff9b47

----------------
IN: 
0x0eff9b47:  b0 08                    movb     $8, %al
0x0eff9b49:  89 f2                    movl     %esi, %edx
0x0eff9b4b:  ee                       outb     %al, %dx

----------------
IN: 
0x0eff9b4c:  b9 a1 00 00 00           movl     $0xa1, %ecx
0x0eff9b51:  8d 54 24 74              leal     0x74(%esp), %edx
0x0eff9b55:  8d 44 24 40              leal     0x40(%esp), %eax
0x0eff9b59:  e8 af 5b ff ff           calll    0xefef70d

----------------
IN: 
0x0efef70d:  57                       pushl    %edi
0x0efef70e:  56                       pushl    %esi
0x0efef70f:  53                       pushl    %ebx
0x0efef710:  83 ec 20                 subl     $0x20, %esp
0x0efef713:  89 c7                    movl     %eax, %edi
0x0efef715:  89 d3                    movl     %edx, %ebx
0x0efef717:  89 ce                    movl     %ecx, %esi
0x0efef719:  b9 00 02 00 00           movl     $0x200, %ecx
0x0efef71e:  31 d2                    xorl     %edx, %edx
0x0efef720:  89 d8                    movl     %ebx, %eax
0x0efef722:  e8 ff bf 0f f1           calll    0xeb726

----------------
IN: 
0x0efef727:  b9 14 00 00 00           movl     $0x14, %ecx
0x0efef72c:  8d 44 24 0c              leal     0xc(%esp), %eax
0x0efef730:  e8 f1 bf 0f f1           calll    0xeb726

----------------
IN: 
0x0efef735:  89 7c 24 10              movl     %edi, 0x10(%esp)
0x0efef739:  66 c7 44 24 16 01 00     movw     $1, 0x16(%esp)
0x0efef740:  c7 44 24 18 01 00 00 00  movl     $1, 0x18(%esp)
0x0efef748:  31 c0                    xorl     %eax, %eax
0x0efef74a:  89 44 24 1c              movl     %eax, 0x1c(%esp)
0x0efef74e:  89 5c 24 0c              movl     %ebx, 0xc(%esp)
0x0efef752:  b9 0c 00 00 00           movl     $0xc, %ecx
0x0efef757:  89 e0                    movl     %esp, %eax
0x0efef759:  e8 c8 bf 0f f1           calll    0xeb726

----------------
IN: 
0x0efef75e:  89 f0                    movl     %esi, %eax
0x0efef760:  88 44 24 06              movb     %al, 6(%esp)
0x0efef764:  8b 47 2c                 movl     0x2c(%edi), %eax
0x0efef767:  66 8b 30                 movw     (%eax), %si
0x0efef76a:  66 8b 58 02              movw     2(%eax), %bx
0x0efef76e:  83 c3 02                 addl     $2, %ebx
0x0efef771:  b0 0a                    movb     $0xa, %al
0x0efef773:  89 da                    movl     %ebx, %edx
0x0efef775:  ee                       outb     %al, %dx

----------------
IN: 
0x0efef776:  89 e2                    movl     %esp, %edx
0x0efef778:  89 f8                    movl     %edi, %eax
0x0efef77a:  e8 73 da 0f f1           calll    0xed1f2

----------------
IN: 
0x000ed1f2:  55                       pushl    %ebp
0x000ed1f3:  57                       pushl    %edi
0x000ed1f4:  56                       pushl    %esi
0x000ed1f5:  53                       pushl    %ebx
0x000ed1f6:  83 ec 08                 subl     $8, %esp
0x000ed1f9:  89 d3                    movl     %edx, %ebx
0x000ed1fb:  0f b6 78 30              movzbl   0x30(%eax), %edi
0x000ed1ff:  8b 40 2c                 movl     0x2c(%eax), %eax
0x000ed202:  0f b7 00                 movzwl   (%eax), %eax
0x000ed205:  89 c5                    movl     %eax, %ebp
0x000ed207:  e8 80 ff ff ff           calll    0xed18c

----------------
IN: 
0x000ed20c:  40                       incl     %eax
0x000ed20d:  75 08                    jne      0xed217

----------------
IN: 
0x000ed217:  8a 43 05                 movb     5(%ebx), %al
0x000ed21a:  83 e0 4f                 andl     $0x4f, %eax
0x000ed21d:  b1 a0                    movb     $0xa0, %cl
0x000ed21f:  89 fa                    movl     %edi, %edx
0x000ed221:  84 d2                    testb    %dl, %dl
0x000ed223:  74 02                    je       0xed227

----------------
IN: 
0x000ed227:  09 c1                    orl      %eax, %ecx
0x000ed229:  8d 55 06                 leal     6(%ebp), %edx
0x000ed22c:  ec                       inb      %dx, %al

----------------
IN: 
0x000ed22d:  89 c7                    movl     %eax, %edi
0x000ed22f:  88 c8                    movb     %cl, %al
0x000ed231:  ee                       outb     %al, %dx

----------------
IN: 
0x000ed232:  31 f9                    xorl     %edi, %ecx
0x000ed234:  80 e1 10                 andb     $0x10, %cl
0x000ed237:  75 4b                    jne      0xed284

----------------
IN: 
0x000ed239:  8a 43 06                 movb     6(%ebx), %al
0x000ed23c:  88 04 24                 movb     %al, (%esp)
0x000ed23f:  8d 45 01                 leal     1(%ebp), %eax
0x000ed242:  66 89 44 24 04           movw     %ax, 4(%esp)
0x000ed247:  8d 45 05                 leal     5(%ebp), %eax
0x000ed24a:  66 89 44 24 06           movw     %ax, 6(%esp)
0x000ed24f:  8b 04 24                 movl     (%esp), %eax
0x000ed252:  25 ee 00 00 00           andl     $0xee, %eax
0x000ed257:  83 f8 24                 cmpl     $0x24, %eax
0x000ed25a:  75 38                    jne      0xed294

----------------
IN: 
0x000ed294:  8a 03                    movb     (%ebx), %al
0x000ed296:  8b 54 24 04              movl     4(%esp), %edx
0x000ed29a:  ee                       outb     %al, %dx

----------------
IN: 
0x000ed29b:  8a 43 01                 movb     1(%ebx), %al
0x000ed29e:  8d 55 02                 leal     2(%ebp), %edx
0x000ed2a1:  ee                       outb     %al, %dx

----------------
IN: 
0x000ed2a2:  8a 43 02                 movb     2(%ebx), %al
0x000ed2a5:  8d 55 03                 leal     3(%ebp), %edx
0x000ed2a8:  ee                       outb     %al, %dx

----------------
IN: 
0x000ed2a9:  8a 43 03                 movb     3(%ebx), %al
0x000ed2ac:  8d 55 04                 leal     4(%ebp), %edx
0x000ed2af:  ee                       outb     %al, %dx

----------------
IN: 
0x000ed2b0:  8a 43 04                 movb     4(%ebx), %al
0x000ed2b3:  66 8b 54 24 06           movw     6(%esp), %dx
0x000ed2b8:  ee                       outb     %al, %dx

----------------
IN: 
0x000ed2b9:  8d 55 07                 leal     7(%ebp), %edx
0x000ed2bc:  8a 04 24                 movb     (%esp), %al
0x000ed2bf:  ee                       outb     %al, %dx

----------------
IN: 
0x000ed2c0:  31 c0                    xorl     %eax, %eax
0x000ed2c2:  83 c4 08                 addl     $8, %esp
0x000ed2c5:  5b                       popl     %ebx
0x000ed2c6:  5e                       popl     %esi
0x000ed2c7:  5f                       popl     %edi
0x000ed2c8:  5d                       popl     %ebp
0x000ed2c9:  c3                       retl     

----------------
IN: 
0x0efef77f:  83 c9 ff                 orl      $0xffffffff, %ecx
0x0efef782:  85 c0                    testl    %eax, %eax
0x0efef784:  75 1e                    jne      0xefef7a4

----------------
IN: 
0x0efef786:  0f b7 c6                 movzwl   %si, %eax
0x0efef789:  e8 41 da 0f f1           calll    0xed1cf

----------------
IN: 
0x000ed1cf:  0f b7 c0                 movzwl   %ax, %eax
0x000ed1d2:  e8 c4 ff ff ff           calll    0xed19b

----------------
IN: 
0x000ed19b:  56                       pushl    %esi
0x000ed19c:  53                       pushl    %ebx
0x000ed19d:  89 c3                    movl     %eax, %ebx
0x000ed19f:  e8 df f2 ff ff           calll    0xec483

----------------
IN: 
0x000ed1a4:  89 c1                    movl     %eax, %ecx
0x000ed1a6:  69 05 dc 60 0f 00 90 01  imull    $0x190, 0xf60dc, %eax
0x000ed1ae:  00 00
0x000ed1b0:  05 3f 42 0f 00           addl     $0xf423f, %eax
0x000ed1b5:  be 40 42 0f 00           movl     $0xf4240, %esi
0x000ed1ba:  31 d2                    xorl     %edx, %edx
0x000ed1bc:  f7 f6                    divl     %esi
0x000ed1be:  01 c8                    addl     %ecx, %eax
0x000ed1c0:  e8 99 f3 ff ff           calll    0xec55e

----------------
IN: 
0x000ed1c5:  0f b7 c3                 movzwl   %bx, %eax
0x000ed1c8:  5b                       popl     %ebx
0x000ed1c9:  5e                       popl     %esi
0x000ed1ca:  e9 bd ff ff ff           jmp      0xed18c

----------------
IN: 
0x000ed1d7:  83 f8 ff                 cmpl     $-1, %eax
0x000ed1da:  74 15                    je       0xed1f1

----------------
IN: 
0x000ed1dc:  a8 01                    testb    $1, %al
0x000ed1de:  75 0c                    jne      0xed1ec

----------------
IN: 
0x000ed1e0:  83 e0 08                 andl     $8, %eax
0x000ed1e3:  83 f8 01                 cmpl     $1, %eax
0x000ed1e6:  19 c0                    sbbl     %eax, %eax
0x000ed1e8:  83 e0 fb                 andl     $0xfffffffb, %eax
0x000ed1eb:  c3                       retl     

----------------
IN: 
0x0efef78e:  89 c1                    movl     %eax, %ecx
0x0efef790:  85 c0                    testl    %eax, %eax
0x0efef792:  75 10                    jne      0xefef7a4

----------------
IN: 
0x0efef794:  ba 00 02 00 00           movl     $0x200, %edx
0x0efef799:  8d 44 24 0c              leal     0xc(%esp), %eax
0x0efef79d:  e8 28 db 0f f1           calll    0xed2ca

----------------
IN: 
0x000ed2ca:  55                       pushl    %ebp
0x000ed2cb:  57                       pushl    %edi
0x000ed2cc:  56                       pushl    %esi
0x000ed2cd:  53                       pushl    %ebx
0x000ed2ce:  83 ec 10                 subl     $0x10, %esp
0x000ed2d1:  89 c3                    movl     %eax, %ebx
0x000ed2d3:  89 14 24                 movl     %edx, (%esp)
0x000ed2d6:  8b 40 04                 movl     4(%eax), %eax
0x000ed2d9:  8b 40 2c                 movl     0x2c(%eax), %eax
0x000ed2dc:  66 8b 08                 movw     (%eax), %cx
0x000ed2df:  66 89 4c 24 04           movw     %cx, 4(%esp)
0x000ed2e4:  66 8b 40 02              movw     2(%eax), %ax
0x000ed2e8:  66 89 44 24 06           movw     %ax, 6(%esp)
0x000ed2ed:  0f b7 73 0a              movzwl   0xa(%ebx), %esi
0x000ed2f1:  8b 2b                    movl     (%ebx), %ebp
0x000ed2f3:  89 d0                    movl     %edx, %eax
0x000ed2f5:  d1 f8                    sarl     $1, %eax
0x000ed2f7:  89 44 24 08              movl     %eax, 8(%esp)
0x000ed2fb:  0f b7 c1                 movzwl   %cx, %eax
0x000ed2fe:  89 44 24 0c              movl     %eax, 0xc(%esp)
0x000ed302:  8b 4c 24 08              movl     8(%esp), %ecx
0x000ed306:  89 ef                    movl     %ebp, %edi
0x000ed308:  8b 54 24 04              movl     4(%esp), %edx
0x000ed30c:  66 f3 6d                 rep insw %dx, %es:(%edi)

----------------
IN: 
0x000ed30f:  66 8b 44 24 06           movw     6(%esp), %ax
0x000ed314:  8d 50 02                 leal     2(%eax), %edx
0x000ed317:  ec                       inb      %dx, %al

----------------
IN: 
0x000ed318:  8b 44 24 0c              movl     0xc(%esp), %eax
0x000ed31c:  e8 6b fe ff ff           calll    0xed18c

----------------
IN: 
0x000ed321:  83 f8 ff                 cmpl     $-1, %eax
0x000ed324:  75 06                    jne      0xed32c

----------------
IN: 
0x000ed32c:  25 89 00 00 00           andl     $0x89, %eax
0x000ed331:  4e                       decl     %esi
0x000ed332:  74 13                    je       0xed347

----------------
IN: 
0x000ed347:  85 c0                    testl    %eax, %eax
0x000ed349:  74 05                    je       0xed350

----------------
IN: 
0x000ed350:  83 c4 10                 addl     $0x10, %esp
0x000ed353:  5b                       popl     %ebx
0x000ed354:  5e                       popl     %esi
0x000ed355:  5f                       popl     %edi
0x000ed356:  5d                       popl     %ebp
0x000ed357:  c3                       retl     

----------------
IN: 
0x0efef7a2:  89 c1                    movl     %eax, %ecx
0x0efef7a4:  b0 08                    movb     $8, %al
0x0efef7a6:  89 da                    movl     %ebx, %edx
0x0efef7a8:  ee                       outb     %al, %dx

----------------
IN: 
0x0efef7a9:  89 c8                    movl     %ecx, %eax
0x0efef7ab:  83 c4 20                 addl     $0x20, %esp
0x0efef7ae:  5b                       popl     %ebx
0x0efef7af:  5e                       popl     %esi
0x0efef7b0:  5f                       popl     %edi
0x0efef7b1:  c3                       retl     

----------------
IN: 
0x0eff9b5e:  85 c0                    testl    %eax, %eax
0x0eff9b60:  74 11                    je       0xeff9b73

----------------
IN: 
0x0eff9b73:  8d 54 24 74              leal     0x74(%esp), %edx
0x0eff9b77:  8d 44 24 40              leal     0x40(%esp), %eax
0x0eff9b7b:  e8 b7 52 ff ff           calll    0xefeee37

----------------
IN: 
0x0efeee37:  57                       pushl    %edi
0x0efeee38:  56                       pushl    %esi
0x0efeee39:  53                       pushl    %ebx
0x0efeee3a:  89 c7                    movl     %eax, %edi
0x0efeee3c:  89 d6                    movl     %edx, %esi
0x0efeee3e:  b8 34 00 00 00           movl     $0x34, %eax
0x0efeee43:  e8 2b fc ff ff           calll    0xefeea73

----------------
IN: 
0x0efeee48:  89 c3                    movl     %eax, %ebx
0x0efeee4a:  85 c0                    testl    %eax, %eax
0x0efeee4c:  75 11                    jne      0xefeee5f

----------------
IN: 
0x0efeee5f:  b9 34 00 00 00           movl     $0x34, %ecx
0x0efeee64:  31 d2                    xorl     %edx, %edx
0x0efeee66:  e8 bb c8 0f f1           calll    0xeb726

----------------
IN: 
0x0efeee6b:  8b 47 2c                 movl     0x2c(%edi), %eax
0x0efeee6e:  89 43 2c                 movl     %eax, 0x2c(%ebx)
0x0efeee71:  0f b6 57 30              movzbl   0x30(%edi), %edx
0x0efeee75:  88 53 30                 movb     %dl, 0x30(%ebx)
0x0efeee78:  0f b6 40 08              movzbl   8(%eax), %eax
0x0efeee7c:  01 c0                    addl     %eax, %eax
0x0efeee7e:  01 d0                    addl     %edx, %eax
0x0efeee80:  89 43 14                 movl     %eax, 0x14(%ebx)
0x0efeee83:  0f b7 06                 movzwl   (%esi), %eax
0x0efeee86:  c0 e8 07                 shrb     $7, %al
0x0efeee89:  88 43 18                 movb     %al, 0x18(%ebx)
0x0efeee8c:  89 d8                    movl     %ebx, %eax
0x0efeee8e:  5b                       popl     %ebx
0x0efeee8f:  5e                       popl     %esi
0x0efeee90:  5f                       popl     %edi
0x0efeee91:  c3                       retl     

----------------
IN: 
0x0eff9b80:  89 c3                    movl     %eax, %ebx
0x0eff9b82:  85 c0                    testl    %eax, %eax
0x0eff9b84:  74 dc                    je       0xeff9b62

----------------
IN: 
0x0eff9b86:  c6 00 21                 movb     $0x21, (%eax)
0x0eff9b89:  66 c7 40 1a 00 08        movw     $0x800, 0x1a(%eax)
0x0eff9b8f:  c7 40 0c ff ff ff ff     movl     $0xffffffff, 0xc(%eax)
0x0eff9b96:  c7 40 10 ff ff ff ff     movl     $0xffffffff, 0x10(%eax)
0x0eff9b9d:  0f b6 7c 24 75           movzbl   0x75(%esp), %edi
0x0eff9ba2:  83 e7 1f                 andl     $0x1f, %edi
0x0eff9ba5:  bd c9 30 0f 00           movl     $0xf30c9, %ebp
0x0eff9baa:  66 83 ff 05              cmpw     $5, %di
0x0eff9bae:  75 05                    jne      0xeff9bb5

----------------
IN: 
0x0eff9bb0:  bd c2 30 0f 00           movl     $0xf30c2, %ebp
0x0eff9bb5:  8d 44 24 74              leal     0x74(%esp), %eax
0x0eff9bb9:  e8 cb 27 ff ff           calll    0xefec389

----------------
IN: 
0x0efec389:  89 c2                    movl     %eax, %edx
0x0efec38b:  b8 0f 00 00 00           movl     $0xf, %eax
0x0efec390:  0f b7 92 a0 00 00 00     movzwl   0xa0(%edx), %edx
0x0efec397:  0f a3 c2                 btl      %eax, %edx
0x0efec39a:  72 05                    jb       0xefec3a1

----------------
IN: 
0x0efec39c:  48                       decl     %eax
0x0efec39d:  75 f8                    jne      0xefec397

----------------
IN: 
0x0efec397:  0f a3 c2                 btl      %eax, %edx
0x0efec39a:  72 05                    jb       0xefec3a1

----------------
IN: 
0x0efec3a1:  c3                       retl     

----------------
IN: 
0x0eff9bbe:  89 c6                    movl     %eax, %esi
0x0eff9bc0:  8d 44 24 17              leal     0x17(%esp), %eax
0x0eff9bc4:  8d 54 24 74              leal     0x74(%esp), %edx
0x0eff9bc8:  e8 9d 37 ff ff           calll    0xefed36a

----------------
IN: 
0x0efed36a:  53                       pushl    %ebx
0x0efed36b:  89 c3                    movl     %eax, %ebx
0x0efed36d:  89 d1                    movl     %edx, %ecx
0x0efed36f:  31 c0                    xorl     %eax, %eax
0x0efed371:  66 8b 54 41 36           movw     0x36(%ecx, %eax, 2), %dx
0x0efed376:  86 f2                    xchgb    %dh, %dl
0x0efed378:  66 89 14 43              movw     %dx, (%ebx, %eax, 2)
0x0efed37c:  40                       incl     %eax
0x0efed37d:  83 f8 14                 cmpl     $0x14, %eax
0x0efed380:  75 ef                    jne      0xefed371

----------------
IN: 
0x0efed371:  66 8b 54 41 36           movw     0x36(%ecx, %eax, 2), %dx
0x0efed376:  86 f2                    xchgb    %dh, %dl
0x0efed378:  66 89 14 43              movw     %dx, (%ebx, %eax, 2)
0x0efed37c:  40                       incl     %eax
0x0efed37d:  83 f8 14                 cmpl     $0x14, %eax
0x0efed380:  75 ef                    jne      0xefed371

----------------
IN: 
0x0efed382:  c6 43 28 00              movb     $0, 0x28(%ebx)
0x0efed386:  89 d8                    movl     %ebx, %eax
0x0efed388:  e8 50 ed ff ff           calll    0xefec0dd

----------------
IN: 
0x0efec0dd:  89 c1                    movl     %eax, %ecx
0x0efec0df:  e8 1c e3 0f f1           calll    0xea400

----------------
IN: 
0x0efec0e4:  8d 44 01 ff              leal     -1(%ecx, %eax), %eax
0x0efec0e8:  39 c8                    cmpl     %ecx, %eax
0x0efec0ea:  72 0c                    jb       0xefec0f8

----------------
IN: 
0x0efec0ec:  80 38 20                 cmpb     $0x20, (%eax)
0x0efec0ef:  7f 07                    jg       0xefec0f8

----------------
IN: 
0x0efec0f1:  48                       decl     %eax
0x0efec0f2:  c6 40 01 00              movb     $0, 1(%eax)
0x0efec0f6:  eb f0                    jmp      0xefec0e8

----------------
IN: 
0x0efec0e8:  39 c8                    cmpl     %ecx, %eax
0x0efec0ea:  72 0c                    jb       0xefec0f8

----------------
IN: 
0x0efec0f8:  89 c8                    movl     %ecx, %eax
0x0efec0fa:  8a 10                    movb     (%eax), %dl
0x0efec0fc:  84 d2                    testb    %dl, %dl
0x0efec0fe:  74 08                    je       0xefec108

----------------
IN: 
0x0efec100:  80 fa 20                 cmpb     $0x20, %dl
0x0efec103:  7f 03                    jg       0xefec108

----------------
IN: 
0x0efec108:  c3                       retl     

----------------
IN: 
0x0efed38d:  89 d8                    movl     %ebx, %eax
0x0efed38f:  5b                       popl     %ebx
0x0efed390:  c3                       retl     

----------------
IN: 
0x0eff9bcd:  55                       pushl    %ebp
0x0eff9bce:  56                       pushl    %esi
0x0eff9bcf:  50                       pushl    %eax
0x0eff9bd0:  0f b6 43 30              movzbl   0x30(%ebx), %eax
0x0eff9bd4:  50                       pushl    %eax
0x0eff9bd5:  8b 43 2c                 movl     0x2c(%ebx), %eax
0x0eff9bd8:  0f b6 40 08              movzbl   8(%eax), %eax
0x0eff9bdc:  50                       pushl    %eax
0x0eff9bdd:  68 d0 30 0f 00           pushl    $0xf30d0
0x0eff9be2:  6a 50                    pushl    $0x50
0x0eff9be4:  e8 19 a5 ff ff           calll    0xeff4102

----------------
IN: 
0x0eff9be9:  89 c6                    movl     %eax, %esi
0x0eff9beb:  50                       pushl    %eax
0x0eff9bec:  68 f2 30 0f 00           pushl    $0xf30f2
0x0eff9bf1:  e8 2c 33 0f f1           calll    0xecf22

----------------
IN: 
0x0eff9bf6:  83 c4 24                 addl     $0x24, %esp
0x0eff9bf9:  66 83 ff 05              cmpw     $5, %di
0x0eff9bfd:  0f 85 9c 01 00 00        jne      0xeff9d9f

----------------
IN: 
0x0eff9c03:  8b 43 2c                 movl     0x2c(%ebx), %eax
0x0eff9c06:  0f b6 4b 30              movzbl   0x30(%ebx), %ecx
0x0eff9c0a:  0f b6 50 07              movzbl   7(%eax), %edx
0x0eff9c0e:  8b 40 10                 movl     0x10(%eax), %eax
0x0eff9c11:  e8 80 a3 ff ff           calll    0xeff3f96

----------------
IN: 
0x0eff3f96:  85 c0                    testl    %eax, %eax
0x0eff3f98:  74 43                    je       0xeff3fdd

----------------
IN: 
0x0eff3f9a:  56                       pushl    %esi
0x0eff3f9b:  53                       pushl    %ebx
0x0eff3f9c:  81 ec 00 01 00 00        subl     $0x100, %esp
0x0eff3fa2:  89 ce                    movl     %ecx, %esi
0x0eff3fa4:  89 d3                    movl     %edx, %ebx
0x0eff3fa6:  89 c1                    movl     %eax, %ecx
0x0eff3fa8:  ba 07 21 0f 00           movl     $0xf2107, %edx
0x0eff3fad:  89 e0                    movl     %esp, %eax
0x0eff3faf:  e8 e5 fd ff ff           calll    0xeff3d99

----------------
IN: 
0x0eff3e26:  0f b6 f8                 movzbl   %al, %edi
0x0eff3e29:  57                       pushl    %edi
0x0eff3e2a:  68 ce 20 0f 00           pushl    $0xf20ce
0x0eff3e2f:  29 de                    subl     %ebx, %esi
0x0eff3e31:  56                       pushl    %esi
0x0eff3e32:  53                       pushl    %ebx
0x0eff3e33:  e8 2b eb ff ff           calll    0xeff2963

----------------
IN: 
0x0eff3e38:  01 c3                    addl     %eax, %ebx
0x0eff3e3a:  83 c4 10                 addl     $0x10, %esp
0x0eff3e3d:  89 d8                    movl     %ebx, %eax
0x0eff3e3f:  5b                       popl     %ebx
0x0eff3e40:  5e                       popl     %esi
0x0eff3e41:  5f                       popl     %edi
0x0eff3e42:  5d                       popl     %ebp
0x0eff3e43:  c3                       retl     

----------------
IN: 
0x0eff3fb4:  56                       pushl    %esi
0x0eff3fb5:  53                       pushl    %ebx
0x0eff3fb6:  68 09 21 0f 00           pushl    $0xf2109
0x0eff3fbb:  8d 94 24 0c 01 00 00     leal     0x10c(%esp), %edx
0x0eff3fc2:  29 c2                    subl     %eax, %edx
0x0eff3fc4:  52                       pushl    %edx
0x0eff3fc5:  50                       pushl    %eax
0x0eff3fc6:  e8 98 e9 ff ff           calll    0xeff2963

----------------
IN: 
0x0eff3fcb:  8d 44 24 14              leal     0x14(%esp), %eax
0x0eff3fcf:  e8 b6 be ff ff           calll    0xefefe8a

----------------
IN: 
0x0eff3fd4:  81 c4 14 01 00 00        addl     $0x114, %esp
0x0eff3fda:  5b                       popl     %ebx
0x0eff3fdb:  5e                       popl     %esi
0x0eff3fdc:  c3                       retl     

----------------
IN: 
0x0eff9c16:  89 c7                    movl     %eax, %edi
0x0eff9c18:  8b 43 2c                 movl     0x2c(%ebx), %eax
0x0eff9c1b:  0f b6 4b 30              movzbl   0x30(%ebx), %ecx
0x0eff9c1f:  0f b6 50 07              movzbl   7(%eax), %edx
0x0eff9c23:  8b 40 10                 movl     0x10(%eax), %eax
0x0eff9c26:  8d 6b 02                 leal     2(%ebx), %ebp
0x0eff9c29:  55                       pushl    %ebp
0x0eff9c2a:  e8 68 a4 ff ff           calll    0xeff4097

----------------
IN: 
0x0eff4097:  57                       pushl    %edi
0x0eff4098:  56                       pushl    %esi
0x0eff4099:  53                       pushl    %ebx
0x0eff409a:  81 ec 00 01 00 00        subl     $0x100, %esp
0x0eff40a0:  8b 9c 24 10 01 00 00     movl     0x110(%esp), %ebx
0x0eff40a7:  85 c0                    testl    %eax, %eax
0x0eff40a9:  74 4d                    je       0xeff40f8

----------------
IN: 
0x0eff40ab:  89 cf                    movl     %ecx, %edi
0x0eff40ad:  89 d6                    movl     %edx, %esi
0x0eff40af:  89 c1                    movl     %eax, %ecx
0x0eff40b1:  ba 07 21 0f 00           movl     $0xf2107, %edx
0x0eff40b6:  89 e0                    movl     %esp, %eax
0x0eff40b8:  e8 dc fc ff ff           calll    0xeff3d99

----------------
IN: 
0x0eff40bd:  57                       pushl    %edi
0x0eff40be:  56                       pushl    %esi
0x0eff40bf:  68 09 21 0f 00           pushl    $0xf2109
0x0eff40c4:  8d 94 24 0c 01 00 00     leal     0x10c(%esp), %edx
0x0eff40cb:  29 c2                    subl     %eax, %edx
0x0eff40cd:  52                       pushl    %edx
0x0eff40ce:  50                       pushl    %eax
0x0eff40cf:  e8 8f e8 ff ff           calll    0xeff2963

----------------
IN: 
0x0eff40d4:  8d 44 24 14              leal     0x14(%esp), %eax
0x0eff40d8:  e8 64 bd ff ff           calll    0xefefe41

----------------
IN: 
0x0efefe41:  55                       pushl    %ebp
0x0efefe42:  57                       pushl    %edi
0x0efefe43:  56                       pushl    %esi
0x0efefe44:  53                       pushl    %ebx
0x0efefe45:  51                       pushl    %ecx
0x0efefe46:  89 c7                    movl     %eax, %edi
0x0efefe48:  50                       pushl    %eax
0x0efefe49:  68 be 11 0f 00           pushl    $0xf11be
0x0efefe4e:  e8 cf d0 0f f1           calll    0xecf22

----------------
IN: 
0x0efefe53:  a1 48 ff ff 0e           movl     0xeffff48, %eax
0x0efefe58:  89 44 24 08              movl     %eax, 8(%esp)
0x0efefe5c:  8b 1d 58 fe ff 0e        movl     0xefffe58, %ebx
0x0efefe62:  5e                       popl     %esi
0x0efefe63:  5d                       popl     %ebp
0x0efefe64:  31 f6                    xorl     %esi, %esi
0x0efefe66:  39 34 24                 cmpl     %esi, (%esp)
0x0efefe69:  7e 15                    jle      0xefefe80

----------------
IN: 
0x0efefe80:  31 ed                    xorl     %ebp, %ebp
0x0efefe82:  89 e8                    movl     %ebp, %eax
0x0efefe84:  5a                       popl     %edx
0x0efefe85:  5b                       popl     %ebx
0x0efefe86:  5e                       popl     %esi
0x0efefe87:  5f                       popl     %edi
0x0efefe88:  5d                       popl     %ebp
0x0efefe89:  c3                       retl     

----------------
IN: 
0x0eff40dd:  83 c4 14                 addl     $0x14, %esp
0x0eff40e0:  85 c0                    testl    %eax, %eax
0x0eff40e2:  74 14                    je       0xeff40f8

----------------
IN: 
0x0eff40f8:  81 c4 00 01 00 00        addl     $0x100, %esp
0x0eff40fe:  5b                       popl     %ebx
0x0eff40ff:  5e                       popl     %esi
0x0eff4100:  5f                       popl     %edi
0x0eff4101:  c3                       retl     

----------------
IN: 
0x0eff9c2f:  89 f9                    movl     %edi, %ecx
0x0eff9c31:  89 f2                    movl     %esi, %edx
0x0eff9c33:  89 d8                    movl     %ebx, %eax
0x0eff9c35:  e8 37 fd ff ff           calll    0xeff9971

----------------
IN: 
0x0eff9971:  55                       pushl    %ebp
0x0eff9972:  57                       pushl    %edi
0x0eff9973:  56                       pushl    %esi
0x0eff9974:  53                       pushl    %ebx
0x0eff9975:  89 c6                    movl     %eax, %esi
0x0eff9977:  89 d3                    movl     %edx, %ebx
0x0eff9979:  89 cf                    movl     %ecx, %edi
0x0eff997b:  f6 05 20 56 0f 00 01     testb    $1, 0xf5620
0x0eff9982:  74 25                    je       0xeff99a9

----------------
IN: 
0x0eff9984:  e8 2b ff ff ff           calll    0xeff98b4

----------------
IN: 
0x0eff98b4:  53                       pushl    %ebx
0x0eff98b5:  81 ec 14 08 00 00        subl     $0x814, %esp
0x0eff98bb:  89 c3                    movl     %eax, %ebx
0x0eff98bd:  b9 14 00 00 00           movl     $0x14, %ecx
0x0eff98c2:  31 d2                    xorl     %edx, %edx
0x0eff98c4:  89 e0                    movl     %esp, %eax
0x0eff98c6:  e8 5b 1e 0f f1           calll    0xeb726

----------------
IN: 
0x0eff98cb:  89 5c 24 04              movl     %ebx, 4(%esp)
0x0eff98cf:  e8 2a 65 0f f1           calll    0xefdfe

----------------
IN: 
0x000efdfe:  55                       pushl    %ebp
0x000efdff:  57                       pushl    %edi
0x000efe00:  56                       pushl    %esi
0x000efe01:  53                       pushl    %ebx
0x000efe02:  83 ec 28                 subl     $0x28, %esp
0x000efe05:  89 c3                    movl     %eax, %ebx
0x000efe07:  b8 88 13 00 00           movl     $0x1388, %eax
0x000efe0c:  e8 e2 c6 ff ff           calll    0xec4f3

----------------
IN: 
0x000efe11:  89 04 24                 movl     %eax, (%esp)
0x000efe14:  31 ed                    xorl     %ebp, %ebp
0x000efe16:  be 03 00 00 00           movl     $3, %esi
0x000efe1b:  8b 04 24                 movl     (%esp), %eax
0x000efe1e:  e8 27 c7 ff ff           calll    0xec54a

----------------
IN: 
0x000efe23:  85 c0                    testl    %eax, %eax
0x000efe25:  74 10                    je       0xefe37

----------------
IN: 
0x000efe37:  8d 7c 24 16              leal     0x16(%esp), %edi
0x000efe3b:  b9 10 00 00 00           movl     $0x10, %ecx
0x000efe40:  31 d2                    xorl     %edx, %edx
0x000efe42:  89 f8                    movl     %edi, %eax
0x000efe44:  e8 dd b8 ff ff           calll    0xeb726

----------------
IN: 
0x000efe49:  c6 44 24 16 00           movb     $0, 0x16(%esp)
0x000efe4e:  c6 43 08 20              movb     $0x20, 8(%ebx)
0x000efe52:  31 c0                    xorl     %eax, %eax
0x000efe54:  89 03                    movl     %eax, (%ebx)
0x000efe56:  89 7b 10                 movl     %edi, 0x10(%ebx)
0x000efe59:  31 c0                    xorl     %eax, %eax
0x000efe5b:  89 43 0a                 movl     %eax, 0xa(%ebx)
0x000efe5e:  89 d8                    movl     %ebx, %eax
0x000efe60:  e8 58 ff ff ff           calll    0xefdbd

----------------
IN: 
0x000efdbd:  56                       pushl    %esi
0x000efdbe:  53                       pushl    %ebx
0x000efdbf:  0f b7 70 0a              movzwl   0xa(%eax), %esi
0x000efdc3:  8b 50 04                 movl     4(%eax), %edx
0x000efdc6:  0f b7 52 1a              movzwl   0x1a(%edx), %edx
0x000efdca:  0f af d6                 imull    %esi, %edx
0x000efdcd:  81 fa 00 00 01 00        cmpl     $0x10000, %edx
0x000efdd3:  7e 0d                    jle      0xefde2

----------------
IN: 
0x000efde2:  89 c3                    movl     %eax, %ebx
0x000efde4:  e8 7b f3 ff ff           calll    0xef164

----------------
IN: 
0x000ef164:  55                       pushl    %ebp
0x000ef165:  57                       pushl    %edi
0x000ef166:  56                       pushl    %esi
0x000ef167:  53                       pushl    %ebx
0x000ef168:  81 ec f0 00 00 00        subl     $0xf0, %esp
0x000ef16e:  89 c2                    movl     %eax, %edx
0x000ef170:  8b 68 04                 movl     4(%eax), %ebp
0x000ef173:  8a 45 00                 movb     (%ebp), %al
0x000ef176:  3c 71                    cmpb     $0x71, %al
0x000ef178:  0f 84 85 01 00 00        je       0xef303

----------------
IN: 
0x000ef17e:  89 14 24                 movl     %edx, (%esp)
0x000ef181:  77 24                    ja       0xef1a7

----------------
IN: 
0x000ef183:  3c 60                    cmpb     $0x60, %al
0x000ef185:  0f 84 b1 01 00 00        je       0xef33c

----------------
IN: 
0x000ef18b:  77 11                    ja       0xef19e

----------------
IN: 
0x000ef18d:  3c 50                    cmpb     $0x50, %al
0x000ef18f:  74 6f                    je       0xef200

----------------
IN: 
0x000ef191:  3c 51                    cmpb     $0x51, %al
0x000ef193:  0f 84 94 00 00 00        je       0xef22d

----------------
IN: 
0x000ef199:  e9 ca 05 00 00           jmp      0xef768

----------------
IN: 
0x000ef768:  3c 21                    cmpb     $0x21, %al
0x000ef76a:  74 24                    je       0xef790

----------------
IN: 
0x000ef790:  8b 04 24                 movl     (%esp), %eax
0x000ef793:  8a 58 08                 movb     8(%eax), %bl
0x000ef796:  8d 43 fd                 leal     -3(%ebx), %eax
0x000ef799:  a8 fd                    testb    $0xfd, %al
0x000ef79b:  0f 84 0a 06 00 00        je       0xefdab

----------------
IN: 
0x000ef7a1:  8d 54 24 51              leal     0x51(%esp), %edx
0x000ef7a5:  b9 0c 00 00 00           movl     $0xc, %ecx
0x000ef7aa:  8b 04 24                 movl     (%esp), %eax
0x000ef7ad:  e8 32 c3 ff ff           calll    0xebae4

----------------
IN: 
0x000ebae4:  55                       pushl    %ebp
0x000ebae5:  57                       pushl    %edi
0x000ebae6:  56                       pushl    %esi
0x000ebae7:  53                       pushl    %ebx
0x000ebae8:  89 d5                    movl     %edx, %ebp
0x000ebaea:  8a 50 08                 movb     8(%eax), %dl
0x000ebaed:  80 fa 03                 cmpb     $3, %dl
0x000ebaf0:  77 07                    ja       0xebaf9

----------------
IN: 
0x000ebaf9:  80 fa 20                 cmpb     $0x20, %dl
0x000ebafc:  0f 84 84 00 00 00        je       0xebb86

----------------
IN: 
0x000ebb86:  8b 70 10                 movl     0x10(%eax), %esi
0x000ebb89:  89 ef                    movl     %ebp, %edi
0x000ebb8b:  f3 a4                    rep movsb (%esi), %es:(%edi)

----------------
IN: 
0x000ebb8d:  0f b7 40 0c              movzwl   0xc(%eax), %eax
0x000ebb91:  5b                       popl     %ebx
0x000ebb92:  5e                       popl     %esi
0x000ebb93:  5f                       popl     %edi
0x000ebb94:  5d                       popl     %ebp
0x000ebb95:  c3                       retl     

----------------
IN: 
0x000ef7b2:  89 c7                    movl     %eax, %edi
0x000ef7b4:  88 d8                    movb     %bl, %al
0x000ef7b6:  83 ff ff                 cmpl     $-1, %edi
0x000ef7b9:  0f 84 ae 04 00 00        je       0xefc6d

----------------
IN: 
0x000ef7bf:  8b 45 2c                 movl     0x2c(%ebp), %eax
0x000ef7c2:  66 8b 30                 movw     (%eax), %si
0x000ef7c5:  66 89 74 24 04           movw     %si, 4(%esp)
0x000ef7ca:  66 8b 58 02              movw     2(%eax), %bx
0x000ef7ce:  b9 0c 00 00 00           movl     $0xc, %ecx
0x000ef7d3:  31 d2                    xorl     %edx, %edx
0x000ef7d5:  8d 84 24 84 00 00 00     leal     0x84(%esp), %eax
0x000ef7dc:  e8 45 bf ff ff           calll    0xeb726

----------------
IN: 
0x000ef7e1:  66 89 bc 24 87 00 00 00  movw     %di, 0x87(%esp)
0x000ef7e9:  c6 84 24 8a 00 00 00 a0  movb     $0xa0, 0x8a(%esp)
0x000ef7f1:  83 c3 02                 addl     $2, %ebx
0x000ef7f4:  b0 0a                    movb     $0xa, %al
0x000ef7f6:  89 da                    movl     %ebx, %edx
0x000ef7f8:  ee                       outb     %al, %dx

----------------
IN: 
0x000ef7f9:  8d 94 24 84 00 00 00     leal     0x84(%esp), %edx
0x000ef800:  89 e8                    movl     %ebp, %eax
0x000ef802:  e8 eb d9 ff ff           calll    0xed1f2

----------------
IN: 
0x000ef807:  85 c0                    testl    %eax, %eax
0x000ef809:  74 0a                    je       0xef815

----------------
IN: 
0x000ef815:  0f b7 6c 24 04           movzwl   4(%esp), %ebp
0x000ef81a:  89 e8                    movl     %ebp, %eax
0x000ef81c:  e8 ae d9 ff ff           calll    0xed1cf

----------------
IN: 
0x000ef821:  85 c0                    testl    %eax, %eax
0x000ef823:  75 e6                    jne      0xef80b

----------------
IN: 
0x000ef825:  8d 74 24 51              leal     0x51(%esp), %esi
0x000ef829:  b9 06 00 00 00           movl     $6, %ecx
0x000ef82e:  8b 54 24 04              movl     4(%esp), %edx
0x000ef832:  26 66 f3 6f              rep outsw %es:(%esi), %dx

----------------
IN: 
0x000ef836:  89 da                    movl     %ebx, %edx
0x000ef838:  ec                       inb      %dx, %al

----------------
IN: 
0x000ef839:  89 e8                    movl     %ebp, %eax
0x000ef83b:  e8 4c d9 ff ff           calll    0xed18c

----------------
IN: 
0x000ef840:  83 f8 ff                 cmpl     $-1, %eax
0x000ef843:  74 c6                    je       0xef80b

----------------
IN: 
0x000ef845:  89 c6                    movl     %eax, %esi
0x000ef847:  83 e6 01                 andl     $1, %esi
0x000ef84a:  74 08                    je       0xef854

----------------
IN: 
0x000ef84c:  8b 54 24 04              movl     4(%esp), %edx
0x000ef850:  42                       incl     %edx
0x000ef851:  ec                       inb      %dx, %al

----------------
IN: 
0x000ef852:  eb b7                    jmp      0xef80b

----------------
IN: 
0x000ef80b:  b0 08                    movb     $8, %al
0x000ef80d:  89 da                    movl     %ebx, %edx
0x000ef80f:  ee                       outb     %al, %dx

----------------
IN: 
0x000ef810:  e9 7c 05 00 00           jmp      0xefd91

----------------
IN: 
0x000efd91:  be 0c 00 00 00           movl     $0xc, %esi
0x000efd96:  eb 18                    jmp      0xefdb0

----------------
IN: 
0x000efdb0:  89 f0                    movl     %esi, %eax
0x000efdb2:  81 c4 f0 00 00 00        addl     $0xf0, %esp
0x000efdb8:  5b                       popl     %ebx
0x000efdb9:  5e                       popl     %esi
0x000efdba:  5f                       popl     %edi
0x000efdbb:  5d                       popl     %ebp
0x000efdbc:  c3                       retl     

----------------
IN: 
0x000efde9:  85 c0                    testl    %eax, %eax
0x000efdeb:  74 0e                    je       0xefdfb

----------------
IN: 
0x000efded:  0f b7 53 0a              movzwl   0xa(%ebx), %edx
0x000efdf1:  39 d6                    cmpl     %edx, %esi
0x000efdf3:  75 06                    jne      0xefdfb

----------------
IN: 
0x000efdf5:  66 c7 43 0a 00 00        movw     $0, 0xa(%ebx)
0x000efdfb:  5b                       popl     %ebx
0x000efdfc:  5e                       popl     %esi
0x000efdfd:  c3                       retl     

----------------
IN: 
0x000efe65:  85 c0                    testl    %eax, %eax
0x000efe67:  0f 84 96 00 00 00        je       0xeff03

----------------
IN: 
0x000efe6d:  8d 44 24 06              leal     6(%esp), %eax
0x000efe71:  b9 10 00 00 00           movl     $0x10, %ecx
0x000efe76:  31 d2                    xorl     %edx, %edx
0x000efe78:  e8 a9 b8 ff ff           calll    0xeb726

----------------
IN: 
0x000efe7d:  c6 44 24 06 03           movb     $3, 6(%esp)
0x000efe82:  c6 44 24 0a 12           movb     $0x12, 0xa(%esp)
0x000efe87:  c6 43 08 20              movb     $0x20, 8(%ebx)
0x000efe8b:  89 3b                    movl     %edi, (%ebx)
0x000efe8d:  89 43 10                 movl     %eax, 0x10(%ebx)
0x000efe90:  c7 43 0a 01 00 12 00     movl     $0x120001, 0xa(%ebx)
0x000efe97:  89 d8                    movl     %ebx, %eax
0x000efe99:  e8 1f ff ff ff           calll    0xefdbd

----------------
IN: 
0x000ef854:  85 ff                    testl    %edi, %edi
0x000ef856:  75 0a                    jne      0xef862

----------------
IN: 
0x000ef862:  a8 08                    testb    $8, %al
0x000ef864:  74 a5                    je       0xef80b

----------------
IN: 
0x000ef866:  89 fa                    movl     %edi, %edx
0x000ef868:  8b 04 24                 movl     (%esp), %eax
0x000ef86b:  e8 5a da ff ff           calll    0xed2ca

----------------
IN: 
0x000ef870:  89 c1                    movl     %eax, %ecx
0x000ef872:  b0 08                    movb     $8, %al
0x000ef874:  89 da                    movl     %ebx, %edx
0x000ef876:  ee                       outb     %al, %dx

----------------
IN: 
0x000ef877:  85 c9                    testl    %ecx, %ecx
0x000ef879:  e9 c6 03 00 00           jmp      0xefc44

----------------
IN: 
0x000efc44:  0f 85 47 01 00 00        jne      0xefd91

----------------
IN: 
0x000efc4a:  e9 61 01 00 00           jmp      0xefdb0

----------------
IN: 
0x000efdfb:  5b                       popl     %ebx
0x000efdfc:  5e                       popl     %esi
0x000efdfd:  c3                       retl     

----------------
IN: 
0x000efe9e:  85 c0                    testl    %eax, %eax
0x000efea0:  0f 85 75 ff ff ff        jne      0xefe1b

----------------
IN: 
0x000efea6:  80 7c 24 22 3a           cmpb     $0x3a, 0x22(%esp)
0x000efeab:  75 12                    jne      0xefebf

----------------
IN: 
0x000efead:  4e                       decl     %esi
0x000efeae:  56                       pushl    %esi
0x000efeaf:  68 77 2f 0f 00           pushl    $0xf2f77
0x000efeb4:  e8 69 d0 ff ff           calll    0xecf22

----------------
IN: 
0x000efeb9:  5a                       popl     %edx
0x000efeba:  59                       popl     %ecx
0x000efebb:  85 f6                    testl    %esi, %esi
0x000efebd:  74 41                    je       0xeff00

----------------
IN: 
0x000efebf:  80 7c 24 22 04           cmpb     $4, 0x22(%esp)
0x000efec4:  0f 85 51 ff ff ff        jne      0xefe1b

----------------
IN: 
0x000efe1b:  8b 04 24                 movl     (%esp), %eax
0x000efe1e:  e8 27 c7 ff ff           calll    0xec54a

----------------
IN: 
0x000eff00:  83 c8 ff                 orl      $0xffffffff, %eax
0x000eff03:  83 c4 28                 addl     $0x28, %esp
0x000eff06:  5b                       popl     %ebx
0x000eff07:  5e                       popl     %esi
0x000eff08:  5f                       popl     %edi
0x000eff09:  5d                       popl     %ebp
0x000eff0a:  c3                       retl     

----------------
IN: 
0x0eff98d4:  85 c0                    testl    %eax, %eax
0x0eff98d6:  74 07                    je       0xeff98df

----------------
IN: 
0x0eff98d8:  31 db                    xorl     %ebx, %ebx
0x0eff98da:  e9 88 00 00 00           jmp      0xeff9967

----------------
IN: 
0x0eff9967:  89 d8                    movl     %ebx, %eax
0x0eff9969:  81 c4 14 08 00 00        addl     $0x814, %esp
0x0eff996f:  5b                       popl     %ebx
0x0eff9970:  c3                       retl     

----------------
IN: 
0x0eff9989:  89 c5                    movl     %eax, %ebp
0x0eff998b:  85 c0                    testl    %eax, %eax
0x0eff998d:  74 1a                    je       0xeff99a9

----------------
IN: 
0x0eff99a9:  85 ff                    testl    %edi, %edi
0x0eff99ab:  79 06                    jns      0xeff99b3

----------------
IN: 
0x0eff99ad:  8b 3d 4c fe ff 0e        movl     0xefffe4c, %edi
0x0eff99b3:  53                       pushl    %ebx
0x0eff99b4:  89 f1                    movl     %esi, %ecx
0x0eff99b6:  89 fa                    movl     %edi, %edx
0x0eff99b8:  b8 03 00 00 00           movl     $3, %eax
0x0eff99bd:  e8 24 52 ff ff           calll    0xefeebe6

----------------
IN: 
0x0efeec5a:  8b 0a                    movl     (%edx), %ecx
0x0efeec5c:  39 71 f8                 cmpl     %esi, -8(%ecx)
0x0efeec5f:  7f ea                    jg       0xefeec4b

----------------
IN: 
0x0efeec61:  7c 25                    jl       0xefeec88

----------------
IN: 
0x0efeec88:  89 ca                    movl     %ecx, %edx
0x0efeec8a:  8b 09                    movl     (%ecx), %ecx
0x0efeec8c:  eb b9                    jmp      0xefeec47

----------------
IN: 
0x0efeec47:  85 c9                    testl    %ecx, %ecx
0x0efeec49:  75 0f                    jne      0xefeec5a

----------------
IN: 
0x0eff99c2:  58                       popl     %eax
0x0eff99c3:  5b                       popl     %ebx
0x0eff99c4:  5e                       popl     %esi
0x0eff99c5:  5f                       popl     %edi
0x0eff99c6:  5d                       popl     %ebp
0x0eff99c7:  c3                       retl     

----------------
IN: 
0x0eff9c3a:  58                       popl     %eax
0x0eff9c3b:  e9 5f 01 00 00           jmp      0xeff9d9f

----------------
IN: 
0x0eff9d9f:  80 7c 24 03 00           cmpb     $0, 3(%esp)
0x0eff9da4:  75 2a                    jne      0xeff9dd0

----------------
IN: 
0x0eff9da6:  66 8b 84 24 2e 01 00 00  movw     0x12e(%esp), %ax
0x0eff9dae:  66 25 61 df              andw     $0xdf61, %ax
0x0eff9db2:  66 3d 41 40              cmpw     $0x4041, %ax
0x0eff9db6:  74 18                    je       0xeff9dd0

----------------
IN: 
0x0eff9db8:  be 01 00 00 00           movl     $1, %esi
0x0eff9dbd:  eb 07                    jmp      0xeff9dc6

----------------
IN: 
0x0eff9dc6:  c6 44 24 03 01           movb     $1, 3(%esp)
0x0eff9dcb:  e9 25 fc ff ff           jmp      0xeff99f5

----------------
IN: 
0x0eff99f5:  8b 44 24 0c              movl     0xc(%esp), %eax
0x0eff99f9:  0f b7 00                 movzwl   (%eax), %eax
0x0eff99fc:  89 c5                    movl     %eax, %ebp
0x0eff99fe:  89 44 24 04              movl     %eax, 4(%esp)
0x0eff9a02:  e8 ab 5d ff ff           calll    0xefef7b2

----------------
IN: 
0x0eff9a17:  b3 b0                    movb     $0xb0, %bl
0x0eff9a19:  88 d8                    movb     %bl, %al
0x0eff9a1b:  8d 55 06                 leal     6(%ebp), %edx
0x0eff9a1e:  ee                       outb     %al, %dx

----------------
IN: 
0x000ed225:  b1 b0                    movb     $0xb0, %cl
0x000ed227:  09 c1                    orl      %eax, %ecx
0x000ed229:  8d 55 06                 leal     6(%ebp), %edx
0x000ed22c:  ec                       inb      %dx, %al

----------------
IN: 
0x0efef7a4:  b0 08                    movb     $8, %al
0x0efef7a6:  89 da                    movl     %ebx, %edx
0x0efef7a8:  ee                       outb     %al, %dx

----------------
IN: 
0x0eff9b62:  8d 55 07                 leal     7(%ebp), %edx
0x0eff9b65:  ec                       inb      %dx, %al

----------------
IN: 
0x0eff9b66:  84 c0                    testb    %al, %al
0x0eff9b68:  0f 84 fe 00 00 00        je       0xeff9c6c

----------------
IN: 
0x0eff9c6c:  be 01 00 00 00           movl     $1, %esi
0x0eff9c71:  e9 49 01 00 00           jmp      0xeff9dbf

----------------
IN: 
0x0eff9dbf:  80 7c 24 03 01           cmpb     $1, 3(%esp)
0x0eff9dc4:  74 0a                    je       0xeff9dd0

----------------
IN: 
0x0eff9dd0:  81 c4 74 02 00 00        addl     $0x274, %esp
0x0eff9dd6:  5b                       popl     %ebx
0x0eff9dd7:  5e                       popl     %esi
0x0eff9dd8:  5f                       popl     %edi
0x0eff9dd9:  5d                       popl     %ebp
0x0eff9dda:  c3                       retl     

----------------
IN: 
0x0efee9fc:  89 d8                    movl     %ebx, %eax
0x0efee9fe:  8b 5b 04                 movl     4(%ebx), %ebx
0x0efeea01:  8b 25 08 62 0f 00        movl     0xf6208, %esp
0x0efeea07:  e8 59 fb ff ff           calll    0xefee565

----------------
IN: 
0x0efee565:  89 c1                    movl     %eax, %ecx
0x0efee567:  8d 40 04                 leal     4(%eax), %eax
0x0efee56a:  e8 11 db ff ff           calll    0xefec080

----------------
IN: 
0x0efee56f:  89 c8                    movl     %ecx, %eax
0x0efee571:  e8 6d ff ff ff           calll    0xefee4e3

----------------
IN: 
0x0efee576:  81 3d 0c 62 0f 00 0c 62  cmpl     $0xf620c, 0xf620c
0x0efee57e:  0f 00
0x0efee580:  75 0b                    jne      0xefee58d

----------------
IN: 
0x0efee58d:  c3                       retl     

----------------
IN: 
0x0efeea0c:  8b 63 fc                 movl     -4(%ebx), %esp
0x0efeea0f:  5d                       popl     %ebp
0x0efeea10:  c3                       retl     

----------------
IN: 
0x000ed1ec:  b8 fc ff ff ff           movl     $0xfffffffc, %eax
0x000ed1f1:  c3                       retl     

----------------
IN: 
0x0eff9b6e:  e9 cd 00 00 00           jmp      0xeff9c40

----------------
IN: 
0x0eff9c40:  8b 4c 24 04              movl     4(%esp), %ecx
0x0eff9c44:  ba 40 00 00 00           movl     $0x40, %edx
0x0eff9c49:  b8 40 00 00 00           movl     $0x40, %eax
0x0eff9c4e:  e8 e5 34 0f f1           calll    0xed138

----------------
IN: 
0x0eff9c53:  40                       incl     %eax
0x0eff9c54:  74 16                    je       0xeff9c6c

----------------
IN: 
0x0eff9c56:  b9 ec 00 00 00           movl     $0xec, %ecx
0x0eff9c5b:  8d 54 24 74              leal     0x74(%esp), %edx
0x0eff9c5f:  8d 44 24 40              leal     0x40(%esp), %eax
0x0eff9c63:  e8 a5 5a ff ff           calll    0xefef70d

----------------
IN: 
0x0eff9c68:  85 c0                    testl    %eax, %eax
0x0eff9c6a:  74 0a                    je       0xeff9c76

----------------
IN: 
0x0eff9c76:  8d 54 24 74              leal     0x74(%esp), %edx
0x0eff9c7a:  8d 44 24 40              leal     0x40(%esp), %eax
0x0eff9c7e:  e8 b4 51 ff ff           calll    0xefeee37

----------------
IN: 
0x0eff9c83:  89 c3                    movl     %eax, %ebx
0x0eff9c85:  85 c0                    testl    %eax, %eax
0x0eff9c87:  74 e3                    je       0xeff9c6c

----------------
IN: 
0x0eff9c89:  c6 00 20                 movb     $0x20, (%eax)
0x0eff9c8c:  66 c7 40 1a 00 02        movw     $0x200, 0x1a(%eax)
0x0eff9c92:  66 8b 44 24 76           movw     0x76(%esp), %ax
0x0eff9c97:  66 89 43 1e              movw     %ax, 0x1e(%ebx)
0x0eff9c9b:  66 8b 44 24 7a           movw     0x7a(%esp), %ax
0x0eff9ca0:  66 89 43 1c              movw     %ax, 0x1c(%ebx)
0x0eff9ca4:  8b 84 24 80 00 00 00     movl     0x80(%esp), %eax
0x0eff9cab:  66 89 43 20              movw     %ax, 0x20(%ebx)
0x0eff9caf:  f6 84 24 1b 01 00 00 04  testb    $4, 0x11b(%esp)
0x0eff9cb7:  74 10                    je       0xeff9cc9

----------------
IN: 
0x0eff9cb9:  8b 84 24 3c 01 00 00     movl     0x13c(%esp), %eax
0x0eff9cc0:  8b 94 24 40 01 00 00     movl     0x140(%esp), %edx
0x0eff9cc7:  eb 09                    jmp      0xeff9cd2

----------------
IN: 
0x0eff9cd2:  89 43 0c                 movl     %eax, 0xc(%ebx)
0x0eff9cd5:  89 53 10                 movl     %edx, 0x10(%ebx)
0x0eff9cd8:  89 c6                    movl     %eax, %esi
0x0eff9cda:  89 d7                    movl     %edx, %edi
0x0eff9cdc:  0f ac fe 0b              shrdl    $0xb, %edi, %esi
0x0eff9ce0:  c1 ef 0b                 shrl     $0xb, %edi
0x0eff9ce3:  89 74 24 04              movl     %esi, 4(%esp)
0x0eff9ce7:  89 7c 24 08              movl     %edi, 8(%esp)
0x0eff9ceb:  b9 ff ff 00 00           movl     $0xffff, %ecx
0x0eff9cf0:  3b 4c 24 04              cmpl     4(%esp), %ecx
0x0eff9cf4:  b9 00 00 00 00           movl     $0, %ecx
0x0eff9cf9:  1b 4c 24 08              sbbl     8(%esp), %ecx
0x0eff9cfd:  bd 4d 00 00 00           movl     $0x4d, %ebp
0x0eff9d02:  73 14                    jae      0xeff9d18

----------------
IN: 
0x0eff9d18:  8d 44 24 74              leal     0x74(%esp), %eax
0x0eff9d1c:  e8 68 26 ff ff           calll    0xefec389

----------------
IN: 
0x0eff9d21:  89 c7                    movl     %eax, %edi
0x0eff9d23:  8d 44 24 17              leal     0x17(%esp), %eax
0x0eff9d27:  8d 54 24 74              leal     0x74(%esp), %edx
0x0eff9d2b:  e8 3a 36 ff ff           calll    0xefed36a

----------------
IN: 
0x0eff9d30:  89 e9                    movl     %ebp, %ecx
0x0eff9d32:  0f be e9                 movsbl   %cl, %ebp
0x0eff9d35:  55                       pushl    %ebp
0x0eff9d36:  ff 74 24 08              pushl    8(%esp)
0x0eff9d3a:  57                       pushl    %edi
0x0eff9d3b:  50                       pushl    %eax
0x0eff9d3c:  0f b6 43 30              movzbl   0x30(%ebx), %eax
0x0eff9d40:  50                       pushl    %eax
0x0eff9d41:  8b 43 2c                 movl     0x2c(%ebx), %eax
0x0eff9d44:  0f b6 40 08              movzbl   8(%eax), %eax
0x0eff9d48:  50                       pushl    %eax
0x0eff9d49:  68 f6 30 0f 00           pushl    $0xf30f6
0x0eff9d4e:  6a 50                    pushl    $0x50
0x0eff9d50:  e8 ad a3 ff ff           calll    0xeff4102

----------------
IN: 
0x000ec7d1:  8b 03                    movl     (%ebx), %eax
0x000ec7d3:  84 d2                    testb    %dl, %dl
0x000ec7d5:  75 05                    jne      0xec7dc

----------------
IN: 
0x000ec7d7:  83 c3 04                 addl     $4, %ebx
0x000ec7da:  eb 03                    jmp      0xec7df

----------------
IN: 
0x000ec7df:  89 c2                    movl     %eax, %edx
0x000ec7e1:  89 e8                    movl     %ebp, %eax
0x000ec7e3:  e8 b8 da ff ff           calll    0xea2a0

----------------
IN: 
0x0eff9d55:  89 c6                    movl     %eax, %esi
0x0eff9d57:  83 c4 20                 addl     $0x20, %esp
0x0eff9d5a:  50                       pushl    %eax
0x0eff9d5b:  68 f2 30 0f 00           pushl    $0xf30f2
0x0eff9d60:  e8 bd 31 0f f1           calll    0xecf22

----------------
IN: 
0x0eff9d65:  8b 43 2c                 movl     0x2c(%ebx), %eax
0x0eff9d68:  0f b6 4b 30              movzbl   0x30(%ebx), %ecx
0x0eff9d6c:  0f b6 50 07              movzbl   7(%eax), %edx
0x0eff9d70:  8b 40 10                 movl     0x10(%eax), %eax
0x0eff9d73:  e8 1e a2 ff ff           calll    0xeff3f96

----------------
IN: 
0x0eff9d78:  89 c7                    movl     %eax, %edi
0x0eff9d7a:  8b 43 2c                 movl     0x2c(%ebx), %eax
0x0eff9d7d:  0f b6 4b 30              movzbl   0x30(%ebx), %ecx
0x0eff9d81:  0f b6 50 07              movzbl   7(%eax), %edx
0x0eff9d85:  8b 40 10                 movl     0x10(%eax), %eax
0x0eff9d88:  8d 6b 02                 leal     2(%ebx), %ebp
0x0eff9d8b:  55                       pushl    %ebp
0x0eff9d8c:  e8 06 a3 ff ff           calll    0xeff4097

----------------
IN: 
0x0eff9d91:  89 f9                    movl     %edi, %ecx
0x0eff9d93:  89 f2                    movl     %esi, %edx
0x0eff9d95:  89 d8                    movl     %ebx, %eax
0x0eff9d97:  e8 f2 4e ff ff           calll    0xefeec8e

----------------
IN: 
0x0efeec8e:  53                       pushl    %ebx
0x0efeec8f:  89 d3                    movl     %edx, %ebx
0x0efeec91:  8b 15 48 fe ff 0e        movl     0xefffe48, %edx
0x0efeec97:  85 c9                    testl    %ecx, %ecx
0x0efeec99:  78 02                    js       0xefeec9d

----------------
IN: 
0x0efeec9d:  53                       pushl    %ebx
0x0efeec9e:  89 c1                    movl     %eax, %ecx
0x0efeeca0:  b8 02 00 00 00           movl     $2, %eax
0x0efeeca5:  e8 3c ff ff ff           calll    0xefeebe6

----------------
IN: 
0x0efeecaa:  58                       popl     %eax
0x0efeecab:  5b                       popl     %ebx
0x0efeecac:  c3                       retl     

----------------
IN: 
0x0eff9d9c:  83 c4 0c                 addl     $0xc, %esp
0x0eff9d9f:  80 7c 24 03 00           cmpb     $0, 3(%esp)
0x0eff9da4:  75 2a                    jne      0xeff9dd0

----------------
IN: 
0x0eff231c:  0f b6 45 00              movzbl   (%ebp), %eax
0x0eff2320:  ba c8 00 00 00           movl     $0xc8, %edx
0x0eff2325:  e8 20 ff ff ff           calll    0xeff224a

----------------
IN: 
0x0eff232a:  f7 d8                    negl     %eax
0x0eff232c:  19 db                    sbbl     %ebx, %ebx
0x0eff232e:  eb 22                    jmp      0xeff2352

----------------
IN: 
0x0eff24a5:  85 c0                    testl    %eax, %eax
0x0eff24a7:  75 22                    jne      0xeff24cb

----------------
IN: 
0x0eff24a9:  c6 05 ac 99 0e 00 61     movb     $0x61, 0xe99ac
0x0eff24b0:  31 d2                    xorl     %edx, %edx
0x0eff24b2:  b8 f4 00 00 00           movl     $0xf4, %eax
0x0eff24b7:  e8 c2 fd ff ff           calll    0xeff227e

----------------
IN: 
0x0efee259:  eb ed                    jmp      0xefee248

----------------
IN: 
0x0eff24bc:  85 c0                    testl    %eax, %eax
0x0eff24be:  75 0b                    jne      0xeff24cb

----------------
IN: 
0x0eff24c0:  68 d1 1c 0f 00           pushl    $0xf1cd1
0x0eff24c5:  e8 58 aa 0f f1           calll    0xecf22

----------------
IN: 
0x0eff24ca:  5a                       popl     %edx
0x0eff24cb:  58                       popl     %eax
0x0eff24cc:  5b                       popl     %ebx
0x0eff24cd:  5e                       popl     %esi
0x0eff24ce:  5f                       popl     %edi
0x0eff24cf:  c3                       retl     

----------------
IN: 
0x0efee582:  68 a1 0f 0f 00           pushl    $0xf0fa1
0x0efee587:  e8 96 e9 0f f1           calll    0xecf22

----------------
IN: 
0x0efee58c:  58                       popl     %eax
0x0efee58d:  c3                       retl     

----------------
IN: 
0x0efee25b:  c3                       retl     

----------------
IN: 
0x0effbeec:  e8 71 98 ff ff           calll    0xeff5762

----------------
IN: 
0x0eff5762:  57                       pushl    %edi
0x0eff5763:  8d 7c 24 08              leal     8(%esp), %edi
0x0eff5767:  83 e4 f8                 andl     $0xfffffff8, %esp
0x0eff576a:  ff 77 fc                 pushl    -4(%edi)
0x0eff576d:  55                       pushl    %ebp
0x0eff576e:  89 e5                    movl     %esp, %ebp
0x0eff5770:  57                       pushl    %edi
0x0eff5771:  56                       pushl    %esi
0x0eff5772:  53                       pushl    %ebx
0x0eff5773:  81 ec 14 03 00 00        subl     $0x314, %esp
0x0eff5779:  68 08 26 0f 00           pushl    $0xf2608
0x0eff577e:  e8 9f 77 0f f1           calll    0xecf22

----------------
IN: 
0x0eff5783:  b9 00 03 00 00           movl     $0x300, %ecx
0x0eff5788:  31 d2                    xorl     %edx, %edx
0x0eff578a:  8d 85 f0 fc ff ff        leal     -0x310(%ebp), %eax
0x0eff5790:  e8 91 5f 0f f1           calll    0xeb726

----------------
IN: 
0x0eff5795:  8b 1d 60 fe ff 0e        movl     0xefffe60, %ebx
0x0eff579b:  a1 f8 fd ff 0e           movl     0xefffdf8, %eax
0x0eff57a0:  8d 70 fc                 leal     -4(%eax), %esi
0x0eff57a3:  59                       popl     %ecx
0x0eff57a4:  83 fe fc                 cmpl     $-4, %esi
0x0eff57a7:  74 28                    je       0xeff57d1

----------------
IN: 
0x0eff57a9:  8b 46 14                 movl     0x14(%esi), %eax
0x0eff57ac:  24 7f                    andb     $0x7f, %al
0x0eff57ae:  66 3d 00 03              cmpw     $0x300, %ax
0x0eff57b2:  74 15                    je       0xeff57c9

----------------
IN: 
0x0eff57b4:  83 7e 1c 00              cmpl     $0, 0x1c(%esi)
0x0eff57b8:  75 0f                    jne      0xeff57c9

----------------
IN: 
0x0eff57ba:  8d 8d f0 fc ff ff        leal     -0x310(%ebp), %ecx
0x0eff57c0:  31 d2                    xorl     %edx, %edx
0x0eff57c2:  89 f0                    movl     %esi, %eax
0x0eff57c4:  e8 72 fe ff ff           calll    0xeff563b

----------------
IN: 
0x0efefe29:  89 e9                    movl     %ebp, %ecx
0x0efefe2b:  ba 30 00 00 00           movl     $0x30, %edx
0x0efefe30:  89 f0                    movl     %esi, %eax
0x0efefe32:  e8 1b a6 0f f1           calll    0xea452

----------------
IN: 
0x0efefe37:  31 db                    xorl     %ebx, %ebx
0x0efefe39:  89 d8                    movl     %ebx, %eax
0x0efefe3b:  5a                       popl     %edx
0x0efefe3c:  5b                       popl     %ebx
0x0efefe3d:  5e                       popl     %esi
0x0efefe3e:  5f                       popl     %edi
0x0efefe3f:  5d                       popl     %ebp
0x0efefe40:  c3                       retl     

----------------
IN: 
0x0eff57c9:  8b 76 04                 movl     4(%esi), %esi
0x0eff57cc:  83 ee 04                 subl     $4, %esi
0x0eff57cf:  eb d3                    jmp      0xeff57a4

----------------
IN: 
0x0eff57a4:  83 fe fc                 cmpl     $-4, %esi
0x0eff57a7:  74 28                    je       0xeff57d1

----------------
IN: 
0x0efec478:  89 c8                    movl     %ecx, %eax
0x0efec47a:  83 c0 10                 addl     $0x10, %eax
0x0efec47d:  89 43 08                 movl     %eax, 8(%ebx)
0x0efec480:  89 d0                    movl     %edx, %eax
0x0efec482:  eb 02                    jmp      0xefec486

----------------
IN: 
0x0eff56d1:  83 7c 24 04 00           cmpl     $0, 4(%esp)
0x0eff56d6:  74 18                    je       0xeff56f0

----------------
IN: 
0x0eff56d8:  8d 90 00 00 f4 ff        leal     -0xc0000(%eax), %edx
0x0eff56de:  c1 ea 0b                 shrl     $0xb, %edx
0x0eff56e1:  8b 4c 24 04              movl     4(%esp), %ecx
0x0eff56e5:  89 34 d1                 movl     %esi, (%ecx, %edx, 8)
0x0eff56e8:  c7 44 d1 04 02 00 00 00  movl     $2, 4(%ecx, %edx, 8)
0x0eff56f0:  0f b7 16                 movzwl   (%esi), %edx
0x0eff56f3:  8b 0c 24                 movl     (%esp), %ecx
0x0eff56f6:  89 44 24 04              movl     %eax, 4(%esp)
0x0eff56fa:  e8 e9 fd ff ff           calll    0xeff54e8

----------------
IN: 
0x0eff558f:  0f b7 43 1a              movzwl   0x1a(%ebx), %eax
0x0eff5593:  81 3c 03 24 50 6e 50     cmpl     $0x506e5024, (%ebx, %eax)
0x0eff559a:  75 0f                    jne      0xeff55ab

----------------
IN: 
0x000ca003:  e9 a2 00                 jmp      0xca0a8

----------------
IN: 
0x000ca0a8:  60                       pushaw   
0x000ca0a9:  1e                       pushw    %ds
0x000ca0aa:  06                       pushw    %es
0x000ca0ab:  0f a0                    pushw    %fs
0x000ca0ad:  0f a8                    pushw    %gs
0x000ca0af:  fc                       cld      
0x000ca0b0:  0e                       pushw    %cs
0x000ca0b1:  1f                       popw     %ds
0x000ca0b2:  be 27 03                 movw     $0x327, %si
0x000ca0b5:  31 ff                    xorw     %di, %di
0x000ca0b7:  e8 4c 04                 callw    0xca506

----------------
IN: 
0x000ca506:  50                       pushw    %ax
0x000ca507:  ac                       lodsb    (%si), %al
0x000ca508:  84 c0                    testb    %al, %al
0x000ca50a:  74 05                    je       0xca511

----------------
IN: 
0x000ca50c:  e8 d0 ff                 callw    0xca4df

----------------
IN: 
0x000ca4df:  50                       pushw    %ax
0x000ca4e0:  53                       pushw    %bx
0x000ca4e1:  55                       pushw    %bp
0x000ca4e2:  85 ff                    testw    %di, %di
0x000ca4e4:  74 05                    je       0xca4eb

----------------
IN: 
0x000ca4eb:  bb 07 00                 movw     $7, %bx
0x000ca4ee:  b4 0e                    movb     $0xe, %ah
0x000ca4f0:  3c 0a                    cmpb     $0xa, %al
0x000ca4f2:  75 04                    jne      0xca4f8

----------------
IN: 
0x000ca4f4:  cd 10                    int      $0x10

----------------
IN: 
0x000ca4f6:  b0 0d                    movb     $0xd, %al
0x000ca4f8:  cd 10                    int      $0x10

----------------
IN: 
0x000ca4fa:  5d                       popw     %bp
0x000ca4fb:  5b                       popw     %bx
0x000ca4fc:  58                       popw     %ax
0x000ca4fd:  c3                       retw     

----------------
IN: 
0x000ca50f:  eb f6                    jmp      0xca507

----------------
IN: 
0x000ca507:  ac                       lodsb    (%si), %al
0x000ca508:  84 c0                    testb    %al, %al
0x000ca50a:  74 05                    je       0xca511

----------------
IN: 
0x000ca4f8:  cd 10                    int      $0x10

----------------
IN: 
0x000ca511:  58                       popw     %ax
0x000ca512:  c3                       retw     

----------------
IN: 
0x000ca0ba:  8e eb                    movw     %bx, %gs
0x000ca0bc:  31 ff                    xorw     %di, %di
0x000ca0be:  e8 3d 04                 callw    0xca4fe

----------------
IN: 
0x000ca4fe:  50                       pushw    %ax
0x000ca4ff:  b0 20                    movb     $0x20, %al
0x000ca501:  e8 db ff                 callw    0xca4df

----------------
IN: 
0x000ca504:  58                       popw     %ax
0x000ca505:  c3                       retw     

----------------
IN: 
0x000ca0c1:  a3 79 03                 movw     %ax, 0x379
0x000ca0c4:  e8 74 04                 callw    0xca53b

----------------
IN: 
0x000ca53b:  50                       pushw    %ax
0x000ca53c:  86 c4                    xchgb    %al, %ah
0x000ca53e:  e8 e4 ff                 callw    0xca525

----------------
IN: 
0x000ca525:  c0 c8 04                 rorb     $4, %al
0x000ca528:  e8 03 00                 callw    0xca52e

----------------
IN: 
0x000ca52e:  50                       pushw    %ax
0x000ca52f:  24 0f                    andb     $0xf, %al
0x000ca531:  3c 0a                    cmpb     $0xa, %al
0x000ca533:  1c 69                    sbbb     $0x69, %al
0x000ca535:  2f                       das      
0x000ca536:  e8 a6 ff                 callw    0xca4df

----------------
IN: 
0x000ca539:  58                       popw     %ax
0x000ca53a:  c3                       retw     

----------------
IN: 
0x000ca52b:  c0 c8 04                 rorb     $4, %al
0x000ca52e:  50                       pushw    %ax
0x000ca52f:  24 0f                    andb     $0xf, %al
0x000ca531:  3c 0a                    cmpb     $0xa, %al
0x000ca533:  1c 69                    sbbb     $0x69, %al
0x000ca535:  2f                       das      
0x000ca536:  e8 a6 ff                 callw    0xca4df

----------------
IN: 
0x000ca541:  b0 3a                    movb     $0x3a, %al
0x000ca543:  e8 99 ff                 callw    0xca4df

----------------
IN: 
0x000ca546:  88 e0                    movb     %ah, %al
0x000ca548:  c0 e8 03                 shrb     $3, %al
0x000ca54b:  e8 d7 ff                 callw    0xca525

----------------
IN: 
0x000ca54e:  b0 2e                    movb     $0x2e, %al
0x000ca550:  e8 8c ff                 callw    0xca4df

----------------
IN: 
0x000ca553:  88 e0                    movb     %ah, %al
0x000ca555:  24 07                    andb     $7, %al
0x000ca557:  e8 d4 ff                 callw    0xca52e

----------------
IN: 
0x000ca55a:  58                       popw     %ax
0x000ca55b:  c3                       retw     

----------------
IN: 
0x000ca0c7:  bf 7a 00                 movw     $0x7a, %di
0x000ca0ca:  e8 6e 04                 callw    0xca53b

----------------
IN: 
0x000ca4e6:  88 05                    movb     %al, (%di)
0x000ca4e8:  47                       incw     %di
0x000ca4e9:  eb 0f                    jmp      0xca4fa

----------------
IN: 
0x000ca0cd:  c6 06 74 00 20           movb     $0x20, 0x74
0x000ca0d2:  31 ff                    xorw     %di, %di
0x000ca0d4:  e8 27 04                 callw    0xca4fe

----------------
IN: 
0x000ca0d7:  8c c8                    movw     %cs, %ax
0x000ca0d9:  e8 42 04                 callw    0xca51e

----------------
IN: 
0x000ca51e:  86 c4                    xchgb    %al, %ah
0x000ca520:  e8 02 00                 callw    0xca525

----------------
IN: 
0x000ca523:  86 c4                    xchgb    %al, %ah
0x000ca525:  c0 c8 04                 rorb     $4, %al
0x000ca528:  e8 03 00                 callw    0xca52e

----------------
IN: 
0x000ca0dc:  66 53                    pushl    %ebx
0x000ca0de:  66 52                    pushl    %edx
0x000ca0e0:  66 57                    pushl    %edi
0x000ca0e2:  f9                       stc      
0x000ca0e3:  b8 01 b1                 movw     $0xb101, %ax
0x000ca0e6:  cd 1a                    int      $0x1a

----------------
IN: 
0x000ffe6e:  80 fc b1                 cmpb     $0xb1, %ah
0x000ffe71:  0f 84 9a d3              je       0xfd20f

----------------
IN: 
0x000fd20f:  fa                       cli      
0x000fd210:  fc                       cld      
0x000fd211:  66 50                    pushl    %eax
0x000fd213:  66 51                    pushl    %ecx
0x000fd215:  66 52                    pushl    %edx
0x000fd217:  66 53                    pushl    %ebx
0x000fd219:  66 55                    pushl    %ebp
0x000fd21b:  66 56                    pushl    %esi
0x000fd21d:  66 57                    pushl    %edi
0x000fd21f:  06                       pushw    %es
0x000fd220:  1e                       pushw    %ds
0x000fd221:  8c d0                    movw     %ss, %ax
0x000fd223:  8e d8                    movw     %ax, %ds
0x000fd225:  66 89 e3                 movl     %esp, %ebx
0x000fd228:  66 0f b7 e4              movzwl   %sp, %esp
0x000fd22c:  66 89 e0                 movl     %esp, %eax
0x000fd22f:  66 e8 33 f9 ff ff        calll    0xfcb68

----------------
IN: 
0x000fcb68:  66 55                    pushl    %ebp
0x000fcb6a:  66 57                    pushl    %edi
0x000fcb6c:  66 56                    pushl    %esi
0x000fcb6e:  66 53                    pushl    %ebx
0x000fcb70:  66 89 c3                 movl     %eax, %ebx
0x000fcb73:  67 8a 40 1c              movb     0x1c(%eax), %al
0x000fcb77:  3c 0a                    cmpb     $0xa, %al
0x000fcb79:  0f 84 27 02              je       0xfcda4

----------------
IN: 
0x000fcb7d:  77 7f                    ja       0xfcbfe

----------------
IN: 
0x000fcb7f:  66 89 de                 movl     %ebx, %esi
0x000fcb82:  3c 03                    cmpb     $3, %al
0x000fcb84:  0f 84 5c 01              je       0xfcce4

----------------
IN: 
0x000fcb88:  77 2c                    ja       0xfcbb6

----------------
IN: 
0x000fcb8a:  3c 01                    cmpb     $1, %al
0x000fcb8c:  0f 84 c2 00              je       0xfcc52

----------------
IN: 
0x000fcc52:  67 c7 43 10 10 02        movw     $0x210, 0x10(%ebx)
0x000fcc58:  2e 66 a1 2c 56           movl     %cs:0x562c, %eax
0x000fcc5d:  67 88 43 18              movb     %al, 0x18(%ebx)
0x000fcc61:  67 66 c7 43 14 50 43 49  movl     $0x20494350, 0x14(%ebx)
0x000fcc69:  20
0x000fcc6a:  67 66 c7 43 04 e1 d1 0f  movl     $0xfd1e1, 4(%ebx)
0x000fcc72:  00
0x000fcc73:  eb 04                    jmp      0xfcc79

----------------
IN: 
0x000fcc79:  66 89 f0                 movl     %esi, %eax
0x000fcc7c:  e9 2f 02                 jmp      0xfceae

----------------
IN: 
0x000fceae:  66 5b                    popl     %ebx
0x000fceb0:  66 5e                    popl     %esi
0x000fceb2:  66 5f                    popl     %edi
0x000fceb4:  66 5d                    popl     %ebp
0x000fceb6:  e9 e6 9c                 jmp      0xf6b9f

----------------
IN: 
0x000f6b9f:  67 c6 40 1d 00           movb     $0, 0x1d(%eax)
0x000f6ba4:  67 83 60 24 fe           andw     $0xfffe, 0x24(%eax)
0x000f6ba9:  66 c3                    retl     

----------------
IN: 
0x000fd235:  66 89 dc                 movl     %ebx, %esp
0x000fd238:  1f                       popw     %ds
0x000fd239:  07                       popw     %es
0x000fd23a:  66 5f                    popl     %edi
0x000fd23c:  66 5e                    popl     %esi
0x000fd23e:  66 5d                    popl     %ebp
0x000fd240:  66 5b                    popl     %ebx
0x000fd242:  66 5a                    popl     %edx
0x000fd244:  66 59                    popl     %ecx
0x000fd246:  66 58                    popl     %eax
0x000fd248:  cf                       iretw    

----------------
IN: 
0x000ca0e8:  72 56                    jb       0xca140

----------------
IN: 
0x000ca0ea:  66 81 fa 50 43 49 20     cmpl     $0x20494350, %edx
0x000ca0f1:  75 4d                    jne      0xca140

----------------
IN: 
0x000ca0f3:  84 e4                    testb    %ah, %ah
0x000ca0f5:  75 49                    jne      0xca140

----------------
IN: 
0x000ca0f7:  be 40 03                 movw     $0x340, %si
0x000ca0fa:  31 ff                    xorw     %di, %di
0x000ca0fc:  e8 07 04                 callw    0xca506

----------------
IN: 
0x000ca0ff:  88 f8                    movb     %bh, %al
0x000ca101:  e8 2a 04                 callw    0xca52e

----------------
IN: 
0x000ca104:  b0 2e                    movb     $0x2e, %al
0x000ca106:  e8 d6 03                 callw    0xca4df

----------------
IN: 
0x000ca109:  88 d8                    movb     %bl, %al
0x000ca10b:  e8 17 04                 callw    0xca525

----------------
IN: 
0x000ca10e:  80 ff 03                 cmpb     $3, %bh
0x000ca111:  72 2d                    jb       0xca140

----------------
IN: 
0x000ca140:  0e                       pushw    %cs
0x000ca141:  0f a9                    popw     %gs
0x000ca143:  66 5f                    popl     %edi
0x000ca145:  66 5a                    popl     %edx
0x000ca147:  66 5b                    popl     %ebx
0x000ca149:  bb ff ef                 movw     $0xefff, %bx
0x000ca14c:  43                       incw     %bx
0x000ca14d:  74 2a                    je       0xca179

----------------
IN: 
0x000ca14f:  8e c3                    movw     %bx, %es
0x000ca151:  26 66 81 3e 00 00 24 50  cmpl     $0x506e5024, %es:0
0x000ca159:  6e 50
0x000ca15b:  75 ef                    jne      0xca14c

----------------
IN: 
0x000ca14c:  43                       incw     %bx
0x000ca14d:  74 2a                    je       0xca179

----------------
IN: 
0x000ca15d:  31 d2                    xorw     %dx, %dx
0x000ca15f:  31 f6                    xorw     %si, %si
0x000ca161:  26 0f b6 0e 05 00        movzbw   %es:5, %cx
0x000ca167:  26 ac                    lodsb    %es:(%si), %al
0x000ca169:  00 c2                    addb     %al, %dl
0x000ca16b:  e2 fa                    loop     0xca167

----------------
IN: 
0x000ca167:  26 ac                    lodsb    %es:(%si), %al
0x000ca169:  00 c2                    addb     %al, %dl
0x000ca16b:  e2 fa                    loop     0xca167

----------------
IN: 
0x000ca16d:  75 dd                    jne      0xca14c

----------------
IN: 
0x000ca16f:  be 45 03                 movw     $0x345, %si
0x000ca172:  31 ff                    xorw     %di, %di
0x000ca174:  e8 8f 03                 callw    0xca506

----------------
IN: 
0x000ca177:  eb 00                    jmp      0xca179

----------------
IN: 
0x000ca179:  bb ff df                 movw     $0xdfff, %bx
0x000ca17c:  43                       incw     %bx
0x000ca17d:  0f 84 ad 00              je       0xca22e

----------------
IN: 
0x000ca181:  8e c3                    movw     %bx, %es
0x000ca183:  26 66 81 3e 00 00 24 50  cmpl     $0x4d4d5024, %es:0
0x000ca18b:  4d 4d
0x000ca18d:  75 ed                    jne      0xca17c

----------------
IN: 
0x000ca17c:  43                       incw     %bx
0x000ca17d:  0f 84 ad 00              je       0xca22e

----------------
IN: 
0x000ca18f:  31 d2                    xorw     %dx, %dx
0x000ca191:  31 f6                    xorw     %si, %si
0x000ca193:  26 0f b6 0e 05 00        movzbw   %es:5, %cx
0x000ca199:  26 ac                    lodsb    %es:(%si), %al
0x000ca19b:  00 c2                    addb     %al, %dl
0x000ca19d:  e2 fa                    loop     0xca199

----------------
IN: 
0x000ca199:  26 ac                    lodsb    %es:(%si), %al
0x000ca19b:  00 c2                    addb     %al, %dl
0x000ca19d:  e2 fa                    loop     0xca199

----------------
IN: 
0x000ca19f:  75 db                    jne      0xca17c

----------------
IN: 
0x000ca1a1:  be 4a 03                 movw     $0x34a, %si
0x000ca1a4:  31 ff                    xorw     %di, %di
0x000ca1a6:  e8 5d 03                 callw    0xca506

----------------
IN: 
0x000ca1a9:  66 60                    pushal   
0x000ca1ab:  66 0f b6 0e 02 00        movzbl   2, %ecx
0x000ca1b1:  03 0e 7f 03              addw     0x37f, %cx
0x000ca1b5:  83 c1 07                 addw     $7, %cx
0x000ca1b8:  83 e1 f8                 andw     $0xfff8, %cx
0x000ca1bb:  66 c1 e1 05              shll     $5, %ecx
0x000ca1bf:  66 bb 00 10 ae 18        movl     $0x18ae1000, %ebx
0x000ca1c5:  bd 0e 03                 movw     $0x30e, %bp
0x000ca1c8:  e8 ef 00                 callw    0xca2ba

----------------
IN: 
0x000ca2ba:  66 50                    pushl    %eax
0x000ca2bc:  57                       pushw    %di
0x000ca2bd:  bf 20 00                 movw     $0x20, %di
0x000ca2c0:  66 53                    pushl    %ebx
0x000ca2c2:  6a 01                    pushw    $1
0x000ca2c4:  26 ff 1e 07 00           lcallw   *%es:7

SMM: enter
EAX=000000b5 EBX=000f7d2d ECX=00001234 EDX=000069ff
ESI=000069a2 EDI=0effee71 EBP=00006962 ESP=00006962
EIP=00007d2a EFL=00000002 [-------] CPL=0 II=0 A20=1 SMM=0 HLT=0
ES =da80 000da800 ffffffff 008f9300
CS =f000 000f0000 ffffffff 008f9b00
SS =0000 00000000 ffffffff 008f9300
DS =0000 00000000 ffffffff 008f9300
FS =0000 00000000 ffffffff 008f9300
GS =ca00 000ca000 ffffffff 008f9300
LDT=0000 00000000 0000ffff 00008200
TR =0000 00000000 0000ffff 00008b00
GDT=     00000000 00000000
IDT=     00000000 000003ff
CR0=00000010 CR2=00000000 CR3=00000000 CR4=00000000
DR0=0000000000000000 DR1=0000000000000000 DR2=0000000000000000 DR3=0000000000000000 
DR6=00000000ffff0ff0 DR7=0000000000000400
CCS=00000000 CCD=00006962 CCO=ADDL
EFER=0000000000000000
SMM: after RSM
EAX=000000b5 EBX=000f7d2d ECX=00001234 EDX=000069ff
ESI=000069a2 EDI=0effee71 EBP=00006962 ESP=00006962
EIP=000f7d2d EFL=00000046 [---Z-P-] CPL=0 II=0 A20=1 SMM=0 HLT=0
ES =0010 00000000 ffffffff 00c09300 DPL=0 DS   [-WA]
CS =0008 00000000 ffffffff 00c09b00 DPL=0 CS32 [-RA]
SS =0010 00000000 ffffffff 00c09300 DPL=0 DS   [-WA]
DS =0010 00000000 ffffffff 00c09300 DPL=0 DS   [-WA]
FS =0010 00000000 ffffffff 00c09300 DPL=0 DS   [-WA]
GS =0010 00000000 ffffffff 00c09300 DPL=0 DS   [-WA]
LDT=0000 00000000 0000ffff 00008200 DPL=0 LDT
TR =0000 00000000 0000ffff 00008b00 DPL=0 TSS32-busy
GDT=     000f6220 00000037
IDT=     000f625e 00000000
CR0=00000011 CR2=00000000 CR3=00000000 CR4=00000000
DR0=0000000000000000 DR1=0000000000000000 DR2=0000000000000000 DR3=0000000000000000 
DR6=00000000ffff0ff0 DR7=0000000000000400
CCS=00000044 CCD=00000000 CCO=EFLAGS
EFER=0000000000000000
----------------
IN: 
0x0effefeb:  8b 4b 02                 movl     2(%ebx), %ecx
0x0effefee:  83 f9 ff                 cmpl     $-1, %ecx
0x0effeff1:  0f 84 f2 fe ff ff        je       0xeffeee9

----------------
IN: 
0x0effeff7:  31 d2                    xorl     %edx, %edx
0x0effeff9:  8b 04 95 64 fe ff 0e     movl     0xefffe64(, %edx, 4), %eax

----------------
IN: 
0x0efff000:  8b 00                    movl     (%eax), %eax
0x0efff002:  85 c0                    testl    %eax, %eax
0x0efff004:  74 0f                    je       0xefff015

----------------
IN: 
0x0efff006:  3b 40 08                 cmpl     8(%eax), %eax
0x0efff009:  75 f5                    jne      0xefff000

----------------
IN: 
0x0efff015:  42                       incl     %edx
0x0efff016:  83 fa 05                 cmpl     $5, %edx
0x0efff019:  75 de                    jne      0xeffeff9

----------------
IN: 
0x0effeff9:  8b 04 95 64 fe ff 0e     movl     0xefffe64(, %edx, 4), %eax

----------------
IN: 
0x0efff00b:  3b 48 28                 cmpl     0x28(%eax), %ecx
0x0efff00e:  75 f0                    jne      0xefff000

----------------
IN: 
0x0efff01b:  e9 c9 fe ff ff           jmp      0xeffeee9

----------------
IN: 
0x0effeee9:  31 db                    xorl     %ebx, %ebx
0x0effeeeb:  e9 44 01 00 00           jmp      0xefff034

SMM: enter
EAX=000000b5 EBX=00007d47 ECX=00005678 EDX=00000005
ESI=00000000 EDI=0effee71 EBP=00006962 ESP=00006962
EIP=000f7d44 EFL=00000006 [-----P-] CPL=0 II=0 A20=1 SMM=0 HLT=0
ES =0010 00000000 ffffffff 00c09300 DPL=0 DS   [-WA]
CS =0008 00000000 ffffffff 00c09b00 DPL=0 CS32 [-RA]
SS =0010 00000000 ffffffff 00c09300 DPL=0 DS   [-WA]
DS =0010 00000000 ffffffff 00c09300 DPL=0 DS   [-WA]
FS =0010 00000000 ffffffff 00c09300 DPL=0 DS   [-WA]
GS =0010 00000000 ffffffff 00c09300 DPL=0 DS   [-WA]
LDT=0000 00000000 0000ffff 00008200 DPL=0 LDT
TR =0000 00000000 0000ffff 00008b00 DPL=0 TSS32-busy
GDT=     000f6220 00000037
IDT=     000f625e 00000000
CR0=00000011 CR2=00000000 CR3=00000000 CR4=00000000
DR0=0000000000000000 DR1=0000000000000000 DR2=0000000000000000 DR3=0000000000000000 
DR6=00000000ffff0ff0 DR7=0000000000000400
CCS=00000008 CCD=0000694e CCO=ADDL
EFER=0000000000000000
SMM: after RSM
EAX=000000b5 EBX=00007d47 ECX=00005678 EDX=00000005
ESI=00000000 EDI=0effee71 EBP=00006962 ESP=00006962
EIP=00007d47 EFL=00000002 [-------] CPL=0 II=0 A20=1 SMM=0 HLT=0
ES =da80 000da800 ffffffff 00809300
CS =f000 000f0000 ffffffff 00809b00
SS =0000 00000000 ffffffff 00809300
DS =0000 00000000 ffffffff 00809300
FS =0000 00000000 ffffffff 00809300
GS =ca00 000ca000 ffffffff 00809300
LDT=0000 00000000 0000ffff 00008200
TR =0000 00000000 0000ffff 00008b00
GDT=     00000000 00000000
IDT=     00000000 000003ff
CR0=00000010 CR2=00000000 CR3=00000000 CR4=00000000
DR0=0000000000000000 DR1=0000000000000000 DR2=0000000000000000 DR3=0000000000000000 
DR6=00000000ffff0ff0 DR7=0000000000000400
CCS=00000000 CCD=00000001 CCO=EFLAGS
EFER=0000000000000000
----------------
IN: 
0x000ca2c9:  83 c4 06                 addw     $6, %sp
0x000ca2cc:  52                       pushw    %dx
0x000ca2cd:  50                       pushw    %ax
0x000ca2ce:  66 5e                    popl     %esi
0x000ca2d0:  66 46                    incl     %esi
0x000ca2d2:  74 0c                    je       0xca2e0

----------------
IN: 
0x000ca2d4:  66 4e                    decl     %esi
0x000ca2d6:  74 08                    je       0xca2e0

----------------
IN: 
0x000ca2e0:  6a 02                    pushw    $2
0x000ca2e2:  66 53                    pushl    %ebx
0x000ca2e4:  66 51                    pushl    %ecx
0x000ca2e6:  6a 00                    pushw    $0
0x000ca2e8:  26 ff 1e 07 00           lcallw   *%es:7

SMM: enter
EAX=000000b5 EBX=000f7d2d ECX=00001234 EDX=000069ff
ESI=0000699c EDI=0effee71 EBP=0000695c ESP=0000695c
EIP=00007d2a EFL=00000006 [-----P-] CPL=0 II=0 A20=1 SMM=0 HLT=0
ES =da80 000da800 ffffffff 00809300
CS =f000 000f0000 ffffffff 00809b00
SS =0000 00000000 ffffffff 00809300
DS =0000 00000000 ffffffff 00809300
FS =0000 00000000 ffffffff 00809300
GS =ca00 000ca000 ffffffff 00809300
LDT=0000 00000000 0000ffff 00008200
TR =0000 00000000 0000ffff 00008b00
GDT=     00000000 00000000
IDT=     00000000 000003ff
CR0=00000010 CR2=00000000 CR3=00000000 CR4=00000000
DR0=0000000000000000 DR1=0000000000000000 DR2=0000000000000000 DR3=0000000000000000 
DR6=00000000ffff0ff0 DR7=0000000000000400
CCS=00000000 CCD=0000695c CCO=ADDL
EFER=0000000000000000
SMM: after RSM
EAX=000000b5 EBX=000f7d2d ECX=00001234 EDX=000069ff
ESI=0000699c EDI=0effee71 EBP=0000695c ESP=0000695c
EIP=000f7d2d EFL=00000046 [---Z-P-] CPL=0 II=0 A20=1 SMM=0 HLT=0
ES =0010 00000000 ffffffff 00c09300 DPL=0 DS   [-WA]
CS =0008 00000000 ffffffff 00c09b00 DPL=0 CS32 [-RA]
SS =0010 00000000 ffffffff 00c09300 DPL=0 DS   [-WA]
DS =0010 00000000 ffffffff 00c09300 DPL=0 DS   [-WA]
FS =0010 00000000 ffffffff 00c09300 DPL=0 DS   [-WA]
GS =0010 00000000 ffffffff 00c09300 DPL=0 DS   [-WA]
LDT=0000 00000000 0000ffff 00008200 DPL=0 LDT
TR =0000 00000000 0000ffff 00008b00 DPL=0 TSS32-busy
GDT=     000f6220 00000037
IDT=     000f625e 00000000
CR0=00000011 CR2=00000000 CR3=00000000 CR4=00000000
DR0=0000000000000000 DR1=0000000000000000 DR2=0000000000000000 DR3=0000000000000000 
DR6=00000000ffff0ff0 DR7=0000000000000400
CCS=00000044 CCD=00000000 CCO=EFLAGS
EFER=0000000000000000
----------------
IN: 
0x0effeebc:  bf 78 fe ff 0e           movl     $0xefffe78, %edi
0x0effeec1:  b8 7c fe ff 0e           movl     $0xefffe7c, %eax
0x0effeec6:  eb 0a                    jmp      0xeffeed2

----------------
IN: 
0x0effeed2:  85 f6                    testl    %esi, %esi
0x0effeed4:  75 45                    jne      0xeffef1b

----------------
IN: 
0x0effef5c:  89 4c 24 04              movl     %ecx, 4(%esp)
0x0effef60:  89 f2                    movl     %esi, %edx
0x0effef62:  89 f8                    movl     %edi, %eax
0x0effef64:  e8 ee f9 fe ff           calll    0xefee957

----------------
IN: 
0x0effef69:  89 c3                    movl     %eax, %ebx
0x0effef6b:  85 c0                    testl    %eax, %eax
0x0effef6d:  75 5d                    jne      0xeffefcc

----------------
IN: 
0x0effefd1:  89 d8                    movl     %ebx, %eax
0x0effefd3:  e8 e4 d3 fe ff           calll    0xefec3bc

----------------
IN: 
0x0effefd8:  85 c0                    testl    %eax, %eax
0x0effefda:  74 58                    je       0xefff034

----------------
IN: 
0x0effefdc:  39 d8                    cmpl     %ebx, %eax
0x0effefde:  74 54                    je       0xefff034

----------------
IN: 
0x0effefe0:  83 78 10 00              cmpl     $0, 0x10(%eax)
0x0effefe4:  74 4e                    je       0xefff034

----------------
IN: 
0x0effefe6:  89 68 14                 movl     %ebp, 0x14(%eax)
0x0effefe9:  eb 49                    jmp      0xefff034

SMM: enter
EAX=000000b5 EBX=00007d47 ECX=00005678 EDX=00000003
ESI=0efd2080 EDI=0effee71 EBP=0000695c ESP=0000695c
EIP=000f7d44 EFL=00000006 [-----P-] CPL=0 II=0 A20=1 SMM=0 HLT=0
ES =0010 00000000 ffffffff 00c09300 DPL=0 DS   [-WA]
CS =0008 00000000 ffffffff 00c09b00 DPL=0 CS32 [-RA]
SS =0010 00000000 ffffffff 00c09300 DPL=0 DS   [-WA]
DS =0010 00000000 ffffffff 00c09300 DPL=0 DS   [-WA]
FS =0010 00000000 ffffffff 00c09300 DPL=0 DS   [-WA]
GS =0010 00000000 ffffffff 00c09300 DPL=0 DS   [-WA]
LDT=0000 00000000 0000ffff 00008200 DPL=0 LDT
TR =0000 00000000 0000ffff 00008b00 DPL=0 TSS32-busy
GDT=     000f6220 00000037
IDT=     000f625e 00000000
CR0=00000011 CR2=00000000 CR3=00000000 CR4=00000000
DR0=0000000000000000 DR1=0000000000000000 DR2=0000000000000000 DR3=0000000000000000 
DR6=00000000ffff0ff0 DR7=0000000000000400
CCS=00000008 CCD=00006948 CCO=ADDL
EFER=0000000000000000
SMM: after RSM
EAX=000000b5 EBX=00007d47 ECX=00005678 EDX=00000003
ESI=0efd2080 EDI=0effee71 EBP=0000695c ESP=0000695c
EIP=00007d47 EFL=00000006 [-----P-] CPL=0 II=0 A20=1 SMM=0 HLT=0
ES =da80 000da800 ffffffff 00809300
CS =f000 000f0000 ffffffff 00809b00
SS =0000 00000000 ffffffff 00809300
DS =0000 00000000 ffffffff 00809300
FS =0000 00000000 ffffffff 00809300
GS =ca00 000ca000 ffffffff 00809300
LDT=0000 00000000 0000ffff 00008200
TR =0000 00000000 0000ffff 00008b00
GDT=     00000000 00000000
IDT=     00000000 000003ff
CR0=00000010 CR2=00000000 CR3=00000000 CR4=00000000
DR0=0000000000000000 DR1=0000000000000000 DR2=0000000000000000 DR3=0000000000000000 
DR6=00000000ffff0ff0 DR7=0000000000000400
CCS=00000004 CCD=00000001 CCO=EFLAGS
EFER=0000000000000000
----------------
IN: 
0x000ca2ed:  83 c4 0c                 addw     $0xc, %sp
0x000ca2f0:  52                       pushw    %dx
0x000ca2f1:  50                       pushw    %ax
0x000ca2f2:  66 5e                    popl     %esi
0x000ca2f4:  bf 2b 00                 movw     $0x2b, %di
0x000ca2f7:  89 f8                    movw     %di, %ax
0x000ca2f9:  31 ff                    xorw     %di, %di
0x000ca2fb:  e8 e1 01                 callw    0xca4df

----------------
IN: 
0x000ca2fe:  66 89 f0                 movl     %esi, %eax
0x000ca301:  e8 0f 02                 callw    0xca513

----------------
IN: 
0x000ca513:  66 c1 c8 10              rorl     $0x10, %eax
0x000ca517:  e8 04 00                 callw    0xca51e

----------------
IN: 
0x000ca51a:  66 c1 c8 10              rorl     $0x10, %eax
0x000ca51e:  86 c4                    xchgb    %al, %ah
0x000ca520:  e8 02 00                 callw    0xca525

----------------
IN: 
0x000ca304:  66 46                    incl     %esi
0x000ca306:  74 02                    je       0xca30a

----------------
IN: 
0x000ca308:  66 4e                    decl     %esi
0x000ca30a:  5f                       popw     %di
0x000ca30b:  66 58                    popl     %eax
0x000ca30d:  c3                       retw     

----------------
IN: 
0x000ca1cb:  66 89 36 7b 03           movl     %esi, 0x37b
0x000ca1d0:  74 20                    je       0xca1f2

----------------
IN: 
0x000ca1d2:  06                       pushw    %es
0x000ca1d3:  31 c0                    xorw     %ax, %ax
0x000ca1d5:  8e c0                    movw     %ax, %es
0x000ca1d7:  66 89 f7                 movl     %esi, %edi
0x000ca1da:  66 31 f6                 xorl     %esi, %esi
0x000ca1dd:  66 0f b6 0e 02 00        movzbl   2, %ecx
0x000ca1e3:  66 c1 e1 07              shll     $7, %ecx
0x000ca1e7:  67 66 f3 a5              rep movsl (%esi), %es:(%edi)

----------------
IN: 
0x000ca1eb:  07                       popw     %es
0x000ca1ec:  a0 a2 00                 movb     0xa2, %al
0x000ca1ef:  a2 02 00                 movb     %al, 2
0x000ca1f2:  66 b9 b7 9e 00 00        movl     $0x9eb7, %ecx
0x000ca1f8:  66 81 c1 ff 20 00 00     addl     $0x20ff, %ecx
0x000ca1ff:  66 81 e1 00 e0 ff ff     andl     $0xffffe000, %ecx
0x000ca206:  66 89 cb                 movl     %ecx, %ebx
0x000ca209:  c1 eb 0c                 shrw     $0xc, %bx
0x000ca20c:  66 81 cb 00 20 ae 18     orl      $0x18ae2000, %ebx
0x000ca213:  bd 25 03                 movw     $0x325, %bp
0x000ca216:  e8 a1 00                 callw    0xca2ba

SMM: enter
EAX=000000b5 EBX=000f7d2d ECX=00001234 EDX=000069ff
ESI=000069a2 EDI=0effee71 EBP=00006962 ESP=00006962
EIP=00007d2a EFL=00000002 [-------] CPL=0 II=0 A20=1 SMM=0 HLT=0
ES =da80 000da800 ffffffff 00809300
CS =f000 000f0000 ffffffff 00809b00
SS =0000 00000000 ffffffff 00809300
DS =0000 00000000 ffffffff 00809300
FS =0000 00000000 ffffffff 00809300
GS =ca00 000ca000 ffffffff 00809300
LDT=0000 00000000 0000ffff 00008200
TR =0000 00000000 0000ffff 00008b00
GDT=     00000000 00000000
IDT=     00000000 000003ff
CR0=00000010 CR2=00000000 CR3=00000000 CR4=00000000
DR0=0000000000000000 DR1=0000000000000000 DR2=0000000000000000 DR3=0000000000000000 
DR6=00000000ffff0ff0 DR7=0000000000000400
CCS=00000000 CCD=00006962 CCO=ADDL
EFER=0000000000000000
SMM: after RSM
EAX=000000b5 EBX=000f7d2d ECX=00001234 EDX=000069ff
ESI=000069a2 EDI=0effee71 EBP=00006962 ESP=00006962
EIP=000f7d2d EFL=00000046 [---Z-P-] CPL=0 II=0 A20=1 SMM=0 HLT=0
ES =0010 00000000 ffffffff 00c09300 DPL=0 DS   [-WA]
CS =0008 00000000 ffffffff 00c09b00 DPL=0 CS32 [-RA]
SS =0010 00000000 ffffffff 00c09300 DPL=0 DS   [-WA]
DS =0010 00000000 ffffffff 00c09300 DPL=0 DS   [-WA]
FS =0010 00000000 ffffffff 00c09300 DPL=0 DS   [-WA]
GS =0010 00000000 ffffffff 00c09300 DPL=0 DS   [-WA]
LDT=0000 00000000 0000ffff 00008200 DPL=0 LDT
TR =0000 00000000 0000ffff 00008b00 DPL=0 TSS32-busy
GDT=     000f6220 00000037
IDT=     000f625e 00000000
CR0=00000011 CR2=00000000 CR3=00000000 CR4=00000000
DR0=0000000000000000 DR1=0000000000000000 DR2=0000000000000000 DR3=0000000000000000 
DR6=00000000ffff0ff0 DR7=0000000000000400
CCS=00000044 CCD=00000000 CCO=EFLAGS
EFER=0000000000000000
SMM: enter
EAX=000000b5 EBX=00007d47 ECX=00005678 EDX=00000005
ESI=00000000 EDI=0effee71 EBP=00006962 ESP=00006962
EIP=000f7d44 EFL=00000006 [-----P-] CPL=0 II=0 A20=1 SMM=0 HLT=0
ES =0010 00000000 ffffffff 00c09300 DPL=0 DS   [-WA]
CS =0008 00000000 ffffffff 00c09b00 DPL=0 CS32 [-RA]
SS =0010 00000000 ffffffff 00c09300 DPL=0 DS   [-WA]
DS =0010 00000000 ffffffff 00c09300 DPL=0 DS   [-WA]
FS =0010 00000000 ffffffff 00c09300 DPL=0 DS   [-WA]
GS =0010 00000000 ffffffff 00c09300 DPL=0 DS   [-WA]
LDT=0000 00000000 0000ffff 00008200 DPL=0 LDT
TR =0000 00000000 0000ffff 00008b00 DPL=0 TSS32-busy
GDT=     000f6220 00000037
IDT=     000f625e 00000000
CR0=00000011 CR2=00000000 CR3=00000000 CR4=00000000
DR0=0000000000000000 DR1=0000000000000000 DR2=0000000000000000 DR3=0000000000000000 
DR6=00000000ffff0ff0 DR7=0000000000000400
CCS=00000008 CCD=0000694e CCO=ADDL
EFER=0000000000000000
SMM: after RSM
EAX=000000b5 EBX=00007d47 ECX=00005678 EDX=00000005
ESI=00000000 EDI=0effee71 EBP=00006962 ESP=00006962
EIP=00007d47 EFL=00000002 [-------] CPL=0 II=0 A20=1 SMM=0 HLT=0
ES =da80 000da800 ffffffff 00809300
CS =f000 000f0000 ffffffff 00809b00
SS =0000 00000000 ffffffff 00809300
DS =0000 00000000 ffffffff 00809300
FS =0000 00000000 ffffffff 00809300
GS =ca00 000ca000 ffffffff 00809300
LDT=0000 00000000 0000ffff 00008200
TR =0000 00000000 0000ffff 00008b00
GDT=     00000000 00000000
IDT=     00000000 000003ff
CR0=00000010 CR2=00000000 CR3=00000000 CR4=00000000
DR0=0000000000000000 DR1=0000000000000000 DR2=0000000000000000 DR3=0000000000000000 
DR6=00000000ffff0ff0 DR7=0000000000000400
CCS=00000000 CCD=00000001 CCO=EFLAGS
EFER=0000000000000000
SMM: enter
EAX=000000b5 EBX=000f7d2d ECX=00001234 EDX=000069ff
ESI=0000699c EDI=0effee71 EBP=0000695c ESP=0000695c
EIP=00007d2a EFL=00000006 [-----P-] CPL=0 II=0 A20=1 SMM=0 HLT=0
ES =da80 000da800 ffffffff 00809300
CS =f000 000f0000 ffffffff 00809b00
SS =0000 00000000 ffffffff 00809300
DS =0000 00000000 ffffffff 00809300
FS =0000 00000000 ffffffff 00809300
GS =ca00 000ca000 ffffffff 00809300
LDT=0000 00000000 0000ffff 00008200
TR =0000 00000000 0000ffff 00008b00
GDT=     00000000 00000000
IDT=     00000000 000003ff
CR0=00000010 CR2=00000000 CR3=00000000 CR4=00000000
DR0=0000000000000000 DR1=0000000000000000 DR2=0000000000000000 DR3=0000000000000000 
DR6=00000000ffff0ff0 DR7=0000000000000400
CCS=00000000 CCD=0000695c CCO=ADDL
EFER=0000000000000000
SMM: after RSM
EAX=000000b5 EBX=000f7d2d ECX=00001234 EDX=000069ff
ESI=0000699c EDI=0effee71 EBP=0000695c ESP=0000695c
EIP=000f7d2d EFL=00000046 [---Z-P-] CPL=0 II=0 A20=1 SMM=0 HLT=0
ES =0010 00000000 ffffffff 00c09300 DPL=0 DS   [-WA]
CS =0008 00000000 ffffffff 00c09b00 DPL=0 CS32 [-RA]
SS =0010 00000000 ffffffff 00c09300 DPL=0 DS   [-WA]
DS =0010 00000000 ffffffff 00c09300 DPL=0 DS   [-WA]
FS =0010 00000000 ffffffff 00c09300 DPL=0 DS   [-WA]
GS =0010 00000000 ffffffff 00c09300 DPL=0 DS   [-WA]
LDT=0000 00000000 0000ffff 00008200 DPL=0 LDT
TR =0000 00000000 0000ffff 00008b00 DPL=0 TSS32-busy
GDT=     000f6220 00000037
IDT=     000f625e 00000000
CR0=00000011 CR2=00000000 CR3=00000000 CR4=00000000
DR0=0000000000000000 DR1=0000000000000000 DR2=0000000000000000 DR3=0000000000000000 
DR6=00000000ffff0ff0 DR7=0000000000000400
CCS=00000044 CCD=00000000 CCO=EFLAGS
EFER=0000000000000000
SMM: enter
EAX=000000b5 EBX=00007d47 ECX=00005678 EDX=00000003
ESI=0ef32080 EDI=0effee71 EBP=0000695c ESP=0000695c
EIP=000f7d44 EFL=00000006 [-----P-] CPL=0 II=0 A20=1 SMM=0 HLT=0
ES =0010 00000000 ffffffff 00c09300 DPL=0 DS   [-WA]
CS =0008 00000000 ffffffff 00c09b00 DPL=0 CS32 [-RA]
SS =0010 00000000 ffffffff 00c09300 DPL=0 DS   [-WA]
DS =0010 00000000 ffffffff 00c09300 DPL=0 DS   [-WA]
FS =0010 00000000 ffffffff 00c09300 DPL=0 DS   [-WA]
GS =0010 00000000 ffffffff 00c09300 DPL=0 DS   [-WA]
LDT=0000 00000000 0000ffff 00008200 DPL=0 LDT
TR =0000 00000000 0000ffff 00008b00 DPL=0 TSS32-busy
GDT=     000f6220 00000037
IDT=     000f625e 00000000
CR0=00000011 CR2=00000000 CR3=00000000 CR4=00000000
DR0=0000000000000000 DR1=0000000000000000 DR2=0000000000000000 DR3=0000000000000000 
DR6=00000000ffff0ff0 DR7=0000000000000400
CCS=00000008 CCD=00006948 CCO=ADDL
EFER=0000000000000000
SMM: after RSM
EAX=000000b5 EBX=00007d47 ECX=00005678 EDX=00000003
ESI=0ef32080 EDI=0effee71 EBP=0000695c ESP=0000695c
EIP=00007d47 EFL=00000006 [-----P-] CPL=0 II=0 A20=1 SMM=0 HLT=0
ES =da80 000da800 ffffffff 00809300
CS =f000 000f0000 ffffffff 00809b00
SS =0000 00000000 ffffffff 00809300
DS =0000 00000000 ffffffff 00809300
FS =0000 00000000 ffffffff 00809300
GS =ca00 000ca000 ffffffff 00809300
LDT=0000 00000000 0000ffff 00008200
TR =0000 00000000 0000ffff 00008b00
GDT=     00000000 00000000
IDT=     00000000 000003ff
CR0=00000010 CR2=00000000 CR3=00000000 CR4=00000000
DR0=0000000000000000 DR1=0000000000000000 DR2=0000000000000000 DR3=0000000000000000 
DR6=00000000ffff0ff0 DR7=0000000000000400
CCS=00000004 CCD=00000001 CCO=EFLAGS
EFER=0000000000000000
----------------
IN: 
0x000ca219:  66 81 c6 ff 0f 00 00     addl     $0xfff, %esi
0x000ca220:  66 81 e6 00 f0 ff ff     andl     $0xfffff000, %esi
0x000ca227:  66 89 36 81 03           movl     %esi, 0x381
0x000ca22c:  66 61                    popal    
0x000ca22e:  31 db                    xorw     %bx, %bx
0x000ca230:  31 f6                    xorw     %si, %si
0x000ca232:  0f b6 0e 02 00           movzbw   2, %cx
0x000ca237:  c1 e1 09                 shlw     $9, %cx
0x000ca23a:  ac                       lodsb    (%si), %al
0x000ca23b:  00 c3                    addb     %al, %bl
0x000ca23d:  e2 fb                    loop     0xca23a

----------------
IN: 
0x000ca23a:  ac                       lodsb    (%si), %al
0x000ca23b:  00 c3                    addb     %al, %bl
0x000ca23d:  e2 fb                    loop     0xca23a

----------------
IN: 
0x000ca23f:  28 1e 06 00              subb     %bl, 6
0x000ca243:  8c e8                    movw     %gs, %ax
0x000ca245:  8e c0                    movw     %ax, %es
0x000ca247:  0f b6 0e 02 00           movzbw   2, %cx
0x000ca24c:  31 ff                    xorw     %di, %di
0x000ca24e:  e8 ad 02                 callw    0xca4fe

----------------
IN: 
0x000ca251:  e8 ca 02                 callw    0xca51e

----------------
IN: 
0x000ca254:  8c ce                    movw     %cs, %si
0x000ca256:  39 f0                    cmpw     %si, %ax
0x000ca258:  74 0d                    je       0xca267

----------------
IN: 
0x000ca267:  c1 e1 09                 shlw     $9, %cx
0x000ca26a:  31 f6                    xorw     %si, %si
0x000ca26c:  31 ff                    xorw     %di, %di
0x000ca26e:  2e f3 a4                 rep movsb %cs:(%si), %es:(%di)

----------------
IN: 
0x000ca26e:  2e f3 a4                 rep movsb %cs:(%si), %es:(%di)

----------------
IN: 
0x000ca271:  f6 06 79 03 07           testb    $7, 0x379
0x000ca276:  75 30                    jne      0xca2a8

----------------
IN: 
0x000ca278:  be 56 03                 movw     $0x356, %si
0x000ca27b:  31 ff                    xorw     %di, %di
0x000ca27d:  e8 86 02                 callw    0xca506

----------------
IN: 
0x000ca506:  50                       pushw    %ax
0x000ca507:  ac                       lodsb    (%si), %al
0x000ca508:  84 c0                    testb    %al, %al
0x000ca50a:  74 05                    je       0xca511

----------------
IN: 
0x000ca50c:  e8 d0 ff                 callw    0xca4df

----------------
IN: 
0x000ca4df:  50                       pushw    %ax
0x000ca4e0:  53                       pushw    %bx
0x000ca4e1:  55                       pushw    %bp
0x000ca4e2:  85 ff                    testw    %di, %di
0x000ca4e4:  74 05                    je       0xca4eb

----------------
IN: 
0x000ca4eb:  bb 07 00                 movw     $7, %bx
0x000ca4ee:  b4 0e                    movb     $0xe, %ah
0x000ca4f0:  3c 0a                    cmpb     $0xa, %al
0x000ca4f2:  75 04                    jne      0xca4f8

----------------
IN: 
0x000ca4f4:  cd 10                    int      $0x10

----------------
IN: 
0x000ca4f6:  b0 0d                    movb     $0xd, %al
0x000ca4f8:  cd 10                    int      $0x10

----------------
IN: 
0x000ca4fa:  5d                       popw     %bp
0x000ca4fb:  5b                       popw     %bx
0x000ca4fc:  58                       popw     %ax
0x000ca4fd:  c3                       retw     

----------------
IN: 
0x000ca50f:  eb f6                    jmp      0xca507

----------------
IN: 
0x000ca507:  ac                       lodsb    (%si), %al
0x000ca508:  84 c0                    testb    %al, %al
0x000ca50a:  74 05                    je       0xca511

----------------
IN: 
0x000ca4f8:  cd 10                    int      $0x10

----------------
IN: 
0x000ca511:  58                       popw     %ax
0x000ca512:  c3                       retw     

----------------
IN: 
0x000ca280:  be 70 00                 movw     $0x70, %si
0x000ca283:  e8 80 02                 callw    0xca506

----------------
IN: 
0x000ca286:  be 72 03                 movw     $0x372, %si
0x000ca289:  e8 7a 02                 callw    0xca506

----------------
IN: 
0x000ca28c:  bb 02 ff                 movw     $0xff02, %bx
0x000ca28f:  e8 c7 01                 callw    0xca459

----------------
IN: 
0x000ca459:  51                       pushw    %cx
0x000ca45a:  50                       pushw    %ax
0x000ca45b:  b4 01                    movb     $1, %ah
0x000ca45d:  cd 16                    int      $0x16

----------------
IN: 
0x000fe82e:  66 68 42 e7 00 00        pushl    $0xe742
0x000fe834:  e9 3f eb                 jmp      0xfd376

----------------
IN: 
0x000fd376:  fa                       cli      
0x000fd377:  fc                       cld      
0x000fd378:  1e                       pushw    %ds
0x000fd379:  66 50                    pushl    %eax
0x000fd37b:  66 b8 80 da 00 00        movl     $0xda80, %eax
0x000fd381:  8e d8                    movw     %ax, %ds
0x000fd383:  66 a1 10 f2              movl     0xf210, %eax
0x000fd387:  66 83 e8 30              subl     $0x30, %eax
0x000fd38b:  67 66 8f 40 1c           popl     0x1c(%eax)
0x000fd390:  67 8f 00                 popw     (%eax)
0x000fd393:  67 66 89 78 04           movl     %edi, 4(%eax)
0x000fd398:  67 66 89 70 08           movl     %esi, 8(%eax)
0x000fd39d:  67 66 89 68 0c           movl     %ebp, 0xc(%eax)
0x000fd3a2:  67 66 89 58 10           movl     %ebx, 0x10(%eax)
0x000fd3a7:  67 66 89 50 14           movl     %edx, 0x14(%eax)
0x000fd3ac:  67 66 89 48 18           movl     %ecx, 0x18(%eax)
0x000fd3b1:  67 8c 40 02              movw     %es, 2(%eax)
0x000fd3b5:  66 59                    popl     %ecx
0x000fd3b7:  67 66 89 60 28           movl     %esp, 0x28(%eax)
0x000fd3bc:  67 8c 50 2c              movw     %ss, 0x2c(%eax)
0x000fd3c0:  67 66 8f 40 20           popl     0x20(%eax)
0x000fd3c5:  67 8f 40 24              popw     0x24(%eax)
0x000fd3c9:  8c da                    movw     %ds, %dx
0x000fd3cb:  8e d2                    movw     %dx, %ss

----------------
IN: 
0x000fd3cd:  66 89 c4                 movl     %eax, %esp

----------------
IN: 
0x000fd3d0:  66 ff d1                 calll    *%ecx

----------------
IN: 
0x000fe742:  66 53                    pushl    %ebx
0x000fe744:  66 89 c3                 movl     %eax, %ebx
0x000fe747:  66 e8 20 ad ff ff        calll    0xf946d

----------------
IN: 
0x000f946d:  66 56                    pushl    %esi
0x000f946f:  66 53                    pushl    %ebx
0x000f9471:  66 52                    pushl    %edx
0x000f9473:  66 be 40 00 00 00        movl     $0x40, %esi
0x000f9479:  8e c6                    movw     %si, %es
0x000f947b:  26 a1 17 00              movw     %es:0x17, %ax
0x000f947f:  c1 e8 04                 shrw     $4, %ax
0x000f9482:  66 83 e0 07              andl     $7, %eax
0x000f9486:  67 88 44 24 03           movb     %al, 3(%esp)
0x000f948b:  26 8a 1e 97 00           movb     %es:0x97, %bl
0x000f9490:  88 da                    movb     %bl, %dl
0x000f9492:  66 83 e2 07              andl     $7, %edx
0x000f9496:  38 d0                    cmpb     %dl, %al
0x000f9498:  74 31                    je       0xf94cb

----------------
IN: 
0x000f94cb:  66 58                    popl     %eax
0x000f94cd:  66 5b                    popl     %ebx
0x000f94cf:  66 5e                    popl     %esi
0x000f94d1:  66 c3                    retl     

----------------
IN: 
0x000fe74d:  67 8a 43 1d              movb     0x1d(%ebx), %al
0x000fe751:  3c 0a                    cmpb     $0xa, %al
0x000fe753:  74 7d                    je       0xfe7d2

----------------
IN: 
0x000fe755:  77 26                    ja       0xfe77d

----------------
IN: 
0x000fe757:  3c 02                    cmpb     $2, %al
0x000fe759:  74 4d                    je       0xfe7a8

----------------
IN: 
0x000fe75b:  77 0e                    ja       0xfe76b

----------------
IN: 
0x000fe75d:  66 31 c9                 xorl     %ecx, %ecx
0x000fe760:  84 c0                    testb    %al, %al
0x000fe762:  0f 85 82 00              jne      0xfe7e8

----------------
IN: 
0x000fe7e8:  66 31 d2                 xorl     %edx, %edx
0x000fe7eb:  66 89 d8                 movl     %ebx, %eax
0x000fe7ee:  66 5b                    popl     %ebx
0x000fe7f0:  e9 68 cf                 jmp      0xfb75b

----------------
IN: 
0x000fb75b:  66 55                    pushl    %ebp
0x000fb75d:  66 57                    pushl    %edi
0x000fb75f:  66 56                    pushl    %esi
0x000fb761:  66 53                    pushl    %ebx
0x000fb763:  66 89 c3                 movl     %eax, %ebx
0x000fb766:  66 89 d6                 movl     %edx, %esi
0x000fb769:  66 89 cf                 movl     %ecx, %edi
0x000fb76c:  66 e8 83 d1 ff ff        calll    0xf88f5

----------------
IN: 
0x000f8900:  66 b9 f5 88 00 00        movl     $0x88f5, %ecx
0x000f8906:  66 31 d2                 xorl     %edx, %edx
0x000f8909:  66 31 c0                 xorl     %eax, %eax
0x000f890c:  e9 79 e8                 jmp      0xf7188

----------------
IN: 
0x000fb772:  66 bd 40 00 00 00        movl     $0x40, %ebp
0x000fb778:  8e c5                    movw     %bp, %es
0x000fb77a:  26 8b 16 1a 00           movw     %es:0x1a, %dx
0x000fb77f:  26 a1 1c 00              movw     %es:0x1c, %ax
0x000fb783:  39 d0                    cmpw     %dx, %ax
0x000fb785:  75 15                    jne      0xfb79c

----------------
IN: 
0x000fb787:  66 85 f6                 testl    %esi, %esi
0x000fb78a:  75 08                    jne      0xfb794

----------------
IN: 
0x000fb78c:  67 83 4b 24 40           orw      $0x40, 0x24(%ebx)
0x000fb791:  e9 96 00                 jmp      0xfb82a

----------------
IN: 
0x000fb82a:  66 5b                    popl     %ebx
0x000fb82c:  66 5e                    popl     %esi
0x000fb82e:  66 5f                    popl     %edi
0x000fb830:  66 5d                    popl     %ebp
0x000fb832:  66 c3                    retl     

----------------
IN: 
0x000fd3d3:  66 89 e0                 movl     %esp, %eax
0x000fd3d6:  67 8e 50 2c              movw     0x2c(%eax), %ss

----------------
IN: 
0x000fd3da:  67 66 8b 60 28           movl     0x28(%eax), %esp

----------------
IN: 
0x000fd3df:  66 5a                    popl     %edx
0x000fd3e1:  5a                       popw     %dx
0x000fd3e2:  67 ff 70 24              pushw    0x24(%eax)
0x000fd3e6:  67 66 ff 70 20           pushl    0x20(%eax)
0x000fd3eb:  67 66 8b 78 04           movl     4(%eax), %edi
0x000fd3f0:  67 66 8b 70 08           movl     8(%eax), %esi
0x000fd3f5:  67 66 8b 68 0c           movl     0xc(%eax), %ebp
0x000fd3fa:  67 66 8b 58 10           movl     0x10(%eax), %ebx
0x000fd3ff:  67 66 8b 50 14           movl     0x14(%eax), %edx
0x000fd404:  67 66 8b 48 18           movl     0x18(%eax), %ecx
0x000fd409:  67 8e 40 02              movw     2(%eax), %es
0x000fd40d:  67 66 ff 70 1c           pushl    0x1c(%eax)
0x000fd412:  67 8e 18                 movw     (%eax), %ds
0x000fd415:  66 58                    popl     %eax
0x000fd417:  cf                       iretw    

----------------
IN: 
0x000ca45f:  74 06                    je       0xca467

----------------
IN: 
0x000ca467:  b9 00 00                 movw     $0, %cx
0x000ca46a:  49                       decw     %cx
0x000ca46b:  78 15                    js       0xca482

----------------
IN: 
0x000ca482:  58                       popw     %ax
0x000ca483:  59                       popw     %cx
0x000ca484:  c3                       retw     

----------------
IN: 
0x000ca292:  9c                       pushfw   
0x000ca293:  31 ff                    xorw     %di, %di
0x000ca295:  e8 c4 02                 callw    0xca55c

----------------
IN: 
0x000ca55c:  50                       pushw    %ax
0x000ca55d:  51                       pushw    %cx
0x000ca55e:  b0 0d                    movb     $0xd, %al
0x000ca560:  e8 7c ff                 callw    0xca4df

----------------
IN: 
0x000ca563:  b9 4f 00                 movw     $0x4f, %cx
0x000ca566:  e8 95 ff                 callw    0xca4fe

----------------
IN: 
0x000ca4fe:  50                       pushw    %ax
0x000ca4ff:  b0 20                    movb     $0x20, %al
0x000ca501:  e8 db ff                 callw    0xca4df

----------------
IN: 
0x000ca504:  58                       popw     %ax
0x000ca505:  c3                       retw     

----------------
IN: 
0x000ca569:  e2 fb                    loop     0xca566

----------------
IN: 
0x000ca566:  e8 95 ff                 callw    0xca4fe

----------------
IN: 
0x000ca56b:  e8 71 ff                 callw    0xca4df

----------------
IN: 
0x000ca56e:  59                       popw     %cx
0x000ca56f:  58                       popw     %ax
0x000ca570:  c3                       retw     

----------------
IN: 
0x000ca298:  be 76 03                 movw     $0x376, %si
0x000ca29b:  e8 68 02                 callw    0xca506

----------------
IN: 
0x000ca29e:  9d                       popfw    

----------------
IN: 
0x000ca29f:  75 07                    jne      0xca2a8

----------------
IN: 
0x000ca2a8:  b0 0a                    movb     $0xa, %al
0x000ca2aa:  31 ff                    xorw     %di, %di
0x000ca2ac:  e8 30 02                 callw    0xca4df

----------------
IN: 
0x000ca2af:  0f a9                    popw     %gs
0x000ca2b1:  0f a1                    popw     %fs
0x000ca2b3:  07                       popw     %es
0x000ca2b4:  1f                       popw     %ds
0x000ca2b5:  61                       popaw    
0x000ca2b6:  b8 20 00                 movw     $0x20, %ax
0x000ca2b9:  cb                       lretw    

----------------
IN: 
0x0eff57d1:  8d 8d f0 fc ff ff        leal     -0x310(%ebp), %ecx
0x0eff57d7:  31 d2                    xorl     %edx, %edx
0x0eff57d9:  b8 1e 26 0f 00           movl     $0xf261e, %eax
0x0eff57de:  e8 0e fe ff ff           calll    0xeff55f1

----------------
IN: 
0x0eff560c:  e8 9e 8f ff ff           calll    0xefee5af

----------------
IN: 
0x0efee5af:  57                       pushl    %edi
0x0efee5b0:  56                       pushl    %esi
0x0efee5b1:  53                       pushl    %ebx
0x0efee5b2:  89 c6                    movl     %eax, %esi
0x0efee5b4:  8b b8 84 00 00 00        movl     0x84(%eax), %edi
0x0efee5ba:  89 f8                    movl     %edi, %eax
0x0efee5bc:  e8 8b de ff ff           calll    0xefec44c

----------------
IN: 
0x0efee5c1:  85 c0                    testl    %eax, %eax
0x0efee5c3:  75 11                    jne      0xefee5d6

----------------
IN: 
0x0efee5d6:  89 c3                    movl     %eax, %ebx
0x0efee5d8:  89 f9                    movl     %edi, %ecx
0x0efee5da:  89 c2                    movl     %eax, %edx
0x0efee5dc:  89 f0                    movl     %esi, %eax
0x0efee5de:  ff 96 88 00 00 00        calll    *0x88(%esi)

----------------
IN: 
0x0efee5e4:  85 c0                    testl    %eax, %eax
0x0efee5e6:  7f 02                    jg       0xefee5ea

----------------
IN: 
0x0efee5ea:  89 d8                    movl     %ebx, %eax
0x0efee5ec:  5b                       popl     %ebx
0x0efee5ed:  5e                       popl     %esi
0x0efee5ee:  5f                       popl     %edi
0x0efee5ef:  c3                       retl     

----------------
IN: 
0x0eff5611:  85 c0                    testl    %eax, %eax
0x0eff5613:  74 e8                    je       0xeff55fd

----------------
IN: 
0x0eff5615:  85 f6                    testl    %esi, %esi
0x0eff5617:  74 12                    je       0xeff562b

----------------
IN: 
0x0eff5619:  8d 90 00 00 f4 ff        leal     -0xc0000(%eax), %edx
0x0eff561f:  c1 ea 0b                 shrl     $0xb, %edx
0x0eff5622:  89 1c d6                 movl     %ebx, (%esi, %edx, 8)
0x0eff5625:  31 c9                    xorl     %ecx, %ecx
0x0eff5627:  89 4c d6 04              movl     %ecx, 4(%esi, %edx, 8)
0x0eff562b:  89 f9                    movl     %edi, %ecx
0x0eff562d:  31 d2                    xorl     %edx, %edx
0x0eff562f:  e8 b4 fe ff ff           calll    0xeff54e8

----------------
IN: 
0x0eff5634:  eb c7                    jmp      0xeff55fd

----------------
IN: 
0x0eff55fd:  89 da                    movl     %ebx, %edx
0x0eff55ff:  89 e8                    movl     %ebp, %eax
0x0eff5601:  e8 d0 6e ff ff           calll    0xefec4d6

----------------
IN: 
0x0efec4ee:  8b 19                    movl     (%ecx), %ebx
0x0efec4f0:  eb 12                    jmp      0xefec504

----------------
IN: 
0x0eff57e3:  31 c0                    xorl     %eax, %eax
0x0eff57e5:  e8 62 6c ff ff           calll    0xefec44c

----------------
IN: 
0x0eff57ea:  3b 1d 60 fe ff 0e        cmpl     0xefffe60, %ebx
0x0eff57f0:  0f 83 75 01 00 00        jae      0xeff596b

----------------
IN: 
0x0eff57f6:  89 d8                    movl     %ebx, %eax
0x0eff57f8:  e8 3e 8c 0f f1           calll    0xee43b

----------------
IN: 
0x0eff57fd:  85 c0                    testl    %eax, %eax
0x0eff57ff:  75 08                    jne      0xeff5809

----------------
IN: 
0x0eff5809:  0f b6 43 02              movzbl   2(%ebx), %eax
0x0eff580d:  c1 e0 09                 shll     $9, %eax
0x0eff5810:  05 ff 07 00 00           addl     $0x7ff, %eax
0x0eff5815:  25 00 f8 ff ff           andl     $0xfffff800, %eax
0x0eff581a:  01 d8                    addl     %ebx, %eax
0x0eff581c:  89 85 e4 fc ff ff        movl     %eax, -0x31c(%ebp)
0x0eff5822:  0f b7 73 1a              movzwl   0x1a(%ebx), %esi
0x0eff5826:  01 de                    addl     %ebx, %esi
0x0eff5828:  81 3e 24 50 6e 50        cmpl     $0x506e5024, (%esi)
0x0eff582e:  75 21                    jne      0xeff5851

----------------
IN: 
0x0eff5830:  c7 85 ec fc ff ff 01 00  movl     $1, -0x314(%ebp)
0x0eff5838:  00 00
0x0eff583a:  85 f6                    testl    %esi, %esi
0x0eff583c:  74 13                    je       0xeff5851

----------------
IN: 
0x0eff583e:  89 d8                    movl     %ebx, %eax
0x0eff5840:  c1 e8 04                 shrl     $4, %eax
0x0eff5843:  0f b7 c0                 movzwl   %ax, %eax
0x0eff5846:  89 85 e8 fc ff ff        movl     %eax, -0x318(%ebp)
0x0eff584c:  e9 ab 00 00 00           jmp      0xeff58fc

----------------
IN: 
0x0eff58fc:  8b 85 ec fc ff ff        movl     -0x314(%ebp), %eax
0x0eff5902:  8d 48 ff                 leal     -1(%eax), %ecx
0x0eff5905:  66 83 7e 1a 00           cmpw     $0, 0x1a(%esi)
0x0eff590a:  75 81                    jne      0xeff588d

----------------
IN: 
0x0eff588d:  8d 85 f0 fc ff ff        leal     -0x310(%ebp), %eax
0x0eff5893:  89 da                    movl     %ebx, %edx
0x0eff5895:  e8 61 e6 ff ff           calll    0xeff3efb

----------------
IN: 
0x0eff3efb:  81 ea 00 00 0c 00        subl     $0xc0000, %edx
0x0eff3f01:  c1 ea 0b                 shrl     $0xb, %edx
0x0eff3f04:  8d 14 d0                 leal     (%eax, %edx, 8), %edx
0x0eff3f07:  8b 02                    movl     (%edx), %eax
0x0eff3f09:  8b 52 04                 movl     4(%edx), %edx
0x0eff3f0c:  85 d2                    testl    %edx, %edx
0x0eff3f0e:  75 04                    jne      0xeff3f14

----------------
IN: 
0x0eff3f14:  56                       pushl    %esi
0x0eff3f15:  53                       pushl    %ebx
0x0eff3f16:  81 ec 00 01 00 00        subl     $0x100, %esp
0x0eff3f1c:  83 e2 02                 andl     $2, %edx
0x0eff3f1f:  74 3d                    je       0xeff3f5e

----------------
IN: 
0x0eff3f21:  89 ce                    movl     %ecx, %esi
0x0eff3f23:  89 c1                    movl     %eax, %ecx
0x0eff3f25:  ba 07 21 0f 00           movl     $0xf2107, %edx
0x0eff3f2a:  89 e0                    movl     %esp, %eax
0x0eff3f2c:  e8 68 fe ff ff           calll    0xeff3d99

----------------
IN: 
0x0eff3f31:  85 f6                    testl    %esi, %esi
0x0eff3f33:  74 19                    je       0xeff3f4e

----------------
IN: 
0x0eff3f4e:  89 e0                    movl     %esp, %eax
0x0eff3f50:  e8 35 bf ff ff           calll    0xefefe8a

----------------
IN: 
0x0eff3f55:  81 c4 00 01 00 00        addl     $0x100, %esp
0x0eff3f5b:  5b                       popl     %ebx
0x0eff3f5c:  5e                       popl     %esi
0x0eff3f5d:  c3                       retl     

----------------
IN: 
0x0eff589a:  89 c2                    movl     %eax, %edx
0x0eff589c:  0f b7 7e 10              movzwl   0x10(%esi), %edi
0x0eff58a0:  0f b7 4e 1a              movzwl   0x1a(%esi), %ecx
0x0eff58a4:  b8 ee 25 0f 00           movl     $0xf25ee, %eax
0x0eff58a9:  66 85 ff                 testw    %di, %di
0x0eff58ac:  74 09                    je       0xeff58b7

----------------
IN: 
0x0eff58ae:  89 d8                    movl     %ebx, %eax
0x0eff58b0:  25 f0 ff 0f 00           andl     $0xffff0, %eax
0x0eff58b5:  01 f8                    addl     %edi, %eax
0x0eff58b7:  8b bd e8 fc ff ff        movl     -0x318(%ebp), %edi
0x0eff58bd:  c1 e7 10                 shll     $0x10, %edi
0x0eff58c0:  09 f9                    orl      %edi, %ecx
0x0eff58c2:  83 fa ff                 cmpl     $-1, %edx
0x0eff58c5:  75 06                    jne      0xeff58cd

----------------
IN: 
0x0eff58c7:  8b 15 44 fe ff 0e        movl     0xefffe44, %edx
0x0eff58cd:  50                       pushl    %eax
0x0eff58ce:  b8 80 00 00 00           movl     $0x80, %eax
0x0eff58d3:  e8 0e 93 ff ff           calll    0xefeebe6

----------------
IN: 
0x0eff58d8:  c7 05 44 fe ff 0e 0f 27  movl     $0x270f, 0xefffe44
0x0eff58e0:  00 00
0x0eff58e2:  58                       popl     %eax
0x0eff58e3:  0f b7 76 06              movzwl   6(%esi), %esi
0x0eff58e7:  66 85 f6                 testw    %si, %si
0x0eff58ea:  74 74                    je       0xeff5960

----------------
IN: 
0x0eff5960:  8b 9d e4 fc ff ff        movl     -0x31c(%ebp), %ebx
0x0eff5966:  e9 7f fe ff ff           jmp      0xeff57ea

----------------
IN: 
0x0eff5851:  8d 85 f0 fc ff ff        leal     -0x310(%ebp), %eax
0x0eff5857:  31 c9                    xorl     %ecx, %ecx
0x0eff5859:  89 da                    movl     %ebx, %edx
0x0eff585b:  e8 9b e6 ff ff           calll    0xeff3efb

----------------
IN: 
0x0eff3f10:  85 c0                    testl    %eax, %eax
0x0eff3f12:  74 5c                    je       0xeff3f70

----------------
IN: 
0x0eff3f5e:  8d 40 04                 leal     4(%eax), %eax
0x0eff3f61:  89 ca                    movl     %ecx, %edx
0x0eff3f63:  81 c4 00 01 00 00        addl     $0x100, %esp
0x0eff3f69:  5b                       popl     %ebx
0x0eff3f6a:  5e                       popl     %esi
0x0eff3f6b:  e9 3e ea ff ff           jmp      0xeff29ae

----------------
IN: 
0x0eff29ae:  56                       pushl    %esi
0x0eff29af:  53                       pushl    %ebx
0x0eff29b0:  81 ec 00 01 00 00        subl     $0x100, %esp
0x0eff29b6:  89 d6                    movl     %edx, %esi
0x0eff29b8:  50                       pushl    %eax
0x0eff29b9:  68 8f 1e 0f 00           pushl    $0xf1e8f
0x0eff29be:  68 00 01 00 00           pushl    $0x100
0x0eff29c3:  8d 5c 24 0c              leal     0xc(%esp), %ebx
0x0eff29c7:  53                       pushl    %ebx
0x0eff29c8:  e8 96 ff ff ff           calll    0xeff2963

----------------
IN: 
0x0eff29cd:  89 dc                    movl     %ebx, %esp
0x0eff29cf:  85 f6                    testl    %esi, %esi
0x0eff29d1:  74 18                    je       0xeff29eb

----------------
IN: 
0x0eff29eb:  89 d8                    movl     %ebx, %eax
0x0eff29ed:  e8 98 d4 ff ff           calll    0xefefe8a

----------------
IN: 
0x0eff29f2:  81 c4 00 01 00 00        addl     $0x100, %esp
0x0eff29f8:  5b                       popl     %ebx
0x0eff29f9:  5e                       popl     %esi
0x0eff29fa:  c3                       retl     

----------------
IN: 
0x0eff5860:  89 c2                    movl     %eax, %edx
0x0eff5862:  c1 eb 04                 shrl     $4, %ebx
0x0eff5865:  89 d9                    movl     %ebx, %ecx
0x0eff5867:  c1 e1 10                 shll     $0x10, %ecx
0x0eff586a:  83 c9 03                 orl      $3, %ecx
0x0eff586d:  83 f8 ff                 cmpl     $-1, %eax
0x0eff5870:  75 06                    jne      0xeff5878

----------------
IN: 
0x0eff5872:  8b 15 48 fe ff 0e        movl     0xefffe48, %edx
0x0eff5878:  68 f6 25 0f 00           pushl    $0xf25f6
0x0eff587d:  b8 81 00 00 00           movl     $0x81, %eax
0x0eff5882:  e8 5f 93 ff ff           calll    0xefeebe6

----------------
IN: 
0x0efeec63:  8b 1c 24                 movl     (%esp), %ebx
0x0efeec66:  39 59 f0                 cmpl     %ebx, -0x10(%ecx)
0x0efeec69:  7f e0                    jg       0xefeec4b

----------------
IN: 
0x0efeec6b:  75 1b                    jne      0xefeec88

----------------
IN: 
0x0eff5887:  5a                       popl     %edx
0x0eff5888:  e9 d3 00 00 00           jmp      0xeff5960

----------------
IN: 
0x0eff596b:  8d 65 f4                 leal     -0xc(%ebp), %esp
0x0eff596e:  5b                       popl     %ebx
0x0eff596f:  5e                       popl     %esi
0x0eff5970:  5f                       popl     %edi
0x0eff5971:  5d                       popl     %ebp
0x0eff5972:  8d 67 f8                 leal     -8(%edi), %esp
0x0eff5975:  5f                       popl     %edi
0x0eff5976:  c3                       retl     

----------------
IN: 
0x0effbef1:  ba 01 00 00 00           movl     $1, %edx
0x0effbef6:  31 c9                    xorl     %ecx, %ecx
0x0effbef8:  b8 6b 1f 0f 00           movl     $0xf1f6b, %eax
0x0effbefd:  e8 b9 22 ff ff           calll    0xefee1bb

----------------
IN: 
0x0effbf02:  85 c0                    testl    %eax, %eax
0x0effbf04:  0f 84 71 1f 00 00        je       0xeffde7b

----------------
IN: 
0x0effde7b:  e8 c8 03 ff ff           calll    0xefee248

----------------
IN: 
0x0effde80:  a0 24 4d 0f 00           movb     0xf4d24, %al
0x0effde85:  3c 01                    cmpb     $1, %al
0x0effde87:  74 09                    je       0xeffde92

----------------
IN: 
0x0effde89:  3c 02                    cmpb     $2, %al
0x0effde8b:  74 2e                    je       0xeffdebb

----------------
IN: 
0x0effde8d:  e9 cd 01 00 00           jmp      0xeffe05f

----------------
IN: 
0x0effe05f:  ba 07 3f 0f 00           movl     $0xf3f07, %edx
0x0effe064:  b8 04 00 00 00           movl     $4, %eax
0x0effe069:  e8 4d e3 0e f1           calll    0xec3bb

----------------
IN: 
0x000ec3bb:  53                       pushl    %ebx
0x000ec3bc:  89 c3                    movl     %eax, %ebx
0x000ec3be:  89 d1                    movl     %edx, %ecx
0x000ec3c0:  89 d0                    movl     %edx, %eax
0x000ec3c2:  e8 39 e0 ff ff           calll    0xea400

----------------
IN: 
0x000ec3c7:  50                       pushl    %eax
0x000ec3c8:  51                       pushl    %ecx
0x000ec3c9:  50                       pushl    %eax
0x000ec3ca:  ba 05 00 00 00           movl     $5, %edx
0x000ec3cf:  89 d8                    movl     %ebx, %eax
0x000ec3d1:  e8 4b ff ff ff           calll    0xec321

----------------
IN: 
0x000ec321:  80 3d 81 99 0e 00 00     cmpb     $0, 0xe9981
0x000ec328:  0f 84 8c 00 00 00        je       0xec3ba

----------------
IN: 
0x000ec3ba:  c3                       retl     

----------------
IN: 
0x000ec3d6:  83 c4 0c                 addl     $0xc, %esp
0x000ec3d9:  5b                       popl     %ebx
0x000ec3da:  c3                       retl     

----------------
IN: 
0x0effe06e:  31 db                    xorl     %ebx, %ebx
0x0effe070:  6a 04                    pushl    $4
0x0effe072:  68 60 f6 ff 0e           pushl    $0xefff660
0x0effe077:  6a 04                    pushl    $4
0x0effe079:  b9 60 f6 ff 0e           movl     $0xefff660, %ecx
0x0effe07e:  ba 04 00 00 00           movl     $4, %edx
0x0effe083:  89 d8                    movl     %ebx, %eax
0x0effe085:  e8 97 e2 0e f1           calll    0xec321

----------------
IN: 
0x0effe08a:  43                       incl     %ebx
0x0effe08b:  83 c4 0c                 addl     $0xc, %esp
0x0effe08e:  83 fb 08                 cmpl     $8, %ebx
0x0effe091:  75 dd                    jne      0xeffe070

----------------
IN: 
0x0effe070:  6a 04                    pushl    $4
0x0effe072:  68 60 f6 ff 0e           pushl    $0xefff660
0x0effe077:  6a 04                    pushl    $4
0x0effe079:  b9 60 f6 ff 0e           movl     $0xefff660, %ecx
0x0effe07e:  ba 04 00 00 00           movl     $4, %edx
0x0effe083:  89 d8                    movl     %ebx, %eax
0x0effe085:  e8 97 e2 0e f1           calll    0xec321

----------------
IN: 
0x0effe093:  b8 fc 11 0f 00           movl     $0xf11fc, %eax
0x0effe098:  e8 ed 1d ff ff           calll    0xefefe8a

----------------
IN: 
0x0effe09d:  83 f8 ff                 cmpl     $-1, %eax
0x0effe0a0:  74 14                    je       0xeffe0b6

----------------
IN: 
0x0effe0b6:  a1 40 fe ff 0e           movl     0xefffe40, %eax
0x0effe0bb:  83 e8 10                 subl     $0x10, %eax
0x0effe0be:  89 04 24                 movl     %eax, (%esp)
0x0effe0c1:  83 3c 24 f0              cmpl     $-0x10, (%esp)
0x0effe0c5:  0f 84 ff 03 00 00        je       0xeffe4ca

----------------
IN: 
0x0effe0cb:  8b 04 24                 movl     (%esp), %eax
0x0effe0ce:  8b 00                    movl     (%eax), %eax
0x0effe0d0:  83 f8 03                 cmpl     $3, %eax
0x0effe0d3:  0f 84 c4 03 00 00        je       0xeffe49d

----------------
IN: 
0x0effe0d9:  7f 0f                    jg       0xeffe0ea

----------------
IN: 
0x0effe0db:  83 f8 01                 cmpl     $1, %eax
0x0effe0de:  74 2f                    je       0xeffe10f

----------------
IN: 
0x0effe0e0:  83 f8 02                 cmpl     $2, %eax
0x0effe0e3:  74 7f                    je       0xeffe164

----------------
IN: 
0x0effe164:  8b 04 24                 movl     (%esp), %eax
0x0effe167:  8b 58 04                 movl     4(%eax), %ebx
0x0effe16a:  0f b6 05 75 04 00 00     movzbl   0x475, %eax
0x0effe171:  88 44 24 18              movb     %al, 0x18(%esp)
0x0effe175:  89 44 24 1c              movl     %eax, 0x1c(%esp)
0x0effe179:  89 d9                    movl     %ebx, %ecx
0x0effe17b:  ba 75 04 00 00           movl     $0x475, %edx
0x0effe180:  b8 80 61 0f 00           movl     $0xf6180, %eax
0x0effe185:  e8 04 04 ff ff           calll    0xefee58e

----------------
IN: 
0x0efee58e:  53                       pushl    %ebx
0x0efee58f:  89 c3                    movl     %eax, %ebx
0x0efee591:  0f b6 02                 movzbl   (%edx), %eax
0x0efee594:  3c 0f                    cmpb     $0xf, %al
0x0efee596:  76 10                    jbe      0xefee5a8

----------------
IN: 
0x0efee5a8:  89 0c 83                 movl     %ecx, (%ebx, %eax, 4)
0x0efee5ab:  fe 02                    incb     (%edx)
0x0efee5ad:  5b                       popl     %ebx
0x0efee5ae:  c3                       retl     

----------------
IN: 
0x0effe18a:  66 8b 73 02              movw     2(%ebx), %si
0x0effe18e:  66 81 fe ff 00           cmpw     $0xff, %si
0x0effe193:  77 13                    ja       0xeffe1a8

----------------
IN: 
0x0effe195:  66 8b 43 06              movw     6(%ebx), %ax
0x0effe199:  8d 50 ff                 leal     -1(%eax), %edx
0x0effe19c:  b0 04                    movb     $4, %al
0x0effe19e:  66 83 fa 3e              cmpw     $0x3e, %dx
0x0effe1a2:  0f 86 a0 00 00 00        jbe      0xeffe248

----------------
IN: 
0x0effe1a8:  80 3b 20                 cmpb     $0x20, (%ebx)
0x0effe1ab:  75 21                    jne      0xeffe1ce

----------------
IN: 
0x0effe1ad:  8b 4b 14                 movl     0x14(%ebx), %ecx
0x0effe1b0:  89 c8                    movl     %ecx, %eax
0x0effe1b2:  c1 e8 02                 shrl     $2, %eax
0x0effe1b5:  83 c0 39                 addl     $0x39, %eax
0x0effe1b8:  83 c8 80                 orl      $0xffffff80, %eax
0x0effe1bb:  e6 70                    outb     %al, $0x70

----------------
IN: 
0x0effe1bd:  e4 71                    inb      $0x71, %al

----------------
IN: 
0x0effe1bf:  0f b6 c0                 movzbl   %al, %eax
0x0effe1c2:  83 e1 03                 andl     $3, %ecx
0x0effe1c5:  01 c9                    addl     %ecx, %ecx
0x0effe1c7:  d3 f8                    sarl     %cl, %eax
0x0effe1c9:  83 e0 03                 andl     $3, %eax
0x0effe1cc:  eb 7a                    jmp      0xeffe248

----------------
IN: 
0x0effe248:  88 43 19                 movb     %al, 0x19(%ebx)
0x0effe24b:  8b 7b 1c                 movl     0x1c(%ebx), %edi
0x0effe24e:  66 89 7c 24 08           movw     %di, 8(%esp)
0x0effe253:  0f b7 4b 1e              movzwl   0x1e(%ebx), %ecx
0x0effe257:  8b 7b 20                 movl     0x20(%ebx), %edi
0x0effe25a:  66 89 7c 24 0c           movw     %di, 0xc(%esp)
0x0effe25f:  8b 7b 0c                 movl     0xc(%ebx), %edi
0x0effe262:  89 7c 24 14              movl     %edi, 0x14(%esp)
0x0effe266:  8b 53 10                 movl     0x10(%ebx), %edx
0x0effe269:  3c 03                    cmpb     $3, %al
0x0effe26b:  0f 84 92 00 00 00        je       0xeffe303

----------------
IN: 
0x0effe271:  3c 04                    cmpb     $4, %al
0x0effe273:  0f 84 da 00 00 00        je       0xeffe353

----------------
IN: 
0x0effe279:  3c 01                    cmpb     $1, %al
0x0effe27b:  74 1c                    je       0xeffe299

----------------
IN: 
0x0effe27d:  3c 02                    cmpb     $2, %al
0x0effe27f:  0f 84 a3 00 00 00        je       0xeffe328

----------------
IN: 
0x0effe285:  8b 6c 24 0c              movl     0xc(%esp), %ebp
0x0effe289:  89 c8                    movl     %ecx, %eax
0x0effe28b:  8b 74 24 08              movl     8(%esp), %esi
0x0effe28f:  ba f3 36 0f 00           movl     $0xf36f3, %edx
0x0effe294:  e9 cc 00 00 00           jmp      0xeffe365

----------------
IN: 
0x0effe365:  89 c7                    movl     %eax, %edi
0x0effe367:  66 3d 00 04              cmpw     $0x400, %ax
0x0effe36b:  76 16                    jbe      0xeffe383

----------------
IN: 
0x0effe383:  ff 74 24 14              pushl    0x14(%esp)
0x0effe387:  0f b7 c5                 movzwl   %bp, %eax
0x0effe38a:  50                       pushl    %eax
0x0effe38b:  0f b7 c6                 movzwl   %si, %eax
0x0effe38e:  50                       pushl    %eax
0x0effe38f:  0f b7 c7                 movzwl   %di, %eax
0x0effe392:  50                       pushl    %eax
0x0effe393:  52                       pushl    %edx
0x0effe394:  0f b7 44 24 20           movzwl   0x20(%esp), %eax
0x0effe399:  50                       pushl    %eax
0x0effe39a:  0f b7 44 24 20           movzwl   0x20(%esp), %eax
0x0effe39f:  50                       pushl    %eax
0x0effe3a0:  51                       pushl    %ecx
0x0effe3a1:  53                       pushl    %ebx
0x0effe3a2:  68 17 3f 0f 00           pushl    $0xf3f17
0x0effe3a7:  e8 76 eb 0e f1           calll    0xecf22

----------------
IN: 
0x0effe3ac:  66 89 73 02              movw     %si, 2(%ebx)
0x0effe3b0:  66 89 7b 04              movw     %di, 4(%ebx)
0x0effe3b4:  66 89 6b 06              movw     %bp, 6(%ebx)
0x0effe3b8:  83 c4 28                 addl     $0x28, %esp
0x0effe3bb:  83 7c 24 1c 01           cmpl     $1, 0x1c(%esp)
0x0effe3c0:  0f 8f ce 00 00 00        jg       0xeffe494

----------------
IN: 
0x0effe3c6:  66 8b 53 1e              movw     0x1e(%ebx), %dx
0x0effe3ca:  8b 43 1c                 movl     0x1c(%ebx), %eax
0x0effe3cd:  66 89 44 24 08           movw     %ax, 8(%esp)
0x0effe3d2:  8b 5b 20                 movl     0x20(%ebx), %ebx
0x0effe3d5:  66 89 5c 24 0c           movw     %bx, 0xc(%esp)
0x0effe3da:  0f b7 0d 0e 04 00 00     movzwl   0x40e, %ecx
0x0effe3e1:  c1 e1 04                 shll     $4, %ecx
0x0effe3e4:  89 4c 24 14              movl     %ecx, 0x14(%esp)
0x0effe3e8:  0f b6 4c 24 18           movzbl   0x18(%esp), %ecx
0x0effe3ed:  c1 e1 04                 shll     $4, %ecx
0x0effe3f0:  89 4c 24 18              movl     %ecx, 0x18(%esp)
0x0effe3f4:  8b 5c 24 14              movl     0x14(%esp), %ebx
0x0effe3f8:  01 cb                    addl     %ecx, %ebx
0x0effe3fa:  66 c7 43 42 ff ff        movw     $0xffff, 0x42(%ebx)
0x0effe400:  b1 c0                    movb     $0xc0, %cl
0x0effe402:  66 83 f8 08              cmpw     $8, %ax
0x0effe406:  76 02                    jbe      0xeffe40a

----------------
IN: 
0x0effe408:  b1 c8                    movb     $0xc8, %cl
0x0effe40a:  88 4b 45                 movb     %cl, 0x45(%ebx)
0x0effe40d:  66 89 53 49              movw     %dx, 0x49(%ebx)
0x0effe411:  66 89 7b 3d              movw     %di, 0x3d(%ebx)
0x0effe415:  89 f1                    movl     %esi, %ecx
0x0effe417:  88 4b 3f                 movb     %cl, 0x3f(%ebx)
0x0effe41a:  89 e9                    movl     %ebp, %ecx
0x0effe41c:  88 4b 4b                 movb     %cl, 0x4b(%ebx)
0x0effe41f:  66 39 fa                 cmpw     %di, %dx
0x0effe422:  0f 95 c0                 setne    %al
0x0effe425:  66 39 74 24 08           cmpw     %si, 8(%esp)
0x0effe42a:  0f 95 c1                 setne    %cl
0x0effe42d:  08 c8                    orb      %cl, %al
0x0effe42f:  75 07                    jne      0xeffe438

----------------
IN: 
0x0effe431:  66 39 6c 24 0c           cmpw     %bp, 0xc(%esp)
0x0effe436:  74 2f                    je       0xeffe467

----------------
IN: 
0x0effe467:  66 a1 0e 04 00 00        movw     0x40e, %ax
0x0effe46d:  83 7c 24 1c 00           cmpl     $0, 0x1c(%esp)
0x0effe472:  75 11                    jne      0xeffe485

----------------
IN: 
0x0effe474:  66 c7 05 04 01 00 00 3d  movw     $0x3d, 0x104
0x0effe47c:  00
0x0effe47d:  66 a3 06 01 00 00        movw     %ax, 0x106
0x0effe483:  eb 0f                    jmp      0xeffe494

----------------
IN: 
0x0effe494:  31 d2                    xorl     %edx, %edx
0x0effe496:  b8 02 00 00 00           movl     $2, %eax
0x0effe49b:  eb 1d                    jmp      0xeffe4ba

----------------
IN: 
0x0effe4ba:  e8 0f e1 fe ff           calll    0xefec5ce

----------------
IN: 
0x0efec5ce:  53                       pushl    %ebx
0x0efec5cf:  89 c1                    movl     %eax, %ecx
0x0efec5d1:  83 f8 02                 cmpl     $2, %eax
0x0efec5d4:  75 35                    jne      0xefec60b

----------------
IN: 
0x0efec5d6:  a1 40 ff ff 0e           movl     0xeffff40, %eax
0x0efec5db:  8d 58 01                 leal     1(%eax), %ebx
0x0efec5de:  89 1d 40 ff ff 0e        movl     %ebx, 0xeffff40
0x0efec5e4:  85 c0                    testl    %eax, %eax
0x0efec5e6:  75 38                    jne      0xefec620

----------------
IN: 
0x0efec5e8:  a1 28 4d 0f 00           movl     0xf4d28, %eax
0x0efec5ed:  83 f8 13                 cmpl     $0x13, %eax
0x0efec5f0:  77 2e                    ja       0xefec620

----------------
IN: 
0x0efec5f2:  8d 58 01                 leal     1(%eax), %ebx
0x0efec5f5:  89 1d 28 4d 0f 00        movl     %ebx, 0xf4d28
0x0efec5fb:  89 0c c5 40 4d 0f 00     movl     %ecx, 0xf4d40(, %eax, 8)
0x0efec602:  89 14 c5 44 4d 0f 00     movl     %edx, 0xf4d44(, %eax, 8)
0x0efec609:  eb 15                    jmp      0xefec620

----------------
IN: 
0x0efec620:  5b                       popl     %ebx
0x0efec621:  c3                       retl     

----------------
IN: 
0x0effe4bf:  8b 04 24                 movl     (%esp), %eax
0x0effe4c2:  8b 40 10                 movl     0x10(%eax), %eax
0x0effe4c5:  e9 f1 fb ff ff           jmp      0xeffe0bb

----------------
IN: 
0x0effe0bb:  83 e8 10                 subl     $0x10, %eax
0x0effe0be:  89 04 24                 movl     %eax, (%esp)
0x0effe0c1:  83 3c 24 f0              cmpl     $-0x10, (%esp)
0x0effe0c5:  0f 84 ff 03 00 00        je       0xeffe4ca

----------------
IN: 
0x0effe0ea:  3d 81 00 00 00           cmpl     $0x81, %eax
0x0effe0ef:  0f 85 bd 03 00 00        jne      0xeffe4b2

----------------
IN: 
0x0effe0f5:  8b 04 24                 movl     (%esp), %eax
0x0effe0f8:  0f b7 50 04              movzwl   4(%eax), %edx
0x0effe0fc:  0f b7 40 06              movzwl   6(%eax), %eax
0x0effe100:  c1 e0 04                 shll     $4, %eax
0x0effe103:  31 c9                    xorl     %ecx, %ecx
0x0effe105:  e8 5f 0e 0f f1           calll    0xeef69

----------------
IN: 
0x000cb003:  06                       pushw    %es
0x000cb004:  0e                       pushw    %cs
0x000cb005:  07                       popw     %es
0x000cb006:  31 c0                    xorw     %ax, %ax
0x000cb008:  b9 00 10                 movw     $0x1000, %cx
0x000cb00b:  8d 3e 00 03              leaw     0x300, %di
0x000cb00f:  fc                       cld      
0x000cb010:  f3 ab                    rep stosw %ax, %es:(%di)

----------------
IN: 
0x000cb012:  07                       popw     %es
0x000cb013:  b8 20 00                 movw     $0x20, %ax
0x000cb016:  e7 7e                    outw     %ax, $0x7e

----------------
IN: 
0x000cb018:  cb                       lretw    

----------------
IN: 
0x0effe10a:  e9 85 03 00 00           jmp      0xeffe494

----------------
IN: 
0x0effe10f:  8b 04 24                 movl     (%esp), %eax
0x0effe112:  8b 48 04                 movl     4(%eax), %ecx
0x0effe115:  ba 00 62 0f 00           movl     $0xf6200, %edx
0x0effe11a:  b8 40 61 0f 00           movl     $0xf6140, %eax
0x0effe11f:  e8 6a 04 ff ff           calll    0xefee58e

----------------
IN: 
0x0effe124:  80 3d 00 62 0f 00 01     cmpb     $1, 0xf6200
0x0effe12b:  75 1a                    jne      0xeffe147

----------------
IN: 
0x0effe12d:  a1 10 04 00 00           movl     0x410, %eax
0x0effe132:  83 e0 be                 andl     $0xffffffbe, %eax
0x0effe135:  83 c8 01                 orl      $1, %eax
0x0effe138:  66 a3 10 04 00 00        movw     %ax, 0x410
0x0effe13e:  c6 05 8f 04 00 00 07     movb     $7, 0x48f
0x0effe145:  eb 11                    jmp      0xeffe158

----------------
IN: 
0x0effe158:  31 d2                    xorl     %edx, %edx
0x0effe15a:  b8 01 00 00 00           movl     $1, %eax
0x0effe15f:  e9 56 03 00 00           jmp      0xeffe4ba

----------------
IN: 
0x0efec60b:  83 f8 01                 cmpl     $1, %eax
0x0efec60e:  75 d8                    jne      0xefec5e8

----------------
IN: 
0x0efec610:  a1 3c ff ff 0e           movl     0xeffff3c, %eax
0x0efec615:  8d 58 01                 leal     1(%eax), %ebx
0x0efec618:  89 1d 3c ff ff 0e        movl     %ebx, 0xeffff3c
0x0efec61e:  eb c4                    jmp      0xefec5e4

----------------
IN: 
0x0efec5e4:  85 c0                    testl    %eax, %eax
0x0efec5e6:  75 38                    jne      0xefec620

----------------
IN: 
0x0effe49d:  8b 04 24                 movl     (%esp), %eax
0x0effe4a0:  8b 48 04                 movl     4(%eax), %ecx
0x0effe4a3:  ba 5c ff ff 0e           movl     $0xeffff5c, %edx
0x0effe4a8:  b8 c0 61 0f 00           movl     $0xf61c0, %eax
0x0effe4ad:  e8 dc 00 ff ff           calll    0xefee58e

----------------
IN: 
0x0effe4b2:  8b 04 24                 movl     (%esp), %eax
0x0effe4b5:  8b 50 04                 movl     4(%eax), %edx
0x0effe4b8:  8b 00                    movl     (%eax), %eax
0x0effe4ba:  e8 0f e1 fe ff           calll    0xefec5ce

----------------
IN: 
0x0effe4ca:  31 d2                    xorl     %edx, %edx
0x0effe4cc:  b8 01 00 00 00           movl     $1, %eax
0x0effe4d1:  e8 f8 e0 fe ff           calll    0xefec5ce

----------------
IN: 
0x0effe4d6:  b8 02 00 00 00           movl     $2, %eax
0x0effe4db:  e8 ee e0 fe ff           calll    0xefec5ce

----------------
IN: 
0x0effe4e0:  80 3d 5c ff ff 0e 00     cmpb     $0, 0xeffff5c
0x0effe4e7:  74 4f                    je       0xeffe538

----------------
IN: 
0x0effe4e9:  e8 17 09 ff ff           calll    0xefeee05

----------------
IN: 
0x0efeee05:  83 3d 2c 61 0f 00 00     cmpl     $0, 0xf612c
0x0efeee0c:  75 26                    jne      0xefeee34

----------------
IN: 
0x0efeee0e:  b8 00 08 00 00           movl     $0x800, %eax
0x0efeee13:  e8 4a fc ff ff           calll    0xefeea62

----------------
IN: 
0x0efeea62:  b9 10 00 00 00           movl     $0x10, %ecx
0x0efeea67:  89 c2                    movl     %eax, %edx
0x0efeea69:  b8 88 fe ff 0e           movl     $0xefffe88, %eax
0x0efeea6e:  e9 e4 fe ff ff           jmp      0xefee957

----------------
IN: 
0x0efeee18:  85 c0                    testl    %eax, %eax
0x0efeee1a:  75 13                    jne      0xefeee2f

----------------
IN: 
0x0efeee2f:  a3 2c 61 0f 00           movl     %eax, 0xf612c
0x0efeee34:  31 c0                    xorl     %eax, %eax
0x0efeee36:  c3                       retl     

----------------
IN: 
0x0effe4ee:  40                       incl     %eax
0x0effe4ef:  74 47                    je       0xeffe538

----------------
IN: 
0x0effe4f1:  b8 2c 00 00 00           movl     $0x2c, %eax
0x0effe4f6:  e8 78 05 ff ff           calll    0xefeea73

----------------
IN: 
0x0effe4fb:  85 c0                    testl    %eax, %eax
0x0effe4fd:  75 11                    jne      0xeffe510

----------------
IN: 
0x0effe510:  a3 28 61 0f 00           movl     %eax, 0xf6128
0x0effe515:  b9 2c 00 00 00           movl     $0x2c, %ecx
0x0effe51a:  31 d2                    xorl     %edx, %edx
0x0effe51c:  e8 05 d2 0e f1           calll    0xeb726

----------------
IN: 
0x0effe521:  c6 00 40                 movb     $0x40, (%eax)
0x0effe524:  66 c7 40 1a 00 02        movw     $0x200, 0x1a(%eax)
0x0effe52a:  c7 40 0c ff ff ff ff     movl     $0xffffffff, 0xc(%eax)
0x0effe531:  c7 40 10 ff ff ff ff     movl     $0xffffffff, 0x10(%eax)
0x0effe538:  31 db                    xorl     %ebx, %ebx
0x0effe53a:  89 1d 30 56 0f 00        movl     %ebx, 0xf5630
0x0effe540:  89 1d 37 56 0f 00        movl     %ebx, 0xf5637
0x0effe546:  e8 94 c0 0e f1           calll    0xea5df

----------------
IN: 
0x0effe54b:  89 c6                    movl     %eax, %esi
0x0effe54d:  a1 60 fe ff 0e           movl     0xefffe60, %eax
0x0effe552:  89 f1                    movl     %esi, %ecx
0x0effe554:  29 c1                    subl     %eax, %ecx
0x0effe556:  31 d2                    xorl     %edx, %edx
0x0effe558:  e8 c9 d1 0e f1           calll    0xeb726

----------------
IN: 
0x0effe55d:  66 c7 06 55 aa           movw     $0xaa55, (%esi)
0x0effe562:  b8 00 00 0f 00           movl     $0xf0000, %eax
0x0effe567:  29 f0                    subl     %esi, %eax
0x0effe569:  89 c2                    movl     %eax, %edx
0x0effe56b:  c1 ea 09                 shrl     $9, %edx
0x0effe56e:  3d ff ff 01 00           cmpl     $0x1ffff, %eax
0x0effe573:  76 05                    jbe      0xeffe57a

----------------
IN: 
0x0effe57a:  88 56 02                 movb     %dl, 2(%esi)
0x0effe57d:  0f b7 1d 13 04 00 00     movzwl   0x413, %ebx
0x0effe584:  c1 e3 0a                 shll     $0xa, %ebx
0x0effe587:  89 d8                    movl     %ebx, %eax
0x0effe589:  99                       cltd     
0x0effe58a:  6a 02                    pushl    $2
0x0effe58c:  b9 00 00 0a 00           movl     $0xa0000, %ecx
0x0effe591:  29 d9                    subl     %ebx, %ecx
0x0effe593:  31 db                    xorl     %ebx, %ebx
0x0effe595:  53                       pushl    %ebx
0x0effe596:  51                       pushl    %ecx
0x0effe597:  e8 fb 02 ff ff           calll    0xefee897

----------------
IN: 
0x0efee803:  03 86 68 56 0f 00        addl     0xf5668(%esi), %eax
0x0efee809:  13 96 6c 56 0f 00        adcl     0xf566c(%esi), %edx
0x0efee80f:  39 c7                    cmpl     %eax, %edi
0x0efee811:  89 e9                    movl     %ebp, %ecx
0x0efee813:  19 d1                    sbbl     %edx, %ecx
0x0efee815:  72 0a                    jb       0xefee821

----------------
IN: 
0x0efee817:  8b 04 24                 movl     (%esp), %eax
0x0efee81a:  e8 e9 f5 ff ff           calll    0xefede08

----------------
IN: 
0x0efede08:  89 c2                    movl     %eax, %edx
0x0efede0a:  a1 44 56 0f 00           movl     0xf5644, %eax
0x0efede0f:  8d 48 ff                 leal     -1(%eax), %ecx
0x0efede12:  89 0d 44 56 0f 00        movl     %ecx, 0xf5644
0x0efede18:  8d 42 01                 leal     1(%edx), %eax
0x0efede1b:  6b c0 14                 imull    $0x14, %eax, %eax
0x0efede1e:  29 d1                    subl     %edx, %ecx
0x0efede20:  6b c9 14                 imull    $0x14, %ecx, %ecx
0x0efede23:  8d 90 60 56 0f 00        leal     0xf5660(%eax), %edx
0x0efede29:  05 4c 56 0f 00           addl     $0xf564c, %eax
0x0efede2e:  e9 b7 ff ff ff           jmp      0xefeddea

----------------
IN: 
0x0efeddf2:  89 c7                    movl     %eax, %edi
0x0efeddf4:  f3 a4                    rep movsb (%esi), %es:(%edi)

----------------
IN: 
0x0efeddf6:  eb 0d                    jmp      0xefede05

----------------
IN: 
0x0efee81f:  eb c3                    jmp      0xefee7e4

----------------
IN: 
0x0efee7e4:  8b 04 24                 movl     (%esp), %eax
0x0efee7e7:  3b 05 44 56 0f 00        cmpl     0xf5644, %eax
0x0efee7ed:  7d 6a                    jge      0xefee859

----------------
IN: 
0x0effe59c:  8b 1d 80 fe ff 0e        movl     0xefffe80, %ebx
0x0effe5a2:  83 c4 0c                 addl     $0xc, %esp
0x0effe5a5:  31 ff                    xorl     %edi, %edi
0x0effe5a7:  85 db                    testl    %ebx, %ebx
0x0effe5a9:  74 06                    je       0xeffe5b1

----------------
IN: 
0x0effe5ab:  89 df                    movl     %ebx, %edi
0x0effe5ad:  8b 1b                    movl     (%ebx), %ebx
0x0effe5af:  eb f6                    jmp      0xeffe5a7

----------------
IN: 
0x0effe5a7:  85 db                    testl    %ebx, %ebx
0x0effe5a9:  74 06                    je       0xeffe5b1

----------------
IN: 
0x0effe5b1:  8b 47 08                 movl     8(%edi), %eax
0x0effe5b4:  8b 4f 0c                 movl     0xc(%edi), %ecx
0x0effe5b7:  29 c1                    subl     %eax, %ecx
0x0effe5b9:  31 d2                    xorl     %edx, %edx
0x0effe5bb:  e8 66 d1 0e f1           calll    0xeb726

----------------
IN: 
0x0effe5c0:  ff 77 0c                 pushl    0xc(%edi)
0x0effe5c3:  ff 77 08                 pushl    8(%edi)
0x0effe5c6:  56                       pushl    %esi
0x0effe5c7:  ff 35 60 fe ff 0e        pushl    0xefffe60
0x0effe5cd:  68 52 3f 0f 00           pushl    $0xf3f52
0x0effe5d2:  e8 4b e9 0e f1           calll    0xecf22

----------------
IN: 
0x0effe5d7:  a1 84 fe ff 0e           movl     0xefffe84, %eax
0x0effe5dc:  83 c4 14                 addl     $0x14, %esp
0x0effe5df:  85 c0                    testl    %eax, %eax
0x0effe5e1:  74 06                    je       0xeffe5e9

----------------
IN: 
0x0effe5e3:  89 c3                    movl     %eax, %ebx
0x0effe5e5:  8b 00                    movl     (%eax), %eax
0x0effe5e7:  eb f6                    jmp      0xeffe5df

----------------
IN: 
0x0effe5df:  85 c0                    testl    %eax, %eax
0x0effe5e1:  74 06                    je       0xeffe5e9

----------------
IN: 
0x0effe5e9:  85 db                    testl    %ebx, %ebx
0x0effe5eb:  74 29                    je       0xeffe616

----------------
IN: 
0x0effe5ed:  8b 43 08                 movl     8(%ebx), %eax
0x0effe5f0:  8b 5b 0c                 movl     0xc(%ebx), %ebx
0x0effe5f3:  29 c3                    subl     %eax, %ebx
0x0effe5f5:  81 e3 00 f0 ff ff        andl     $0xfffff000, %ebx
0x0effe5fb:  31 d2                    xorl     %edx, %edx
0x0effe5fd:  6a 01                    pushl    $1
0x0effe5ff:  31 ff                    xorl     %edi, %edi
0x0effe601:  57                       pushl    %edi
0x0effe602:  53                       pushl    %ebx
0x0effe603:  e8 8f 02 ff ff           calll    0xefee897

----------------
IN: 
0x0efee748:  ff 04 24                 incl     (%esp)
0x0efee74b:  eb b8                    jmp      0xefee705

----------------
IN: 
0x0efee705:  39 34 24                 cmpl     %esi, (%esp)
0x0efee708:  0f 8d 4b 01 00 00        jge      0xefee859

----------------
IN: 
0x0efee77d:  89 f9                    movl     %edi, %ecx
0x0efee77f:  89 eb                    movl     %ebp, %ebx
0x0efee781:  29 c1                    subl     %eax, %ecx
0x0efee783:  19 d3                    sbbl     %edx, %ebx
0x0efee785:  89 4c 24 14              movl     %ecx, 0x14(%esp)
0x0efee789:  89 5c 24 18              movl     %ebx, 0x18(%esp)
0x0efee78d:  89 44 24 04              movl     %eax, 4(%esp)
0x0efee791:  89 54 24 08              movl     %edx, 8(%esp)
0x0efee795:  eb 49                    jmp      0xefee7e0

----------------
IN: 
0x0efee821:  89 be 60 56 0f 00        movl     %edi, 0xf5660(%esi)
0x0efee827:  89 ae 64 56 0f 00        movl     %ebp, 0xf5664(%esi)
0x0efee82d:  29 f8                    subl     %edi, %eax
0x0efee82f:  19 ea                    sbbl     %ebp, %edx
0x0efee831:  89 86 68 56 0f 00        movl     %eax, 0xf5668(%esi)
0x0efee837:  89 96 6c 56 0f 00        movl     %edx, 0xf566c(%esi)
0x0efee83d:  8b 4c 24 1c              movl     0x1c(%esp), %ecx
0x0efee841:  3b 8e 70 56 0f 00        cmpl     0xf5670(%esi), %ecx
0x0efee847:  75 10                    jne      0xefee859

----------------
IN: 
0x0effe608:  53                       pushl    %ebx
0x0effe609:  68 79 3f 0f 00           pushl    $0xf3f79
0x0effe60e:  e8 0f e9 0e f1           calll    0xecf22

----------------
IN: 
0x0effe613:  83 c4 14                 addl     $0x14, %esp
0x0effe616:  e8 6d de fe ff           calll    0xefec488

----------------
IN: 
0x0effe61b:  ff 35 44 56 0f 00        pushl    0xf5644
0x0effe621:  68 98 3f 0f 00           pushl    $0xf3f98
0x0effe626:  e8 f7 e8 0e f1           calll    0xecf22

----------------
IN: 
0x0effe62b:  bb 60 56 0f 00           movl     $0xf5660, %ebx
0x0effe630:  5a                       popl     %edx
0x0effe631:  59                       popl     %ecx
0x0effe632:  31 f6                    xorl     %esi, %esi
0x0effe634:  3b 35 44 56 0f 00        cmpl     0xf5644, %esi
0x0effe63a:  7d 4d                    jge      0xeffe689

----------------
IN: 
0x0effe63c:  8b 03                    movl     (%ebx), %eax
0x0effe63e:  8b 53 04                 movl     4(%ebx), %edx
0x0effe641:  89 c7                    movl     %eax, %edi
0x0effe643:  89 d5                    movl     %edx, %ebp
0x0effe645:  03 7b 08                 addl     8(%ebx), %edi
0x0effe648:  13 6b 0c                 adcl     0xc(%ebx), %ebp
0x0effe64b:  89 3c 24                 movl     %edi, (%esp)
0x0effe64e:  89 6c 24 04              movl     %ebp, 4(%esp)
0x0effe652:  8b 4b 10                 movl     0x10(%ebx), %ecx
0x0effe655:  8d 69 ff                 leal     -1(%ecx), %ebp
0x0effe658:  bf 0a 37 0f 00           movl     $0xf370a, %edi
0x0effe65d:  83 fd 04                 cmpl     $4, %ebp
0x0effe660:  77 07                    ja       0xeffe669

----------------
IN: 
0x0effe662:  8b 3c ad 50 f1 ff 0e     movl     0xefff150(, %ebp, 4), %edi
0x0effe669:  57                       pushl    %edi
0x0effe66a:  51                       pushl    %ecx
0x0effe66b:  ff 74 24 0c              pushl    0xc(%esp)
0x0effe66f:  ff 74 24 0c              pushl    0xc(%esp)
0x0effe673:  52                       pushl    %edx
0x0effe674:  50                       pushl    %eax
0x0effe675:  56                       pushl    %esi
0x0effe676:  68 b0 3f 0f 00           pushl    $0xf3fb0
0x0effe67b:  e8 a2 e8 0e f1           calll    0xecf22

----------------
IN: 
0x0effe680:  46                       incl     %esi
0x0effe681:  83 c3 14                 addl     $0x14, %ebx
0x0effe684:  83 c4 20                 addl     $0x20, %esp
0x0effe687:  eb ab                    jmp      0xeffe634

----------------
IN: 
0x0effe634:  3b 35 44 56 0f 00        cmpl     0xf5644, %esi
0x0effe63a:  7d 4d                    jge      0xeffe689

----------------
IN: 
0x0effe689:  c7 05 68 62 0f 00 02 00  movl     $2, 0xf6268
0x0effe691:  00 00
0x0effe693:  ba 00 00 01 00           movl     $0x10000, %edx
0x0effe698:  b8 00 00 0f 00           movl     $0xf0000, %eax
0x0effe69d:  e8 b1 cf 0e f1           calll    0xeb653

----------------
IN: 
0x0effe6a2:  28 05 ff ff 0f 00        subb     %al, 0xfffff
0x0effe6a8:  e8 fa fe 0e f1           calll    0xee5a7

----------------
IN: 
0x000ee5a7:  53                       pushl    %ebx
0x000ee5a8:  e8 ad bc ff ff           calll    0xea25a

----------------
IN: 
0x000ee5ad:  85 c0                    testl    %eax, %eax
0x000ee5af:  75 3e                    jne      0xee5ef

----------------
IN: 
0x000ee5b1:  8b 1d 38 4a 0f 00        movl     0xf4a38, %ebx
0x000ee5b7:  85 db                    testl    %ebx, %ebx
0x000ee5b9:  79 0d                    jns      0xee5c8

----------------
IN: 
0x000ee5c8:  0f b7 db                 movzwl   %bx, %ebx
0x000ee5cb:  ba 02 00 00 00           movl     $2, %edx
0x000ee5d0:  89 d8                    movl     %ebx, %eax
0x000ee5d2:  e8 6c bf ff ff           calll    0xea543

----------------
IN: 
0x000ee5d7:  ba 59 00 00 00           movl     $0x59, %edx
0x000ee5dc:  66 3d 37 12              cmpw     $0x1237, %ax
0x000ee5e0:  74 05                    je       0xee5e7

----------------
IN: 
0x000ee5e7:  89 d8                    movl     %ebx, %eax
0x000ee5e9:  5b                       popl     %ebx
0x000ee5ea:  e9 4a c0 ff ff           jmp      0xea639

----------------
IN: 
0x000ea639:  55                       pushl    %ebp
0x000ea63a:  57                       pushl    %edi
0x000ea63b:  56                       pushl    %esi
0x000ea63c:  53                       pushl    %ebx
0x000ea63d:  83 ec 14                 subl     $0x14, %esp
0x000ea640:  89 d7                    movl     %edx, %edi
0x000ea642:  0f 09                    wbinvd   
0x000ea644:  89 d6                    movl     %edx, %esi
0x000ea646:  83 e6 fc                 andl     $0xfffffffc, %esi
0x000ea649:  0f b7 d8                 movzwl   %ax, %ebx
0x000ea64c:  89 f2                    movl     %esi, %edx
0x000ea64e:  89 d8                    movl     %ebx, %eax
0x000ea650:  e8 ba fe ff ff           calll    0xea50f

----------------
IN: 
0x000ea655:  89 44 24 0c              movl     %eax, 0xc(%esp)
0x000ea659:  8d 6e 04                 leal     4(%esi), %ebp
0x000ea65c:  89 ea                    movl     %ebp, %edx
0x000ea65e:  89 d8                    movl     %ebx, %eax
0x000ea660:  e8 aa fe ff ff           calll    0xea50f

----------------
IN: 
0x000ea665:  89 44 24 10              movl     %eax, 0x10(%esp)
0x000ea669:  83 e7 03                 andl     $3, %edi
0x000ea66c:  8d 44 3c 0c              leal     0xc(%esp, %edi), %eax
0x000ea670:  89 04 24                 movl     %eax, (%esp)
0x000ea673:  e8 67 ff ff ff           calll    0xea5df

----------------
IN: 
0x000ea678:  89 44 24 08              movl     %eax, 8(%esp)
0x000ea67c:  31 c0                    xorl     %eax, %eax
0x000ea67e:  89 c2                    movl     %eax, %edx
0x000ea680:  c1 e2 0f                 shll     $0xf, %edx
0x000ea683:  89 54 24 04              movl     %edx, 4(%esp)
0x000ea687:  81 c2 00 80 0c 00        addl     $0xc8000, %edx
0x000ea68d:  39 54 24 08              cmpl     %edx, 8(%esp)
0x000ea691:  73 1a                    jae      0xea6ad

----------------
IN: 
0x000ea6ad:  8b 0c 24                 movl     (%esp), %ecx
0x000ea6b0:  c6 44 01 01 11           movb     $0x11, 1(%ecx, %eax)
0x000ea6b5:  40                       incl     %eax
0x000ea6b6:  83 f8 06                 cmpl     $6, %eax
0x000ea6b9:  75 c3                    jne      0xea67e

----------------
IN: 
0x000ea67e:  89 c2                    movl     %eax, %edx
0x000ea680:  c1 e2 0f                 shll     $0xf, %edx
0x000ea683:  89 54 24 04              movl     %edx, 4(%esp)
0x000ea687:  81 c2 00 80 0c 00        addl     $0xc8000, %edx
0x000ea68d:  39 54 24 08              cmpl     %edx, 8(%esp)
0x000ea691:  73 1a                    jae      0xea6ad

----------------
IN: 
0x000ea693:  8b 54 24 04              movl     4(%esp), %edx
0x000ea697:  81 c2 00 40 0c 00        addl     $0xc4000, %edx
0x000ea69d:  39 54 24 08              cmpl     %edx, 8(%esp)
0x000ea6a1:  72 18                    jb       0xea6bb

----------------
IN: 
0x000ea6bb:  c6 44 3c 0c 10           movb     $0x10, 0xc(%esp, %edi)
0x000ea6c0:  8b 4c 24 0c              movl     0xc(%esp), %ecx
0x000ea6c4:  89 f2                    movl     %esi, %edx
0x000ea6c6:  89 d8                    movl     %ebx, %eax
0x000ea6c8:  e8 85 fd ff ff           calll    0xea452

----------------
IN: 
0x000ea6cd:  8b 4c 24 10              movl     0x10(%esp), %ecx
0x000ea6d1:  89 ea                    movl     %ebp, %edx
0x000ea6d3:  89 d8                    movl     %ebx, %eax
0x000ea6d5:  83 c4 14                 addl     $0x14, %esp
0x000ea6d8:  5b                       popl     %ebx
0x000ea6d9:  5e                       popl     %esi
0x000ea6da:  5f                       popl     %edi
0x000ea6db:  5d                       popl     %ebp
0x000ea6dc:  e9 71 fd ff ff           jmp      0xea452

----------------
IN: 
0x0effe6ad:  81 c4 2c 01 00 00        addl     $0x12c, %esp
0x0effe6b3:  5b                       popl     %ebx
0x0effe6b4:  5e                       popl     %esi
0x0effe6b5:  5f                       popl     %edi
0x0effe6b6:  5d                       popl     %ebp
0x0effe6b7:  e9 18 20 0f f1           jmp      0xf06d4

----------------
IN: 
0x000f06d4:  83 ec 28                 subl     $0x28, %esp
0x000f06d7:  b9 00 90 08 00           movl     $0x89000, %ecx
0x000f06dc:  31 d2                    xorl     %edx, %edx
0x000f06de:  b8 00 70 00 00           movl     $0x7000, %eax
0x000f06e3:  e8 3e b0 ff ff           calll    0xeb726

----------------
IN: 
0x000f06e8:  b9 26 00 00 00           movl     $0x26, %ecx
0x000f06ed:  8d 44 24 02              leal     2(%esp), %eax
0x000f06f1:  e8 30 b0 ff ff           calll    0xeb726

----------------
IN: 
0x000f06f6:  66 c7 44 24 26 00 02     movw     $0x200, 0x26(%esp)
0x000f06fd:  ba ee e6 0f 00           movl     $0xfe6ee, %edx
0x000f0702:  0f b7 d2                 movzwl   %dx, %edx
0x000f0705:  e8 6f c7 ff ff           calll    0xece79

----------------
IN: 
0x000fe6ee:  cd 19                    int      $0x19

----------------
IN: 
0x000fe6f2:  e9 62 ed                 jmp      0xfd457

----------------
IN: 
0x000fd457:  31 d2                    xorw     %dx, %dx
0x000fd459:  8e d2                    movw     %dx, %ss

----------------
IN: 
0x000fd45b:  66 bc 00 70 00 00        movl     $0x7000, %esp

----------------
IN: 
0x000fd461:  66 ba 1d 08 0f 00        movl     $0xf081d, %edx
0x000fd467:  e9 c6 fa                 jmp      0xfcf30

----------------
IN: 
0x000fcf30:  fa                       cli      
0x000fcf31:  fc                       cld      
0x000fcf32:  66 89 c1                 movl     %eax, %ecx
0x000fcf35:  66 b8 8f 00 00 00        movl     $0x8f, %eax
0x000fcf3b:  e6 70                    outb     %al, $0x70

----------------
IN: 
0x000fcf3d:  e4 71                    inb      $0x71, %al

----------------
IN: 
0x000fcf3f:  e4 92                    inb      $0x92, %al

----------------
IN: 
0x000fcf41:  0c 02                    orb      $2, %al
0x000fcf43:  e6 92                    outb     %al, $0x92

----------------
IN: 
0x000fcf45:  66 89 c8                 movl     %ecx, %eax
0x000fcf48:  2e 0f 01 1e 58 62        lidtw    %cs:0x6258
0x000fcf4e:  2e 0f 01 16 18 62        lgdtw    %cs:0x6218
0x000fcf54:  0f 20 c1                 movl     %cr0, %ecx
0x000fcf57:  66 81 e1 ff ff ff 1f     andl     $0x1fffffff, %ecx
0x000fcf5e:  66 83 c9 01              orl      $1, %ecx
0x000fcf62:  0f 22 c1                 movl     %ecx, %cr0

----------------
IN: 
0x000fcf6d:  b9 10 00 00 00           movl     $0x10, %ecx
0x000fcf72:  8e d9                    movl     %ecx, %ds

----------------
IN: 
0x000fcf74:  8e c1                    movl     %ecx, %es

----------------
IN: 
0x000f081d:  68 40 48 0f 00           pushl    $0xf4840
0x000f0822:  68 b0 42 0f 00           pushl    $0xf42b0
0x000f0827:  e8 f6 c6 ff ff           calll    0xecf22

----------------
IN: 
0x000f082c:  68 bb 42 0f 00           pushl    $0xf42bb
0x000f0831:  e8 ec c6 ff ff           calll    0xecf22

----------------
IN: 
0x000f0836:  31 c0                    xorl     %eax, %eax
0x000f0838:  a3 98 99 0e 00           movl     %eax, 0xe9998
0x000f083d:  83 c4 0c                 addl     $0xc, %esp
0x000f0840:  31 c0                    xorl     %eax, %eax
0x000f0842:  e9 f1 f9 ff ff           jmp      0xf0238

----------------
IN: 
0x000f0238:  56                       pushl    %esi
0x000f0239:  53                       pushl    %ebx
0x000f023a:  83 ec 28                 subl     $0x28, %esp
0x000f023d:  39 05 28 4d 0f 00        cmpl     %eax, 0xf4d28
0x000f0243:  0f 8e 31 01 00 00        jle      0xf037a

----------------
IN: 
0x000f0249:  89 c2                    movl     %eax, %edx
0x000f024b:  8b 04 c5 40 4d 0f 00     movl     0xf4d40(, %eax, 8), %eax
0x000f0252:  83 f8 03                 cmpl     $3, %eax
0x000f0255:  74 5e                    je       0xf02b5

----------------
IN: 
0x000f0257:  7f 24                    jg       0xf027d

----------------
IN: 
0x000f0259:  83 f8 01                 cmpl     $1, %eax
0x000f025c:  74 3a                    je       0xf0298

----------------
IN: 
0x000f025e:  83 f8 02                 cmpl     $2, %eax
0x000f0261:  0f 85 18 01 00 00        jne      0xf037f

----------------
IN: 
0x000f0267:  68 30 30 0f 00           pushl    $0xf3030
0x000f026c:  e8 68 ec ff ff           calll    0xeeed9

----------------
IN: 
0x000ecae9:  83 3d 68 62 0f 00 01     cmpl     $1, 0xf6268
0x000ecaf0:  74 05                    je       0xecaf7

----------------
IN: 
0x000ecaf2:  b9 7e cf 0f 00           movl     $0xfcf7e, %ecx
0x000ecaf7:  89 f0                    movl     %esi, %eax
0x000ecaf9:  ba 96 62 00 00           movl     $0x6296, %edx
0x000ecafe:  ff e1                    jmpl     *%ecx

----------------
IN: 
0x000fcf7e:  b9 20 00 00 00           movl     $0x20, %ecx
0x000fcf83:  8e d9                    movl     %ecx, %ds

----------------
IN: 
0x000fcf85:  8e c1                    movl     %ecx, %es

----------------
IN: 
0x000fcf87:  8e d1                    movl     %ecx, %ss

----------------
IN: 
0x000fcf89:  8e e1                    movl     %ecx, %fs

----------------
IN: 
0x000fcf8b:  8e e9                    movl     %ecx, %gs
0x000fcf8d:  66 ea a8 cf 18 00        ljmpw    $0x18:$0xcfa8

----------------
IN: 
0x000f0271:  ba 01 00 00 00           movl     $1, %edx
0x000f0276:  b8 80 00 00 00           movl     $0x80, %eax
0x000f027b:  eb 2d                    jmp      0xf02aa

----------------
IN: 
0x000f02aa:  e8 ad ed ff ff           calll    0xef05c

----------------
IN: 
0x000ef05c:  56                       pushl    %esi
0x000ef05d:  53                       pushl    %ebx
0x000ef05e:  83 ec 28                 subl     $0x28, %esp
0x000ef061:  89 c3                    movl     %eax, %ebx
0x000ef063:  89 d6                    movl     %edx, %esi
0x000ef065:  b9 26 00 00 00           movl     $0x26, %ecx
0x000ef06a:  31 d2                    xorl     %edx, %edx
0x000ef06c:  8d 44 24 02              leal     2(%esp), %eax
0x000ef070:  e8 b1 c6 ff ff           calll    0xeb726

----------------
IN: 
0x000ef075:  66 c7 44 24 26 00 02     movw     $0x200, 0x26(%esp)
0x000ef07c:  88 5c 24 16              movb     %bl, 0x16(%esp)
0x000ef080:  66 c7 44 24 04 c0 07     movw     $0x7c0, 4(%esp)
0x000ef087:  66 c7 44 24 1e 01 02     movw     $0x201, 0x1e(%esp)
0x000ef08e:  c6 44 24 1a 01           movb     $1, 0x1a(%esp)
0x000ef093:  ba 62 d0 0f 00           movl     $0xfd062, %edx
0x000ef098:  0f b7 d2                 movzwl   %dx, %edx
0x000ef09b:  e8 d9 dd ff ff           calll    0xece79

----------------
IN: 
0x000fd062:  cd 13                    int      $0x13

----------------
IN: 
0x000fe3fe:  e9 17 f0                 jmp      0xfd418

----------------
IN: 
0x000fd418:  66 68 5d ff 00 00        pushl    $0xff5d
0x000fd41e:  e9 55 ff                 jmp      0xfd376

----------------
IN: 
0x000fff5d:  66 ba 80 da 00 00        movl     $0xda80, %edx
0x000fff63:  67 80 78 1d 4b           cmpb     $0x4b, 0x1d(%eax)
0x000fff68:  75 43                    jne      0xfffad

----------------
IN: 
0x000fffad:  67 8a 48 14              movb     0x14(%eax), %cl
0x000fffb1:  8e c2                    movw     %dx, %es
0x000fffb3:  26 8a 16 ed f1           movb     %es:0xf1ed, %dl
0x000fffb8:  84 d2                    testb    %dl, %dl
0x000fffba:  74 2a                    je       0xfffe6

----------------
IN: 
0x000fffe6:  66 0f b6 d1              movzbl   %cl, %edx
0x000fffea:  e9 ce b6                 jmp      0xfb6bb

----------------
IN: 
0x000fb6bb:  84 d2                    testb    %dl, %dl
0x000fb6bd:  78 37                    js       0xfb6f6

----------------
IN: 
0x000fb6f6:  80 fa df                 cmpb     $0xdf, %dl
0x000fb6f9:  76 10                    jbe      0xfb70b

----------------
IN: 
0x000fb70b:  67 66 8d 4a 80           leal     -0x80(%edx), %ecx
0x000fb710:  80 f9 0f                 cmpb     $0xf, %cl
0x000fb713:  77 1a                    ja       0xfb72f

----------------
IN: 
0x000fb715:  66 83 ea 70              subl     $0x70, %edx
0x000fb719:  66 0f b6 d2              movzbl   %dl, %edx
0x000fb71d:  2e 67 66 8b 14 95 40 61  movl     %cs:0x6140(, %edx, 4), %edx
0x000fb725:  00 00
0x000fb727:  66 85 d2                 testl    %edx, %edx
0x000fb72a:  74 03                    je       0xfb72f

----------------
IN: 
0x000fb72c:  e9 45 fc                 jmp      0xfb374

----------------
IN: 
0x000fb374:  66 56                    pushl    %esi
0x000fb376:  66 53                    pushl    %ebx
0x000fb378:  66 89 d6                 movl     %edx, %esi
0x000fb37b:  66 b9 40 00 00 00        movl     $0x40, %ecx
0x000fb381:  8e c1                    movw     %cx, %es
0x000fb383:  66 31 d2                 xorl     %edx, %edx
0x000fb386:  26 88 16 8e 00           movb     %dl, %es:0x8e
0x000fb38b:  67 8a 50 1d              movb     0x1d(%eax), %dl
0x000fb38f:  80 fa 14                 cmpb     $0x14, %dl
0x000fb392:  0f 84 6d 01              je       0xfb503

----------------
IN: 
0x000fb396:  77 79                    ja       0xfb411

----------------
IN: 
0x000fb398:  80 fa 08                 cmpb     $8, %dl
0x000fb39b:  0f 84 3e 01              je       0xfb4dd

----------------
IN: 
0x000fb39f:  77 39                    ja       0xfb3da

----------------
IN: 
0x000fb3a1:  80 fa 03                 cmpb     $3, %dl
0x000fb3a4:  0f 84 1d 01              je       0xfb4c5

----------------
IN: 
0x000fb3a8:  77 18                    ja       0xfb3c2

----------------
IN: 
0x000fb3aa:  80 fa 01                 cmpb     $1, %dl
0x000fb3ad:  0f 84 d8 00              je       0xfb489

----------------
IN: 
0x000fb3b1:  80 fa 02                 cmpb     $2, %dl
0x000fb3b4:  0f 84 05 01              je       0xfb4bd

----------------
IN: 
0x000fb4bd:  66 b9 02 00 00 00        movl     $2, %ecx
0x000fb4c3:  eb 06                    jmp      0xfb4cb

----------------
IN: 
0x000fb4cb:  66 89 f2                 movl     %esi, %edx
0x000fb4ce:  66 5b                    popl     %ebx
0x000fb4d0:  66 5e                    popl     %esi
0x000fb4d2:  e9 1d fb                 jmp      0xfaff2

----------------
IN: 
0x000faff2:  66 55                    pushl    %ebp
0x000faff4:  66 57                    pushl    %edi
0x000faff6:  66 56                    pushl    %esi
0x000faff8:  66 53                    pushl    %ebx
0x000faffa:  66 83 ec 18              subl     $0x18, %esp

----------------
IN: 
0x000faffe:  66 89 c6                 movl     %eax, %esi

----------------
IN: 
0x000fb001:  66 89 d0                 movl     %edx, %eax
0x000fb004:  67 66 89 54 24 08        movl     %edx, 8(%esp)
0x000fb00a:  67 88 4c 24 0c           movb     %cl, 0xc(%esp)
0x000fb00f:  67 66 0f b6 56 1c        movzbl   0x1c(%esi), %edx
0x000fb015:  67 8a 5e 18              movb     0x18(%esi), %bl
0x000fb019:  66 89 df                 movl     %ebx, %edi
0x000fb01c:  66 83 e7 3f              andl     $0x3f, %edi
0x000fb020:  88 d1                    movb     %dl, %cl
0x000fb022:  fe c9                    decb     %cl
0x000fb024:  78 07                    js       0xfb02d

----------------
IN: 
0x000fb026:  66 89 f9                 movl     %edi, %ecx
0x000fb029:  84 c9                    testb    %cl, %cl
0x000fb02b:  75 09                    jne      0xfb036

----------------
IN: 
0x000fb036:  66 c1 e3 02              shll     $2, %ebx
0x000fb03a:  81 e3 00 03              andw     $0x300, %bx
0x000fb03e:  67 66 0f b6 4e 19        movzbl   0x19(%esi), %ecx
0x000fb044:  66 09 cb                 orl      %ecx, %ebx
0x000fb047:  67 66 0f b6 6e 15        movzbl   0x15(%esi), %ebp
0x000fb04d:  67 89 54 24 0e           movw     %dx, 0xe(%esp)
0x000fb052:  66 e8 fb bd ff ff        calll    0xf6e53

----------------
IN: 
0x000f6e53:  66 89 c2                 movl     %eax, %edx
0x000f6e56:  2e 66 a1 28 61           movl     %cs:0x6128, %eax
0x000f6e5b:  66 39 c2                 cmpl     %eax, %edx
0x000f6e5e:  75 47                    jne      0xf6ea7

----------------
IN: 
0x000f6ea7:  66 53                    pushl    %ebx
0x000f6ea9:  67 66 8d 42 04           leal     4(%edx), %eax
0x000f6eae:  66 89 c1                 movl     %eax, %ecx
0x000f6eb1:  66 c1 e9 04              shrl     $4, %ecx
0x000f6eb5:  8e c1                    movw     %cx, %es
0x000f6eb7:  66 83 e0 0f              andl     $0xf, %eax
0x000f6ebb:  26 67 8b 08              movw     %es:(%eax), %cx
0x000f6ebf:  67 66 8d 42 02           leal     2(%edx), %eax
0x000f6ec4:  66 89 c3                 movl     %eax, %ebx
0x000f6ec7:  66 c1 eb 04              shrl     $4, %ebx
0x000f6ecb:  8e c3                    movw     %bx, %es
0x000f6ecd:  66 83 e0 0f              andl     $0xf, %eax
0x000f6ed1:  26 67 8b 00              movw     %es:(%eax), %ax
0x000f6ed5:  66 83 c2 06              addl     $6, %edx
0x000f6ed9:  66 89 d3                 movl     %edx, %ebx
0x000f6edc:  66 c1 eb 04              shrl     $4, %ebx
0x000f6ee0:  8e c3                    movw     %bx, %es
0x000f6ee2:  66 83 e2 0f              andl     $0xf, %edx
0x000f6ee6:  26 67 8b 12              movw     %es:(%edx), %dx
0x000f6eea:  66 c1 e1 10              shll     $0x10, %ecx
0x000f6eee:  66 0f b7 c0              movzwl   %ax, %eax
0x000f6ef2:  66 09 c8                 orl      %ecx, %eax
0x000f6ef5:  66 0f b7 d2              movzwl   %dx, %edx
0x000f6ef9:  66 5b                    popl     %ebx
0x000f6efb:  66 c3                    retl     

----------------
IN: 
0x000fb058:  66 89 e9                 movl     %ebp, %ecx
0x000fb05b:  66 0f b6 c9              movzbl   %cl, %ecx
0x000fb05f:  39 c1                    cmpw     %ax, %cx
0x000fb061:  67 0f 93 44 24 03        setae    3(%esp)
0x000fb067:  66 89 f9                 movl     %edi, %ecx
0x000fb06a:  66 0f b6 c9              movzbl   %cl, %ecx
0x000fb06e:  39 ca                    cmpw     %cx, %dx
0x000fb070:  0f 92 c1                 setb     %cl
0x000fb073:  67 0a 4c 24 03           orb      3(%esp), %cl
0x000fb078:  75 0b                    jne      0xfb085

----------------
IN: 
0x000fb07a:  66 89 c1                 movl     %eax, %ecx
0x000fb07d:  66 c1 e9 10              shrl     $0x10, %ecx
0x000fb081:  39 cb                    cmpw     %cx, %bx
0x000fb083:  72 08                    jb       0xfb08d

----------------
IN: 
0x000fb08d:  66 0f bf db              movswl   %bx, %ebx
0x000fb091:  66 0f b7 c0              movzwl   %ax, %eax
0x000fb095:  66 0f af d8              imull    %eax, %ebx
0x000fb099:  66 89 e8                 movl     %ebp, %eax
0x000fb09c:  66 0f b6 e8              movzbl   %al, %ebp
0x000fb0a0:  66 01 eb                 addl     %ebp, %ebx
0x000fb0a3:  66 0f b7 d2              movzwl   %dx, %edx
0x000fb0a7:  66 0f af da              imull    %edx, %ebx
0x000fb0ab:  66 89 f8                 movl     %edi, %eax
0x000fb0ae:  66 0f b6 f8              movzbl   %al, %edi
0x000fb0b2:  67 66 8d 44 3b ff        leal     -1(%ebx, %edi), %eax
0x000fb0b8:  67 66 89 44 24 10        movl     %eax, 0x10(%esp)
0x000fb0be:  66 31 c0                 xorl     %eax, %eax
0x000fb0c1:  67 66 89 44 24 14        movl     %eax, 0x14(%esp)
0x000fb0c7:  67 66 0f b7 46 02        movzwl   2(%esi), %eax
0x000fb0cd:  66 c1 e0 04              shll     $4, %eax
0x000fb0d1:  67 66 0f b7 56 10        movzwl   0x10(%esi), %edx
0x000fb0d7:  66 01 d0                 addl     %edx, %eax
0x000fb0da:  67 66 89 44 24 04        movl     %eax, 4(%esp)
0x000fb0e0:  67 66 8d 44 24 04        leal     4(%esp), %eax
0x000fb0e6:  66 e8 4c fb ff ff        calll    0xfac38

----------------
IN: 
0x000fac38:  66 55                    pushl    %ebp
0x000fac3a:  66 57                    pushl    %edi
0x000fac3c:  66 56                    pushl    %esi
0x000fac3e:  66 53                    pushl    %ebx
0x000fac40:  66 51                    pushl    %ecx
0x000fac42:  66 89 c6                 movl     %eax, %esi
0x000fac45:  67 66 0f b7 78 0a        movzwl   0xa(%eax), %edi
0x000fac4b:  67 66 8b 58 04           movl     4(%eax), %ebx
0x000fac50:  67 66 8d 43 1a           leal     0x1a(%ebx), %eax
0x000fac55:  66 89 c2                 movl     %eax, %edx
0x000fac58:  66 c1 ea 04              shrl     $4, %edx
0x000fac5c:  8e c2                    movw     %dx, %es
0x000fac5e:  66 83 e0 0f              andl     $0xf, %eax
0x000fac62:  26 67 8b 00              movw     %es:(%eax), %ax
0x000fac66:  66 0f b7 c0              movzwl   %ax, %eax
0x000fac6a:  66 0f af c7              imull    %edi, %eax
0x000fac6e:  66 3d 00 00 01 00        cmpl     $0x10000, %eax
0x000fac74:  7e 0f                    jle      0xfac85

----------------
IN: 
0x000fac85:  66 89 d8                 movl     %ebx, %eax
0x000fac88:  66 c1 e8 04              shrl     $4, %eax
0x000fac8c:  8e c0                    movw     %ax, %es
0x000fac8e:  66 89 d8                 movl     %ebx, %eax
0x000fac91:  66 83 e0 0f              andl     $0xf, %eax
0x000fac95:  26 67 8a 00              movb     %es:(%eax), %al
0x000fac99:  3c 30                    cmpb     $0x30, %al
0x000fac9b:  0f 84 fc 01              je       0xfae9b

----------------
IN: 
0x000fac9f:  77 0d                    ja       0xfacae

----------------
IN: 
0x000faca1:  3c 10                    cmpb     $0x10, %al
0x000faca3:  74 12                    je       0xfacb7

----------------
IN: 
0x000faca5:  3c 20                    cmpb     $0x20, %al
0x000faca7:  0f 84 ab 00              je       0xfad56

----------------
IN: 
0x000fad56:  67 8a 46 08              movb     8(%esi), %al
0x000fad5a:  3c 03                    cmpb     $3, %al
0x000fad5c:  74 3b                    je       0xfad99

----------------
IN: 
0x000fad5e:  77 0e                    ja       0xfad6e

----------------
IN: 
0x000fad60:  84 c0                    testb    %al, %al
0x000fad62:  74 47                    je       0xfadab

----------------
IN: 
0x000fad64:  66 31 d2                 xorl     %edx, %edx
0x000fad67:  3c 02                    cmpb     $2, %al
0x000fad69:  74 34                    je       0xfad9f

----------------
IN: 
0x000fad9f:  66 89 f0                 movl     %esi, %eax
0x000fada2:  66 e8 8f fb ff ff        calll    0xfa937

----------------
IN: 
0x000fa937:  66 55                    pushl    %ebp
0x000fa939:  66 57                    pushl    %edi
0x000fa93b:  66 56                    pushl    %esi
0x000fa93d:  66 53                    pushl    %ebx
0x000fa93f:  66 83 ec 18              subl     $0x18, %esp
0x000fa943:  66 89 c3                 movl     %eax, %ebx
0x000fa946:  66 89 d5                 movl     %edx, %ebp
0x000fa949:  67 66 8b 70 0c           movl     0xc(%eax), %esi
0x000fa94e:  67 66 8b 78 10           movl     0x10(%eax), %edi
0x000fa953:  67 66 8d 44 24 0c        leal     0xc(%esp), %eax
0x000fa959:  66 b9 0c 00 00 00        movl     $0xc, %ecx
0x000fa95f:  66 31 d2                 xorl     %edx, %edx
0x000fa962:  66 e8 16 c8 ff ff        calll    0xf717e

----------------
IN: 
0x000fa968:  67 66 0f b7 43 0a        movzwl   0xa(%ebx), %eax
0x000fa96e:  67 89 44 24 02           movw     %ax, 2(%esp)
0x000fa973:  3d ff 00                 cmpw     $0xff, %ax
0x000fa976:  77 33                    ja       0xfa9ab

----------------
IN: 
0x000fa978:  66 89 f2                 movl     %esi, %edx
0x000fa97b:  66 89 f9                 movl     %edi, %ecx
0x000fa97e:  66 01 c2                 addl     %eax, %edx
0x000fa981:  66 83 d1 00              adcl     $0, %ecx
0x000fa985:  67 66 89 54 24 04        movl     %edx, 4(%esp)
0x000fa98b:  67 66 89 4c 24 08        movl     %ecx, 8(%esp)
0x000fa991:  66 b8 ff ff ff 0f        movl     $0xfffffff, %eax
0x000fa997:  67 66 3b 44 24 04        cmpl     4(%esp), %eax
0x000fa99d:  66 b8 00 00 00 00        movl     $0, %eax
0x000fa9a3:  67 66 1b 44 24 08        sbbl     8(%esp), %eax
0x000fa9a9:  73 40                    jae      0xfa9eb

----------------
IN: 
0x000fa9eb:  b0 20                    movb     $0x20, %al
0x000fa9ed:  66 85 ed                 testl    %ebp, %ebp
0x000fa9f0:  74 02                    je       0xfa9f4

----------------
IN: 
0x000fa9f4:  67 88 44 24 12           movb     %al, 0x12(%esp)
0x000fa9f9:  67 8a 44 24 02           movb     2(%esp), %al
0x000fa9fe:  67 88 44 24 0d           movb     %al, 0xd(%esp)
0x000faa03:  67 89 74 24 0e           movw     %si, 0xe(%esp)
0x000faa08:  66 89 f0                 movl     %esi, %eax
0x000faa0b:  66 89 fa                 movl     %edi, %edx
0x000faa0e:  66 0f ac d0 10           shrdl    $0x10, %edx, %eax
0x000faa13:  66 c1 ea 10              shrl     $0x10, %edx
0x000faa17:  67 88 44 24 10           movb     %al, 0x10(%esp)
0x000faa1c:  66 0f ac fe 18           shrdl    $0x18, %edi, %esi
0x000faa21:  66 c1 ef 18              shrl     $0x18, %edi
0x000faa25:  66 83 e6 0f              andl     $0xf, %esi
0x000faa29:  66 89 f0                 movl     %esi, %eax
0x000faa2c:  66 83 c8 40              orl      $0x40, %eax
0x000faa30:  67 88 44 24 11           movb     %al, 0x11(%esp)
0x000faa35:  67 66 8b 4b 04           movl     4(%ebx), %ecx
0x000faa3a:  2e 67 66 8b 81 2c 00 f1  movl     %cs:-0xeffd4(%ecx), %eax
0x000faa42:  ff
0x000faa43:  2e 67 8b b8 00 00 f1 ff  movw     %cs:-0xf0000(%eax), %di
0x000faa4b:  2e 67 8b b0 02 00 f1 ff  movw     %cs:-0xefffe(%eax), %si
0x000faa53:  66 83 c6 02              addl     $2, %esi
0x000faa57:  b0 0a                    movb     $0xa, %al
0x000faa59:  66 89 f2                 movl     %esi, %edx
0x000faa5c:  ee                       outb     %al, %dx

----------------
IN: 
0x000faa5d:  67 66 8d 54 24 0c        leal     0xc(%esp), %edx
0x000faa63:  66 89 c8                 movl     %ecx, %eax
0x000faa66:  66 e8 77 fc ff ff        calll    0xfa6e3

----------------
IN: 
0x000fa6e3:  66 55                    pushl    %ebp
0x000fa6e5:  66 57                    pushl    %edi
0x000fa6e7:  66 56                    pushl    %esi
0x000fa6e9:  66 53                    pushl    %ebx
0x000fa6eb:  66 83 ec 08              subl     $8, %esp
0x000fa6ef:  66 89 d3                 movl     %edx, %ebx
0x000fa6f2:  2e 67 66 8b 90 2c 00 f1  movl     %cs:-0xeffd4(%eax), %edx
0x000fa6fa:  ff
0x000fa6fb:  2e 67 8a 80 30 00 f1 ff  movb     %cs:-0xeffd0(%eax), %al
0x000fa703:  66 89 c7                 movl     %eax, %edi
0x000fa706:  2e 67 8b aa 00 00 f1 ff  movw     %cs:-0xf0000(%edx), %bp
0x000fa70e:  66 0f b7 c5              movzwl   %bp, %eax
0x000fa712:  66 e8 3e ff ff ff        calll    0xfa656

----------------
IN: 
0x000fa656:  66 0f b7 c8              movzwl   %ax, %ecx
0x000fa65a:  66 31 d2                 xorl     %edx, %edx
0x000fa65d:  66 b8 80 00 00 00        movl     $0x80, %eax
0x000fa663:  e9 80 ff                 jmp      0xfa5e6

----------------
IN: 
0x000fa5e6:  66 55                    pushl    %ebp
0x000fa5e8:  66 57                    pushl    %edi
0x000fa5ea:  66 56                    pushl    %esi
0x000fa5ec:  66 53                    pushl    %ebx
0x000fa5ee:  66 89 c3                 movl     %eax, %ebx
0x000fa5f1:  66 89 d6                 movl     %edx, %esi
0x000fa5f4:  66 89 cf                 movl     %ecx, %edi
0x000fa5f7:  66 b8 00 7d 00 00        movl     $0x7d00, %eax
0x000fa5fd:  66 e8 41 d0 ff ff        calll    0xf7644

----------------
IN: 
0x000f7644:  66 53                    pushl    %ebx
0x000f7646:  66 89 c3                 movl     %eax, %ebx
0x000f7649:  66 e8 58 ff ff ff        calll    0xf75a7

----------------
IN: 
0x000f75a7:  2e 8b 16 d8 60           movw     %cs:0x60d8, %dx
0x000f75ac:  85 d2                    testw    %dx, %dx
0x000f75ae:  75 1b                    jne      0xf75cb

----------------
IN: 
0x000f75cb:  66 b9 80 da 00 00        movl     $0xda80, %ecx
0x000f75d1:  83 fa 40                 cmpw     $0x40, %dx
0x000f75d4:  74 2a                    je       0xf7600

----------------
IN: 
0x000f75d6:  66 ed                    inl      %dx, %eax

----------------
IN: 
0x000f75d8:  8e c1                    movw     %cx, %es
0x000f75da:  26 66 8b 16 b4 f1        movl     %es:0xf1b4, %edx
0x000f75e0:  66 31 d0                 xorl     %edx, %eax
0x000f75e3:  66 25 ff ff ff 00        andl     $0xffffff, %eax
0x000f75e9:  66 31 d0                 xorl     %edx, %eax
0x000f75ec:  66 39 d0                 cmpl     %edx, %eax
0x000f75ef:  73 06                    jae      0xf75f7

----------------
IN: 
0x000f75f7:  8e c1                    movw     %cx, %es
0x000f75f9:  26 66 a3 b4 f1           movl     %eax, %es:0xf1b4
0x000f75fe:  66 c3                    retl     

----------------
IN: 
0x000f764f:  2e 66 8b 16 dc 60        movl     %cs:0x60dc, %edx
0x000f7655:  66 0f af da              imull    %edx, %ebx
0x000f7659:  66 01 d8                 addl     %ebx, %eax
0x000f765c:  66 5b                    popl     %ebx
0x000f765e:  66 c3                    retl     

----------------
IN: 
0x000fa603:  66 89 c5                 movl     %eax, %ebp
0x000fa606:  67 66 8d 57 07           leal     7(%edi), %edx
0x000fa60b:  ec                       inb      %dx, %al

----------------
IN: 
0x000fa60c:  88 c2                    movb     %al, %dl
0x000fa60e:  66 21 da                 andl     %ebx, %edx
0x000fa611:  66 89 f1                 movl     %esi, %ecx
0x000fa614:  38 ca                    cmpb     %cl, %dl
0x000fa616:  75 06                    jne      0xfa61e

----------------
IN: 
0x000fa618:  66 0f b6 c0              movzbl   %al, %eax
0x000fa61c:  eb 2e                    jmp      0xfa64c

----------------
IN: 
0x000fa64c:  66 5b                    popl     %ebx
0x000fa64e:  66 5e                    popl     %esi
0x000fa650:  66 5f                    popl     %edi
0x000fa652:  66 5d                    popl     %ebp
0x000fa654:  66 c3                    retl     

----------------
IN: 
0x000fa718:  66 40                    incl     %eax
0x000fa71a:  75 07                    jne      0xfa723

----------------
IN: 
0x000fa723:  67 8a 43 05              movb     5(%ebx), %al
0x000fa727:  66 83 e0 4f              andl     $0x4f, %eax
0x000fa72b:  b1 a0                    movb     $0xa0, %cl
0x000fa72d:  66 89 fa                 movl     %edi, %edx
0x000fa730:  84 d2                    testb    %dl, %dl
0x000fa732:  74 02                    je       0xfa736

----------------
IN: 
0x000fa736:  66 09 c1                 orl      %eax, %ecx
0x000fa739:  67 66 8d 55 06           leal     6(%ebp), %edx
0x000fa73e:  ec                       inb      %dx, %al

----------------
IN: 
0x000fa73f:  66 89 c7                 movl     %eax, %edi
0x000fa742:  88 c8                    movb     %cl, %al
0x000fa744:  ee                       outb     %al, %dx

----------------
IN: 
0x000fa745:  66 31 f9                 xorl     %edi, %ecx
0x000fa748:  80 e1 10                 andb     $0x10, %cl
0x000fa74b:  75 62                    jne      0xfa7af

----------------
IN: 
0x000fa7af:  66 0f b7 c5              movzwl   %bp, %eax
0x000fa7b3:  66 e8 ad fe ff ff        calll    0xfa666

----------------
IN: 
0x000fa666:  66 56                    pushl    %esi
0x000fa668:  66 53                    pushl    %ebx
0x000fa66a:  66 89 c6                 movl     %eax, %esi
0x000fa66d:  66 e8 34 cf ff ff        calll    0xf75a7

----------------
IN: 
0x000fa673:  66 89 c1                 movl     %eax, %ecx
0x000fa676:  2e 66 a1 dc 60           movl     %cs:0x60dc, %eax
0x000fa67b:  66 69 c0 90 01 00 00     imull    $0x190, %eax, %eax
0x000fa682:  66 05 3f 42 0f 00        addl     $0xf423f, %eax
0x000fa688:  66 bb 40 42 0f 00        movl     $0xf4240, %ebx
0x000fa68e:  66 31 d2                 xorl     %edx, %edx
0x000fa691:  66 f7 f3                 divl     %ebx
0x000fa694:  67 66 8d 1c 08           leal     (%eax, %ecx), %ebx
0x000fa699:  66 89 d8                 movl     %ebx, %eax
0x000fa69c:  66 e8 98 48 00 00        calll    0xfef3a

----------------
IN: 
0x000fef3a:  66 53                    pushl    %ebx
0x000fef3c:  66 89 c3                 movl     %eax, %ebx
0x000fef3f:  66 e8 62 86 ff ff        calll    0xf75a7

----------------
IN: 
0x000fef45:  66 29 d8                 subl     %ebx, %eax
0x000fef48:  66 85 c0                 testl    %eax, %eax
0x000fef4b:  0f 9f c0                 setg     %al
0x000fef4e:  66 0f b6 c0              movzbl   %al, %eax
0x000fef52:  66 5b                    popl     %ebx
0x000fef54:  66 c3                    retl     

----------------
IN: 
0x000fa6a2:  66 85 c0                 testl    %eax, %eax
0x000fa6a5:  75 04                    jne      0xfa6ab

----------------
IN: 
0x000fa6ab:  66 0f b7 c6              movzwl   %si, %eax
0x000fa6af:  66 5b                    popl     %ebx
0x000fa6b1:  66 5e                    popl     %esi
0x000fa6b3:  e9 a0 ff                 jmp      0xfa656

----------------
IN: 
0x000fa7b9:  66 40                    incl     %eax
0x000fa7bb:  75 90                    jne      0xfa74d

----------------
IN: 
0x000fa74d:  67 8a 43 06              movb     6(%ebx), %al
0x000fa751:  67 88 04 24              movb     %al, (%esp)
0x000fa755:  67 66 8d 45 01           leal     1(%ebp), %eax
0x000fa75a:  67 89 44 24 04           movw     %ax, 4(%esp)
0x000fa75f:  67 66 8d 45 05           leal     5(%ebp), %eax
0x000fa764:  67 89 44 24 06           movw     %ax, 6(%esp)
0x000fa769:  67 66 8b 04 24           movl     (%esp), %eax
0x000fa76e:  66 25 ee 00 00 00        andl     $0xee, %eax
0x000fa774:  66 83 f8 24              cmpl     $0x24, %eax
0x000fa778:  75 46                    jne      0xfa7c0

----------------
IN: 
0x000fa7c0:  67 8a 03                 movb     (%ebx), %al
0x000fa7c3:  67 66 8b 54 24 04        movl     4(%esp), %edx
0x000fa7c9:  ee                       outb     %al, %dx

----------------
IN: 
0x000fa7ca:  67 8a 43 01              movb     1(%ebx), %al
0x000fa7ce:  67 66 8d 55 02           leal     2(%ebp), %edx
0x000fa7d3:  ee                       outb     %al, %dx

----------------
IN: 
0x000fa7d4:  67 8a 43 02              movb     2(%ebx), %al
0x000fa7d8:  67 66 8d 55 03           leal     3(%ebp), %edx
0x000fa7dd:  ee                       outb     %al, %dx

----------------
IN: 
0x000fa7de:  67 8a 43 03              movb     3(%ebx), %al
0x000fa7e2:  67 66 8d 55 04           leal     4(%ebp), %edx
0x000fa7e7:  ee                       outb     %al, %dx

----------------
IN: 
0x000fa7e8:  67 8a 43 04              movb     4(%ebx), %al
0x000fa7ec:  67 8b 54 24 06           movw     6(%esp), %dx
0x000fa7f1:  ee                       outb     %al, %dx

----------------
IN: 
0x000fa7f2:  67 66 8d 55 07           leal     7(%ebp), %edx
0x000fa7f7:  67 8a 04 24              movb     (%esp), %al
0x000fa7fb:  ee                       outb     %al, %dx

----------------
IN: 
0x000fa7fc:  66 31 c0                 xorl     %eax, %eax
0x000fa7ff:  66 83 c4 08              addl     $8, %esp
0x000fa803:  66 5b                    popl     %ebx
0x000fa805:  66 5e                    popl     %esi
0x000fa807:  66 5f                    popl     %edi
0x000fa809:  66 5d                    popl     %ebp
0x000fa80b:  66 c3                    retl     

----------------
IN: 
0x000faa6c:  66 85 c0                 testl    %eax, %eax
0x000faa6f:  74 0e                    je       0xfaa7f

----------------
IN: 
0x000faa7f:  66 0f b7 c7              movzwl   %di, %eax
0x000faa83:  66 e8 2d fc ff ff        calll    0xfa6b6

----------------
IN: 
0x000fa6b6:  66 0f b7 c0              movzwl   %ax, %eax
0x000fa6ba:  66 e8 a6 ff ff ff        calll    0xfa666

----------------
IN: 
0x000fa6c0:  66 83 f8 ff              cmpl     $-1, %eax
0x000fa6c4:  74 1b                    je       0xfa6e1

----------------
IN: 
0x000fa6c6:  a8 01                    testb    $1, %al
0x000fa6c8:  75 11                    jne      0xfa6db

----------------
IN: 
0x000fa6ca:  66 83 e0 08              andl     $8, %eax
0x000fa6ce:  66 83 f8 01              cmpl     $1, %eax
0x000fa6d2:  66 19 c0                 sbbl     %eax, %eax
0x000fa6d5:  66 83 e0 fb              andl     $0xfffffffb, %eax
0x000fa6d9:  66 c3                    retl     

----------------
IN: 
0x000faa89:  66 85 c0                 testl    %eax, %eax
0x000faa8c:  75 e3                    jne      0xfaa71

----------------
IN: 
0x000faa8e:  66 b9 00 02 00 00        movl     $0x200, %ecx
0x000faa94:  66 89 ea                 movl     %ebp, %edx
0x000faa97:  66 89 d8                 movl     %ebx, %eax
0x000faa9a:  66 e8 6d fd ff ff        calll    0xfa80d

----------------
IN: 
0x000fa80d:  66 55                    pushl    %ebp
0x000fa80f:  66 57                    pushl    %edi
0x000fa811:  66 56                    pushl    %esi
0x000fa813:  66 53                    pushl    %ebx
0x000fa815:  66 83 ec 18              subl     $0x18, %esp
0x000fa819:  66 89 c3                 movl     %eax, %ebx
0x000fa81c:  67 66 89 54 24 08        movl     %edx, 8(%esp)
0x000fa822:  67 66 89 4c 24 0c        movl     %ecx, 0xc(%esp)
0x000fa828:  67 66 8b 40 04           movl     4(%eax), %eax
0x000fa82d:  2e 67 66 8b 80 2c 00 f1  movl     %cs:-0xeffd4(%eax), %eax
0x000fa835:  ff
0x000fa836:  2e 67 8b 88 00 00 f1 ff  movw     %cs:-0xf0000(%eax), %cx
0x000fa83e:  67 89 4c 24 10           movw     %cx, 0x10(%esp)
0x000fa843:  2e 67 8b 80 02 00 f1 ff  movw     %cs:-0xefffe(%eax), %ax
0x000fa84b:  67 89 44 24 12           movw     %ax, 0x12(%esp)
0x000fa850:  67 66 0f b7 6b 0a        movzwl   0xa(%ebx), %ebp
0x000fa856:  67 66 8b 03              movl     (%ebx), %eax
0x000fa85a:  67 66 89 04 24           movl     %eax, (%esp)
0x000fa85f:  67 66 8b 44 24 0c        movl     0xc(%esp), %eax
0x000fa865:  66 d1 f8                 sarl     $1, %eax
0x000fa868:  67 66 89 44 24 04        movl     %eax, 4(%esp)
0x000fa86e:  66 0f b7 c1              movzwl   %cx, %eax
0x000fa872:  67 66 89 44 24 14        movl     %eax, 0x14(%esp)
0x000fa878:  67 66 8b 04 24           movl     (%esp), %eax
0x000fa87d:  66 c1 e8 04              shrl     $4, %eax
0x000fa881:  67 66 8b 3c 24           movl     (%esp), %edi
0x000fa886:  66 83 e7 0f              andl     $0xf, %edi
0x000fa88a:  67 66 83 7c 24 08 00     cmpl     $0, 8(%esp)
0x000fa891:  74 17                    je       0xfa8aa

----------------
IN: 
0x000fa8aa:  8e c0                    movw     %ax, %es
0x000fa8ac:  67 66 8b 4c 24 04        movl     4(%esp), %ecx
0x000fa8b2:  67 66 8b 54 24 10        movl     0x10(%esp), %edx
0x000fa8b8:  67 f3 6d                 rep insw %dx, %es:(%edi)

----------------
IN: 
0x000fa8bb:  67 8b 44 24 12           movw     0x12(%esp), %ax
0x000fa8c0:  67 66 8d 50 02           leal     2(%eax), %edx
0x000fa8c5:  ec                       inb      %dx, %al

----------------
IN: 
0x000fa8c6:  67 66 8b 44 24 14        movl     0x14(%esp), %eax
0x000fa8cc:  66 e8 84 fd ff ff        calll    0xfa656

----------------
IN: 
0x000fa8d2:  66 83 f8 ff              cmpl     $-1, %eax
0x000fa8d6:  75 06                    jne      0xfa8de

----------------
IN: 
0x000fa8de:  66 4d                    decl     %ebp
0x000fa8e0:  74 25                    je       0xfa907

----------------
IN: 
0x000fa907:  67 66 83 7c 24 08 00     cmpl     $0, 8(%esp)
0x000fa90e:  74 08                    je       0xfa918

----------------
IN: 
0x000fa918:  66 25 89 00 00 00        andl     $0x89, %eax
0x000fa91e:  66 85 c0                 testl    %eax, %eax
0x000fa921:  74 06                    je       0xfa929

----------------
IN: 
0x000fa929:  66 83 c4 18              addl     $0x18, %esp
0x000fa92d:  66 5b                    popl     %ebx
0x000fa92f:  66 5e                    popl     %esi
0x000fa931:  66 5f                    popl     %edi
0x000fa933:  66 5d                    popl     %ebp
0x000fa935:  66 c3                    retl     

----------------
IN: 
0x000faaa0:  66 89 c1                 movl     %eax, %ecx
0x000faaa3:  b0 08                    movb     $8, %al
0x000faaa5:  66 89 f2                 movl     %esi, %edx
0x000faaa8:  ee                       outb     %al, %dx

----------------
IN: 
0x000faaa9:  66 85 c9                 testl    %ecx, %ecx
0x000faaac:  75 c9                    jne      0xfaa77

----------------
IN: 
0x000faaae:  66 89 c8                 movl     %ecx, %eax
0x000faab1:  66 83 c4 18              addl     $0x18, %esp
0x000faab5:  66 5b                    popl     %ebx
0x000faab7:  66 5e                    popl     %esi
0x000faab9:  66 5f                    popl     %edi
0x000faabb:  66 5d                    popl     %ebp
0x000faabd:  66 c3                    retl     

----------------
IN: 
0x000fada8:  e9 04 01                 jmp      0xfaeaf

----------------
IN: 
0x000faeaf:  66 85 c0                 testl    %eax, %eax
0x000faeb2:  0f 85 e3 00              jne      0xfaf99

----------------
IN: 
0x000faeb6:  66 31 c0                 xorl     %eax, %eax
0x000faeb9:  e9 ee 00                 jmp      0xfafaa

----------------
IN: 
0x000fafaa:  66 5a                    popl     %edx
0x000fafac:  66 5b                    popl     %ebx
0x000fafae:  66 5e                    popl     %esi
0x000fafb0:  66 5f                    popl     %edi
0x000fafb2:  66 5d                    popl     %ebp
0x000fafb4:  66 c3                    retl     

----------------
IN: 
0x000fb0ec:  67 8a 5c 24 0e           movb     0xe(%esp), %bl
0x000fb0f1:  67 88 5e 1c              movb     %bl, 0x1c(%esi)
0x000fb0f5:  80 cc 9e                 orb      $0x9e, %ah
0x000fb0f8:  66 89 c2                 movl     %eax, %edx
0x000fb0fb:  66 89 f0                 movl     %esi, %eax
0x000fb0fe:  66 e8 c7 bf ff ff        calll    0xf70cb

----------------
IN: 
0x000f70cb:  66 b9 40 00 00 00        movl     $0x40, %ecx
0x000f70d1:  67 80 78 14 00           cmpb     $0, 0x14(%eax)
0x000f70d6:  78 09                    js       0xf70e1

----------------
IN: 
0x000f70e1:  8e c1                    movw     %cx, %es
0x000f70e3:  26 88 16 74 00           movb     %dl, %es:0x74
0x000f70e8:  84 d2                    testb    %dl, %dl
0x000f70ea:  74 0b                    je       0xf70f7

----------------
IN: 
0x000f70f7:  e9 a5 fa                 jmp      0xf6b9f

----------------
IN: 
0x000fb104:  66 83 c4 18              addl     $0x18, %esp
0x000fb108:  66 5b                    popl     %ebx
0x000fb10a:  66 5e                    popl     %esi
0x000fb10c:  66 5f                    popl     %edi
0x000fb10e:  66 5d                    popl     %ebp
0x000fb110:  66 c3                    retl     

----------------
IN: 
0x000fd064:  cb                       lretw    

----------------
IN: 
0x000ef0a0:  f6 44 24 26 01           testb    $1, 0x26(%esp)
0x000ef0a5:  74 07                    je       0xef0ae

----------------
IN: 
0x000ef0ae:  85 f6                    testl    %esi, %esi
0x000ef0b0:  74 1b                    je       0xef0cd

----------------
IN: 
0x000ef0b2:  66 81 3d fe 7d 00 00 55  cmpw     $0xaa55, 0x7dfe
0x000ef0ba:  aa
0x000ef0bb:  74 10                    je       0xef0cd

----------------
IN: 
0x000ef0cd:  80 3d 81 99 0e 00 00     cmpb     $0, 0xe9981
0x000ef0d4:  74 6b                    je       0xef141

----------------
IN: 
0x000ef141:  0f b6 d3                 movzbl   %bl, %edx
0x000ef144:  b8 00 7c 00 00           movl     $0x7c00, %eax
0x000ef149:  e8 ac fe ff ff           calll    0xeeffa

----------------
IN: 
0x000eeffa:  56                       pushl    %esi
0x000eeffb:  53                       pushl    %ebx
0x000eeffc:  83 ec 28                 subl     $0x28, %esp

----------------
IN: 
0x000eefff:  89 c3                    movl     %eax, %ebx

----------------
IN: 
0x000ef001:  89 d6                    movl     %edx, %esi
0x000ef003:  0f b7 c0                 movzwl   %ax, %eax
0x000ef006:  50                       pushl    %eax
0x000ef007:  89 d8                    movl     %ebx, %eax
0x000ef009:  c1 e8 10                 shrl     $0x10, %eax
0x000ef00c:  50                       pushl    %eax
0x000ef00d:  68 27 26 0f 00           pushl    $0xf2627
0x000ef012:  e8 0b df ff ff           calll    0xecf22

----------------
IN: 
0x000ef017:  b9 26 00 00 00           movl     $0x26, %ecx
0x000ef01c:  31 d2                    xorl     %edx, %edx
0x000ef01e:  8d 44 24 0e              leal     0xe(%esp), %eax
0x000ef022:  e8 ff c6 ff ff           calll    0xeb726

----------------
IN: 
0x000ef027:  66 c7 44 24 32 00 02     movw     $0x200, 0x32(%esp)
0x000ef02e:  89 5c 24 2e              movl     %ebx, 0x2e(%esp)
0x000ef032:  89 f0                    movl     %esi, %eax
0x000ef034:  88 44 24 22              movb     %al, 0x22(%esp)
0x000ef038:  66 c7 44 24 2a 55 aa     movw     $0xaa55, 0x2a(%esp)
0x000ef03f:  31 c0                    xorl     %eax, %eax
0x000ef041:  e8 0b d9 ff ff           calll    0xec951

----------------
IN: 
0x000ec983:  c6 05 1e a2 0e 00 01     movb     $1, 0xea21e
0x000ec98a:  5b                       popl     %ebx
0x000ec98b:  c3                       retl     

----------------
IN: 
0x000ef046:  b9 42 81 0f 00           movl     $0xf8142, %ecx
0x000ef04b:  31 d2                    xorl     %edx, %edx
0x000ef04d:  8d 44 24 0e              leal     0xe(%esp), %eax
0x000ef051:  e8 3c da ff ff           calll    0xeca92

----------------
IN: 
0x00007c00:  fa                       cli      
0x00007c01:  31 c0                    xorw     %ax, %ax
0x00007c03:  8e d8                    movw     %ax, %ds
0x00007c05:  8e c0                    movw     %ax, %es
0x00007c07:  8e d0                    movw     %ax, %ss

----------------
IN: 
0x00007c09:  bc 00 7c                 movw     $0x7c00, %sp

----------------
IN: 
0x00007c0c:  fb                       sti      

----------------
IN: 
0x00007c0d:  c6 06 00 06 10           movb     $0x10, 0x600

----------------
IN: 
0x00007c12:  c6 06 01 06 00           movb     $0, 0x601
0x00007c17:  c7 06 02 06 1d 00        movw     $0x1d, 0x602
0x00007c1d:  c7 06 04 06 00 80        movw     $0x8000, 0x604
0x00007c23:  c7 06 06 06 00 00        movw     $0, 0x606
0x00007c29:  66 c7 06 08 06 01 00 00  movl     $1, 0x608
0x00007c31:  00
0x00007c32:  66 c7 06 0c 06 00 00 00  movl     $0, 0x60c
0x00007c3a:  00
0x00007c3b:  b4 42                    movb     $0x42, %ah
0x00007c3d:  be 00 06                 movw     $0x600, %si
0x00007c40:  b2 80                    movb     $0x80, %dl
0x00007c42:  cd 13                    int      $0x13

----------------
IN: 
0x000fb411:  80 fa 45                 cmpb     $0x45, %dl
0x000fb414:  0f 84 35 01              je       0xfb54d

----------------
IN: 
0x000fb418:  66 89 c3                 movl     %eax, %ebx
0x000fb41b:  77 3e                    ja       0xfb45b

----------------
IN: 
0x000fb41d:  80 fa 42                 cmpb     $0x42, %dl
0x000fb420:  0f 84 20 01              je       0xfb544

----------------
IN: 
0x000fb544:  66 b9 02 00 00 00        movl     $2, %ecx
0x000fb54a:  e9 d5 00                 jmp      0xfb622

----------------
IN: 
0x000fb622:  66 89 f2                 movl     %esi, %edx
0x000fb625:  66 89 d8                 movl     %ebx, %eax
0x000fb628:  66 5b                    popl     %ebx
0x000fb62a:  66 5e                    popl     %esi
0x000fb62c:  e9 74 fc                 jmp      0xfb2a3

----------------
IN: 
0x000fb2a3:  66 55                    pushl    %ebp
0x000fb2a5:  66 57                    pushl    %edi
0x000fb2a7:  66 56                    pushl    %esi
0x000fb2a9:  66 53                    pushl    %ebx
0x000fb2ab:  66 83 ec 14              subl     $0x14, %esp
0x000fb2af:  66 89 c3                 movl     %eax, %ebx
0x000fb2b2:  67 66 0f b7 70 08        movzwl   8(%eax), %esi
0x000fb2b8:  67 8e 00                 movw     (%eax), %es
0x000fb2bb:  88 c8                    movb     %cl, %al
0x000fb2bd:  26 67 66 8b 4e 08        movl     %es:8(%esi), %ecx
0x000fb2c3:  26 67 66 8b 6e 0c        movl     %es:0xc(%esi), %ebp
0x000fb2c9:  67 66 89 4c 24 0c        movl     %ecx, 0xc(%esp)
0x000fb2cf:  67 66 89 6c 24 10        movl     %ebp, 0x10(%esp)
0x000fb2d5:  67 88 44 24 08           movb     %al, 8(%esp)
0x000fb2da:  67 66 89 54 24 04        movl     %edx, 4(%esp)
0x000fb2e0:  66 83 c2 0c              addl     $0xc, %edx
0x000fb2e4:  66 89 d7                 movl     %edx, %edi
0x000fb2e7:  66 c1 ef 04              shrl     $4, %edi
0x000fb2eb:  8e c7                    movw     %di, %es
0x000fb2ed:  66 83 e2 0f              andl     $0xf, %edx
0x000fb2f1:  26 67 66 8b 3a           movl     %es:(%edx), %edi
0x000fb2f6:  26 67 66 8b 52 04        movl     %es:4(%edx), %edx
0x000fb2fc:  66 39 f9                 cmpl     %edi, %ecx
0x000fb2ff:  66 19 d5                 sbbl     %edx, %ebp
0x000fb302:  66 ba 01 ad 00 00        movl     $0xad01, %edx
0x000fb308:  73 53                    jae      0xfb35d

----------------
IN: 
0x000fb30a:  67 8e 03                 movw     (%ebx), %es
0x000fb30d:  26 67 66 8b 56 04        movl     %es:4(%esi), %edx
0x000fb313:  66 89 d0                 movl     %edx, %eax
0x000fb316:  66 c1 e8 10              shrl     $0x10, %eax
0x000fb31a:  66 c1 e0 04              shll     $4, %eax
0x000fb31e:  66 0f b7 d2              movzwl   %dx, %edx
0x000fb322:  66 01 d0                 addl     %edx, %eax
0x000fb325:  67 66 89 04 24           movl     %eax, (%esp)
0x000fb32a:  67 8e 03                 movw     (%ebx), %es
0x000fb32d:  26 67 8b 46 02           movw     %es:2(%esi), %ax
0x000fb332:  67 89 44 24 0a           movw     %ax, 0xa(%esp)
0x000fb337:  66 ba 00 b5 00 00        movl     $0xb500, %edx
0x000fb33d:  85 c0                    testw    %ax, %ax
0x000fb33f:  74 1c                    je       0xfb35d

----------------
IN: 
0x000fb341:  66 89 e0                 movl     %esp, %eax
0x000fb344:  66 e8 ee f8 ff ff        calll    0xfac38

----------------
IN: 
0x000fa61e:  66 89 e8                 movl     %ebp, %eax
0x000fa621:  66 e8 13 49 00 00        calll    0xfef3a

----------------
IN: 
0x000fa627:  66 85 c0                 testl    %eax, %eax
0x000fa62a:  74 18                    je       0xfa644

----------------
IN: 
0x000fa644:  66 e8 ab e2 ff ff        calll    0xf88f5

----------------
IN: 
0x000fa64a:  eb ba                    jmp      0xfa606

----------------
IN: 
0x000fa606:  67 66 8d 57 07           leal     7(%edi), %edx
0x000fa60b:  ec                       inb      %dx, %al

----------------
IN: 
0x000fa8e2:  67 66 8b 54 24 0c        movl     0xc(%esp), %edx
0x000fa8e8:  67 66 01 14 24           addl     %edx, (%esp)
0x000fa8ed:  66 25 89 00 00 00        andl     $0x89, %eax
0x000fa8f3:  66 83 f8 08              cmpl     $8, %eax
0x000fa8f7:  0f 84 7d ff              je       0xfa878

----------------
IN: 
0x000fa878:  67 66 8b 04 24           movl     (%esp), %eax
0x000fa87d:  66 c1 e8 04              shrl     $4, %eax
0x000fa881:  67 66 8b 3c 24           movl     (%esp), %edi
0x000fa886:  66 83 e7 0f              andl     $0xf, %edi
0x000fa88a:  67 66 83 7c 24 08 00     cmpl     $0, 8(%esp)
0x000fa891:  74 17                    je       0xfa8aa

----------------
IN: 
0x000fb34a:  67 8e 03                 movw     (%ebx), %es
0x000fb34d:  67 8b 54 24 0a           movw     0xa(%esp), %dx
0x000fb352:  26 67 89 56 02           movw     %dx, %es:2(%esi)
0x000fb357:  80 cc bd                 orb      $0xbd, %ah
0x000fb35a:  66 89 c2                 movl     %eax, %edx
0x000fb35d:  66 89 d8                 movl     %ebx, %eax
0x000fb360:  66 e8 65 bd ff ff        calll    0xf70cb

----------------
IN: 
0x000fb366:  66 83 c4 14              addl     $0x14, %esp
0x000fb36a:  66 5b                    popl     %ebx
0x000fb36c:  66 5e                    popl     %esi
0x000fb36e:  66 5f                    popl     %edi
0x000fb370:  66 5d                    popl     %ebp
0x000fb372:  66 c3                    retl     

----------------
IN: 
0x00007c44:  e4 92                    inb      $0x92, %al

----------------
IN: 
0x00007c46:  0c 02                    orb      $2, %al
0x00007c48:  e6 92                    outb     %al, $0x92

----------------
IN: 
0x00007c4a:  b4 0e                    movb     $0xe, %ah
0x00007c4c:  b0 48                    movb     $0x48, %al
0x00007c4e:  b3 07                    movb     $7, %bl
0x00007c50:  cd 10                    int      $0x10

----------------
IN: 
0x00007c52:  b4 0e                    movb     $0xe, %ah
0x00007c54:  b0 4c                    movb     $0x4c, %al
0x00007c56:  b3 07                    movb     $7, %bl
0x00007c58:  cd 10                    int      $0x10

----------------
IN: 
0x00007c5a:  b4 0e                    movb     $0xe, %ah
0x00007c5c:  b0 21                    movb     $0x21, %al
0x00007c5e:  b3 07                    movb     $7, %bl
0x00007c60:  cd 10                    int      $0x10

----------------
IN: 
0x00007c62:  b4 0e                    movb     $0xe, %ah
0x00007c64:  b0 0d                    movb     $0xd, %al
0x00007c66:  b3 07                    movb     $7, %bl
0x00007c68:  cd 10                    int      $0x10

----------------
IN: 
0x00007c6a:  b4 0e                    movb     $0xe, %ah
0x00007c6c:  b0 0a                    movb     $0xa, %al
0x00007c6e:  b3 07                    movb     $7, %bl
0x00007c70:  cd 10                    int      $0x10

----------------
IN: 
0x00007c72:  ea 00 80 00 00           ljmpw    $0x0:$0x8000

----------------
IN: 
0x00008000:  fa                       cli      
0x00008001:  0f 01 16 ee 80           lgdtw    0x80ee
0x00008006:  0f 20 c0                 movl     %cr0, %eax
0x00008009:  66 83 c8 01              orl      $1, %eax
0x0000800d:  0f 22 c0                 movl     %eax, %cr0

Servicing hardware INT=0x08
----------------
IN: 
0x00008010:  ea 17 80 00 00           ljmpw    $0x0:$0x8017

check_exception old: 0xffffffff new 0xd
     0: v=0d e=0000 i=0 cpl=0 IP=0000:0000000000008010 pc=0000000000008010 SP=0000:0000000000007c00 env->regs[R_EAX]=0000000000000011
EAX=00000011 EBX=00000007 ECX=00000000 EDX=00000080
ESI=00000600 EDI=00000000 EBP=00000000 ESP=00007c00
EIP=00008010 EFL=00000006 [-----P-] CPL=0 II=0 A20=1 SMM=0 HLT=0
ES =0000 00000000 0000ffff 00009300 DPL=0 DS16 [-WA]
CS =0000 00000000 0000ffff 00009b00 DPL=0 CS16 [-RA]
SS =0000 00000000 0000ffff 00009300 DPL=0 DS16 [-WA]
DS =0000 00000000 0000ffff 00009300 DPL=0 DS16 [-WA]
FS =0000 00000000 0000ffff 00009300 DPL=0 DS16 [-WA]
GS =0000 00000000 0000ffff 00009300 DPL=0 DS16 [-WA]
LDT=0000 00000000 0000ffff 00008200 DPL=0 LDT
TR =0000 00000000 0000ffff 00008b00 DPL=0 TSS32-busy
GDT=     000080c6 00000027
IDT=     00000000 000003ff
CR0=00000011 CR2=00000000 CR3=00000000 CR4=00000000
DR0=0000000000000000 DR1=0000000000000000 DR2=0000000000000000 DR3=0000000000000000 
DR6=00000000ffff0ff0 DR7=0000000000000400
CCS=00000000 CCD=00000011 CCO=LOGICL
EFER=0000000000000000
check_exception old: 0xd new 0xd
     1: v=08 e=0000 i=0 cpl=0 IP=0000:0000000000008010 pc=0000000000008010 SP=0000:0000000000007c00 env->regs[R_EAX]=0000000000000011
EAX=00000011 EBX=00000007 ECX=00000000 EDX=00000080
ESI=00000600 EDI=00000000 EBP=00000000 ESP=00007c00
EIP=00008010 EFL=00000006 [-----P-] CPL=0 II=0 A20=1 SMM=0 HLT=0
ES =0000 00000000 0000ffff 00009300 DPL=0 DS16 [-WA]
CS =0000 00000000 0000ffff 00009b00 DPL=0 CS16 [-RA]
SS =0000 00000000 0000ffff 00009300 DPL=0 DS16 [-WA]
DS =0000 00000000 0000ffff 00009300 DPL=0 DS16 [-WA]
FS =0000 00000000 0000ffff 00009300 DPL=0 DS16 [-WA]
GS =0000 00000000 0000ffff 00009300 DPL=0 DS16 [-WA]
LDT=0000 00000000 0000ffff 00008200 DPL=0 LDT
TR =0000 00000000 0000ffff 00008b00 DPL=0 TSS32-busy
GDT=     000080c6 00000027
IDT=     00000000 000003ff
CR0=00000011 CR2=00000000 CR3=00000000 CR4=00000000
DR0=0000000000000000 DR1=0000000000000000 DR2=0000000000000000 DR3=0000000000000000 
DR6=00000000ffff0ff0 DR7=0000000000000400
CCS=00000000 CCD=00000011 CCO=LOGICL
EFER=0000000000000000
check_exception old: 0x8 new 0xd
